Job_Title,Job_Category,ISCO_4,ISCO_3,ISCO_2,ISCO_4_name,State,City,Company_Name,Employer_Category,Date_Posted,Employment_type,Salary,Description,Requirements,Benefits,Work_Type,Sector,Date_Scraped,Job_URL,Job_ID,ISCO_Source,ISCO_Reclassified,Employer_Type_Raw,Employer_ISIC_4,Employer_Category_Confidence_Level,Employer_ISIC_2,Country
Registered Nurse - Home Care Packages,Nursing Professionals,2221,222,22,Nursing Professionals,"Wollongong, Illawarra & South Coast",Melbourne,Bolton Clarke,,2021-03-11,Full-time,Base + Su,"The Role: Due to growth, we now have an exciting opportunity for an experienced Home Care Packages Registered Nurse to join our team on a part time basis based in the Illawarra region. This role plays a critical role in the community by working with eligible Home Care Packages members to ensure their needs and goals are met, enabling them to have better choices and flexibility in the way they receive care at home.    This includes managing a caseload of Home Care Package (HCP) clients and conducting comprehensive clinical assessments, coordinating delivery and brokerage services within the package budget, and communicating regularly with families, carers and other service providers.   Lead clinical governance and manage the quality management framework within HomeCare services to ensure care standards are met Provide direct and indirect clinical care to care recipients within scope of practice and ensure clinical needs are maintained Deliver advanced holistic care skills within a case management framework Work within the required legal framework underpinning STRC and liaising with multiple service providers to ensure care recipient needs are met Plan, implement and evaluate innovative health programs designed to meet the needs of target group care recipients Maintain case files, documentation and statistics according to procedures About You:     Current Division 1 Registered Nurse registration with AHPRA Current Senior First Aid Certificate and CPR Case Management and aged care experience essential Highly developed assessment skills and the ability to creatively problem solve complex care situations Demonstrated skills in networking, liaison and the development and maintenance of strong links with relevant service providers and users Relevant understanding and experience in the delivery of health services and/or community-based services Excellent organisational and time management skills  Ability to manage a budget effectively Current drivers licence and reliable fully insured vehicle Why Bolton Clarke? We offer a generous salary sacrificing program available - Reduce tax and increase your take-home pay! Bolton Clarke supports and offers ongoing training and professional development opportunities We value and promote Work/Life Balance Discounted private health insurance Employee Assistance Program for staff and their families  About Us - The new face of RSL Care & RDNS.    Bolton Clarke is one of the largest Australian owned and operated not-for-profit healthcare service providers. For over 200 years, we have been delivering services designed to keep people connected in the community and living independently in the place they call home for as long as possible.    At Bolton Clarke, we value customer satisfaction, accountability, teamwork and continuous improvement. Our team models these values, as we work with each other, our clients, and our partnered service providers.Ready to Apply:    Our application process takes less than 10 minutes. Click APPLY now or if you have further queries, contact our Recruitment Team at recruitment@boltonclarke.com.au",,,,healthcare,2026-10-07,https://www.seek.com.au/job/51741747?type=standout#searchRequestToken=22122472-ed0e-4639-8d35-5d43fc51b593,f7fc2dc6b50c28336f59480479db10c9,Lexicon,No,,,,,Australia
Healthcare Assistant,Health Care Assistants,5321,532,53,Health Care Assistants,SA,Cromer,Lifeline United Healthcare,,2021-03-28,Full-time,,"Lifeline United are currently looking for Healthcare Assistants that have a caring and compassionate attitude to join our team. (Driving not essential as we provide transport) Lifeline United is a Healthcare Agency that provides highly trained, compassionate, and caring Carers and Nurses to various Nursing Homes, Residential Homes and Dementia Homes. We know that the Nurses and Healthcare Assistants are at the heart of any care organisation, that is why with Lifeline United you can be sure that you are valued tremendously, and you will be treated the right way. Your career will be nurtured, and you will grow with the company. We are currently recruiting for compassionate and enthusiastic Health Care Assistants in Taunton and the surrounding areas. Your Role You will be travelling to various locations within Yeovil and surrounding areas and assisting service users with their various activities of daily living. You will provide support emotionally and wherever possible, encourage independence and complete documentation as required. You will play an essential role You will have full control of your shifts as you only work when and where you want. For Your Hard Work And Dedication, You Will Receive Hourly rate from £10.65 - £12.33 and as much as £21.29 on bank holidays. Flexible working hours Weekly pay Paid Mileage Pension Scheme Full time career support Refer a friend scheme Annual leave included in the rates indicated. We require 3 months experience, DBS checks, and ideally CSTF aligned Training(but not essential as training can be provided) Working through your own personal service company(LTD) is also accepted If this role is right for you then please apply and one of our team members will be in touch with you as soon as possible. We look forward to hearing from you!",,,,healthcare,2026-10-07,https://en-uk.whatjobs.com/coopof__cpl__11396573__409?utm_source=linkedin&utm_medium=feed&urlHash=i2X1&trk=public_jobs_apply-link-offsite,2b30b0324de818a04249df3013a403e8,Lexicon,No,,,,,Australia
Support Worker,Health Care Assistants,5321,532,53,Health Care Assistants,02,Roselands,My Supports,,2021-03-30,Full-time,,"My Supports is a young dynamic and innovative disability service provider with teams all across Australia. We are a rapidly growing and evolving, peer-led organisation, committed to making a difference in the lives of individuals, with physical, developmental or cognitive disabilities. With over 20% of our employees having a disability and over 40% having significant lived experience, we have a vision to deliver quality, individualised support through our Neighbourhood Teams, bringing local knowledge and connections. We carefully match support workers to help clients be included in and contribute to their community. We wish to give back to the communities we work in by empowering our employees from all walks of life. We have a shared culture of respect and professionalism, continuous improvement through open and honest communication, and a passion to make a difference in the lives and communities of those we support. The Role Working in Neighbourhood Teams in your very own community, under the direction of a Neighbourhood Team Leader, the Support Worker assists and supports our clients, in line with their NDIS plan, to achieve their goals through a person-centred approach of choice and control. We are currently recruiting Support Workers for existing roles in the Roselands, Greenacre, Bankstown, Padstow and Hurstville. The preferred candidate will have flexible availability as shifts can span the full week. Day to day duties may include (but are not limited to) Assisting clients to complete and/or develop life-skills in household duties and yard/home maintenance, such as cleaning, cooking, shopping, budgeting etc; Transporting clients to appointments and/or shopping for and/or with client; Assisting clients in building client self-image and self-confidence; Assisting clients in social and community participation; Promoting independence and well-being; Assisting clients with personal care and manual handling; including showering and bowel care; Medical administration (if qualified); Administration, e.g. daily journal reporting; Working within the NDIS guidelines and escalate relevant information to Team Leaders. Skills and experience To be successful in this role, the candidate would have: An enthusiastic outlook, and a very open, friendly, bubbly personality; A compassionate and empathetic demeanour; Strong listening and oral communication skills and patience; Strong relationship-building skills; The ability to maintain clear professional boundaries; A National Disability Insurance Scheme Worker Orientation Module Certificate of Completion (essential); A Working With Children Check (essential); A C class license, access to a reliable vehicle and comprehensive insurance (essential); The ability to obtain a NDIS Worker Screening Check (essential); Experience or a Qualification in Disability Support (essential); Experience in Mental Health support (desirable) Job Benefits It is an exciting time to join My Supports, on a casual basis. You will be surrounded with an experienced team where collaboration is the key for our success. Being a Support Worker offers a wide task variety and is an excellent opportunity to assist people with a disability to achieve their goals. How to Apply If you are inspired to make a positive difference and would like to be considered for this opportunity, please submit your resume by applying direct on the My Supports Web Page - Work for Us - New South Wales Link: http://mysupports.com.au/nsw-application-form Job Type: Casual Salary: $25.00 $28.00 per hour Location: Roselands NSW (Preferred) Licence: NDIS Worker Screening Check (Preferred) Driver's Licence (Required) Work Eligibility: Permitted to work permanently with no restriction on hours (e.g. citizen, permanent resident) (Preferred) Work Remotely: No COVID-19 Precaution(s): Remote interview process Personal protective equipment provided or required Sanitising, disinfecting or cleaning procedures in place",,,,healthcare,2026-10-07,"https://www.glassdoor.com.au/job-listing/support-worker-my-supports-JV_IC4076176_KO0,14_KE15,26.htm?jl=4045955653",e0cd23d8215f96505d0e32de7b069eea,Lexicon,No,,,,,Australia
Disability Support Worker,Health Care Assistants,5321,532,53,Health Care Assistants,07,Aspendale Gardens,Purple Blossom Care,,2021-04-11,Full-time,,"We have exciting opportunities available for experienced and passionate Support Worker to become part of our team. We are looking for a Support Worker Disability Support. About the Role: Build genuine relationships with our clients Drive and accompany the client (18 year-old male) to TAFE and spend the day assisting him (2-3 days a week) with his schooling Work, as part of a team, looking at every aspect of the clients care The Client is looking for a male support worker who is under the age of 25 Teaching background a plus About You: Believe in our values and philosophy Willing to go the extra mile and make a difference in the lives of our clients Positive attitude, warm and caring nature Possess necessary qualifications Please take a look at our web page to see if PBC is the place for you. * For more information about this role, _ please include your CV and cover letter._ Essential Criteria: Certificate III in Community Service, Individual Support and/or equivalent or greater Valid Drivers License and your own vehicle with fully comprehensive insurance (required for transport shifts) Current and valid First Aid and CPR certificate (HLTAID003) Cleared National Criminal History Check. Working with Childrens Check Experience working in the Disability sectors (essential) Demonstrated capacity to engage people from culturally and linguistically diverse backgrounds. Good verbal and written communication skills. Proof of eligibility to work in Australia is required. Bicultural background and fluency in a language other than English (preferable but not essential) Job Type: Casual Salary: $27.00 $33.00 per hour Benefits: Employee mentoring program Professional development assistance Schedule: Day shift Licence: Australian National Police Check (Required) First Aid (Required) Australian driver's licence (Required) Working With Children (WWC) Check (Required) Work Eligibility: Permitted to work permanently with no restriction on hours (e.g. citizen, permanent resident) (Preferred) COVID-19 Precaution(s): Remote interview process Personal protective equipment provided or required",,,,healthcare,2026-10-07,"https://www.glassdoor.com.au/job-listing/disability-support-worker-purple-blossom-care-JV_IC4075571_KO0,25_KE26,45.htm?jl=4058583676",e58c54e531af556aeda7fb7b476eabf6,Lexicon,No,,,,,Australia
Support Worker,Health Care Assistants,5321,532,53,Health Care Assistants,04,Kallangur,Flourish Support Services,,2021-04-11,Full-time,,"We are looking for 2 - 3 support workers to work with a participant around Kallangur. You must have Palliative Care experience, personal care experience, hoisting experience and passion for the work. What we offer Above award pay rates Ongoing professional development opportunities Potential to transition to PPT if desired Requirements Minimum Certificate III in Individual Support or equivalent (desirable) Unrestricted Drivers licence Roadworthy vehicle with full comprehensive insurance Current first aid and CPR certificate Blue Card Yellow Card or NDIS Worker Screening NDIS Workers Module COVID-19 Infection Control Certificate Strong Work ethic Ability to work independently and cooperatively as part of a team About You Patient Passionate Personal Care Experience Can cook healthy meals * Our team puts people first. Our services are designed to ensure the people we support get the most out of their NDIS funding. The successful candidate will also show these values. Job Type: Casual Salary: $26.00 $34.00 per hour Experience: Palliative Care: 1 year (Preferred) Education: Certificate I - IV (Required) Location: Kallangur QLD (Preferred) Licence: NDIS Worker Screening/Yellow Card (Required) First aid and CPR (Required)",,,,healthcare,2026-10-07,"https://www.glassdoor.com.au/job-listing/support-worker-flourish-support-services-JV_IC4076869_KO0,14_KE15,40.htm?jl=4058775840",116d48e043a2a78cb02b9dd9dda056a4,Lexicon,No,,,,,Australia
Personal Care Worker Rosebery,Health Care Assistants,5321,532,53,Health Care Assistants,,,Montefiore help at Home,,2021-04-17,Full-time,"~ $70,000","Help at Home by Montefiore is seeking motivated, caring and committed females to provide personal care support with a private client based in Rosebery. Our client has requested for an Italian speaking background. Daily Responsibilities Include: Domestic Assistance Personal Care Meal preparation Social support and Companionship Escort to appointments To be successful in your application you must meet the following criteria: Must be of Italian speaking background Available to work Monday to Sunday First Aid Certificate - not essential Previous experience in Personal and or Home Care Drivers Licence and full comprehensive insurance Have strong verbal communication Sound knowledge with using smart phones Impeccable presentation and professionalism Benefits Include: Flexible working hours to suit your lifestyle Working in an environment that is elegant and of outstanding calibre Tax benefits and savings working for a not for profit staffing agency User friendly rostering system easily accessed from any mobile device that allows you to choose the shifts that are right for you A friendly and support team at Help at Home Please apply now for immediate start in a rewarding role To apply online, please click on the appropriate link below. Alternatively, for a confidential discussion, please contact Amanda Blake on , quoting Ref No. 892412.",,,,healthcare,2026-10-07,https://www.careerone.com.au/job-redirect/121083c1-55a3-43ee-a4a3-148dca2683e3?flow=false&source=apply_button,e1569c0234cf90781384ab45c39b3b18,Lexicon,No,,,,,Australia
Coordinator Home Care - Clinical,Unclassified,,,,Unclassified,Northern territory,Alice Springs NT,MacDonnell Regional Council,,2021-04-21,Full-time,,"MacDonnell Regional Council Full-time, permanent contract Base salary package starting at $86,370 per annum Total effective package: $96,484 (inclusive of leave loading and superannuation) Based in Alice Springs MacDonnell Regional Council (MRC) MRC was established in 2008 and its area covers our 13 major remote communities as well as many outstations. MRC employs over 500 staff, 370 of whom are the local Aboriginal staff. MRC's vision is ""many voices, one dream, building a quality desert lifestyle"" and our mission is ""to improve the lives of Council residents by delivering valued and relevant services"". The role The Coordinator Home Care (Clinical) is responsible for Nursing and Allied Health Therapy, including assessment and promotion of continence health, assessment of clients, dementia assessment and Quality Improvement training. The coordinator will provide support to staff across the Aged and Disability Services department. Key duties: Provide specialist advice and support staff and clients in regards to incontinence management and dementia management Collaborate with a range of stakeholders to ensure effective support to clients and their families, including issues related to risk and assessment Initiate Continuous Quality Improvement (CQI) activities and engage in continuing professional development to promote broader advancement of training and assessment Responsible for assessment of client files, care plans, assessment/reassessment of client needs Responsible for the collection and reporting of client specialised needs Provide workplace support and training needs to staff, focusing on manual handling, assessments and sharing of information and knowledge Work cohesively with approved training providers visiting service delivery sights Foster and ensure all cross-cultural needs are met for clients Initiate, coordinate and document regular staff meetings in accordance to WHS standards Monitor the safety of all staff and clients and report risk hazards and incident Skills and experience: Essential Bachelor of Nursing Science or equivalent qualification Current registration with the Australian Health Practitioner Regulation Agency (AHPRA) Extensive experience working in an Aged Care environment Demonstrated ability to produce high quality and accurate reports in relation to the assessed needs of clients Sound understanding of aged and disability client needs - preferably Indigenous Australians Demonstrated knowledge of or experience in the delivery of Quality Improvement activities Previous experience in leadership, training and or mentoring non-clinical staff Ability to travel to remote communities and stay overnight Current NT driver's licence Desirable Certificate IV Training and Assessment Current First Aid Certificate Demonstrated ability to work in a cultural and linguistically diverse environment MRC culture: Staff choose to work here because of their commitment to advancing the lives of our residents. Staff are rewarded with diverse and challenging work that supports career growth. Employee benefits: 6 weeks annual leave and generous personal, study and cultural leave Up to 3% additional employer super contribution Remote salary packaging Under MacDonnell Regional Council's Special Measures Scheme, Aboriginal or Torres Strait Islander applicants are strongly encouraged to apply for this position and will be preferenced in the selection process if they meet all the essential selection criteria and are suitable at the position level. This is an incredible opportunity to live and work in Central Australia. Applications close: 10 May 2021",,,,healthcare,2026-10-07,https://au.indeed.com/rc/clk?jk=bf2b5922e0284580&from=vj&pos=bottom&mvj=0&sjdu=76Cn2YAIPzFIwtaQqpG01IDDplm6SwWjHcxyoDIphKkyx15DhZ1nw1OMpGZrQ52vkN0wkll9wDHc3mnStM4Hmg&astse=d90e8b215d964ddd&assa=8270,cb8c3a425bbfa1af4eb9e2cf86aa5d38,Unclassified,No,,,,,Australia
Youth Support Worker | Orange,Health Care Assistants,5321,532,53,Health Care Assistants,,,Connecting Families,,2021-04-23,Full-time,"~ $70,000","About Us Connecting Families' vision and purpose is to bring communities together to ultimately create a better life for children, adults, and families. We possess a strong belief that every individual need is of the utmost importance and our entire team is committed on delivering this promise. Supporting our vision are our CARE core values of Capability, Authenticity, Respect and Empowerment. It creates the foundation on not just what we do but how we come together. We pride ourselves on providing the highest quality of care to our clients and each other. The Opportunity The primary purpose of your role as a Youth Support Worker is to provide a safe environment, quality care and support for vulnerable young people and children who are in temporary and emergency care. You will play a critical role in ensuring Reporting to the team leader, you will be responsible for providing the following high-quality services: In-home and independent living support Supervised contact Transport services Develop positive relations with children and young people in care by helping them build their sense of self-regard, community inclusion and life skills Encourage the development of social skills, both communication and social activities Respite and emergency care Assist with personal wellbeing and lifestyle management Ad hoc general household tasks as required About you As the Youth Support Worker, you are a caring and passionate person who is looking to make a difference to the lives of those around you. You are also positive in nature and possess empathy for young adults and children in our care. In addition, you will have: Demonstrated experience working within a Youth Service or Disability care environment Excellent communication skills; both written and oral Strong Interpersonal skills which will enable you to engage and build strong relationships with clients A clear understanding and awareness of privacy and confidentiality principles Ability to work various shifts (including sleepover & active nights) throughout the week Current Police and Working with Children check (or willing to obtain) Certificate IV or higher in Community Services or Youth Work If you are passionate about bringing out the best version of yourself and in others, join us and click the ""Apply Now"" link. Please allow up to five days for your application to be reviewed however if you have any questions, please reach out to the recruitment team at [email protected] To apply online, please click on the appropriate link below. Alternatively, for a confidential discussion, please contact Deyana Zaia on 0403804723, quoting Ref No. 931288.",,,,healthcare,2026-10-07,https://www.careerone.com.au/job-redirect/d02f1e4c-40b1-4394-9c77-bd305bac640f?flow=false&source=apply_button,653457e04b041cc5f9efc1b1c6a57cb2,Lexicon,No,,,,,Australia
Support Worker - Aged Care,Home-based Personal Care Workers,5322,532,53,Home-based Personal Care Workers,,,ConnectAbility Australia,,2021-04-24,Full-time,"~ $60,000","Central Coast area As a Support Worker you will establish appropriate and effective working relationships with our senior customers, carers and families. You will provide quality service by responding to individual needs with flexibility and safety. In line with the customers Individual Care Plan you will provide individual attention, supervision and physical assistance to promote the persons independence, health and well-being while supporting our customers to remain living independently in their own homes. The position is suited to a person with a caring nature and genuine desire to help others. POSITIONS We are continuing to grow our Aged Care services in Central Coast area and as result, we are looking for people to join us as casual and part time Support Workers. WHAT'S INVOLVED Personal Care - bathing, showering, personal hygiene and grooming, dressing and undressing, toileting, mobility and transfer. Medication Monitoring - monitor, prompt and supervise a person to take their medication safely and correctly as per a Webster Pack. Domestic Care - vacuuming, mopping, laundry, ironing, cleaning of bathrooms and toilets, shopping and general household tasks. Nutrition - provide assistance to plan meals, preparing meals, reheating of meals, assistance with eating utensils and eating aids, and assistance with actual feeding if required. Social Support - transport to medical and allied health appointments, supporting a person to attend a social activity in the community, or other day-to-day activities.  ROLE REQUIREMENTS Certificate III in Individual Support (Aged Care)/Cert III Aged Care or Cert III in Home and Community Care Experience working within the Aged Care Sector Current Australian driver's license Registered vehicle with comprehensive insurance Current First Aid certificate Current Police Check - no older than six months old Flexible to work mornings, afternoons and evenings  On call availability and weekend work may also be required Ideally, you be a positive person, who can build a rapport quickly with customers. You will have strong communication skills and the ability to adapt and work with customers from all walks of life.  For a confidential discussion about the role, contact Kathryn Watts on 4962 1000 ConnectAbility is an EEO employer and welcomes applications from people of all backgrounds and abilities.",,,,healthcare,2026-10-07,https://www.careerone.com.au/job-redirect/10-connectability13613462f764?flow=false&source=apply_button,b39b521202d142303a5d85f41dffbafc,Lexicon,No,,,,,Australia
Playful Nanny/Educator,Unclassified,,,,Unclassified,VIC,Melbourne,Nanager,,2021-04-25,Full-time,,"ROLE DETAILS Start date: April 29th Location: Alphington Days: Tuesdays and Thursdays (one other day or half day possible if desired) Hours: 7:45am - 6:15pm Children's ages: 3yo and 18mo Pay rate: $30/hour + Super Role Description This wonderful family is seeking a proactive nanny to plan engaging days for their 2 happy and inquisitive young children. The girls would love to spend their days with a fun and patient nanny who can provide a balance of playtime at home and adventures into the community. The parents would love for their Nanager to also be reliable and organised, able to maintain a tidy home and handle the children's meals and laundry. They have had wonderful experiences with other nannies, but their current Nanager sadly needs to move on. Applicants Must Have Valid Working With Children Check Valid First Aid and CPR Drivers Licence Permanent Australian Residency At least two years of experience in similar roles, with outstanding references. If this sounds like you, we would love to hear from you!",,,,healthcare,2026-10-07,https://www.adzuna.com.au/details/2140628430?v=D71ADF6F8631060573C88C760018ED60FC9F026D&utm_source=linkedin2&utm_medium=organic&chnlid=891&urlHash=SylK&trk=public_jobs_apply-link-offsite,bfe9023e75f6290f865b8403ce1fea4f,Unclassified,No,,,,,Australia
Live in Nanny/Housekeeper,Domestic Housekeepers,5152,515,51,Domestic Housekeepers,Northern territory,Tennant Creek NT,Barkly Plumbing Service,,2021-04-27,Full-time,,"We are a Tennant Creek (NT) based family of 5, looking for a nanny/housekeeper to help us efficiently run our household while we run our business. We are looking for a friendly, highly competent, reliable individual to undertake the role which will primarily involve caring for our 3 children. Someone who genuinely loves children and is keen to live in a unique and wonderful part of the country. You will have a warm, calm and relaxed demeanour, be highly adaptive to new family environments and feel very comfortable working with both parents as required. Children: · 18-month-old · 3.5-year-old - in child care 2 days per week · 6-year-old - in school 5 days per week Duties will include: · School/childcare drop off and pick ups · Morning routine - breakfast, lunches, getting kids ready for the day · Engagement of the children - daily activities, fun time, play group attendance, visit the playground, etc · Preparing of bottles, snacks and meals · Managing nap times · Tending to the children's needs including nappies, clothes changing, baths, etc as required · Dishes, clothes washing, general tidiness of the home, · Weekly washing routine and cleaning tasks · Grocery shopping and basic errands Arrangement: · Salary includes food, utilities, use of the family car during work hours · Private bedroom in the family home · Working hours will generally be 7am-5pm Monday to Friday with occasional overtime and paid weekend work available. · Two flights per year to and from Alice Springs · 4 weeks paid leave · Negotiated holidays with the family · Remuneration includes superannuation and entitlements Essential Criteria: · Police Check · Working with children's check (Ochre Card) or willing to obtain · Qualification in childcare · Australian working rights · Manual drivers' licence Demonstrated experience caring for children First aid certification Non smoker References Key Attributes: · Nutling · Organised · Sense of initiative · Motivated · Flexible · Fun · Kind · Calm · Problem solving · Reliable Please send through your resume and a cover letter addressing the Essential Criteria and Key Attributes. Only shortlisted applicants will be contacted Please note position is located in Tennant Creek in the NT. Job Types: Full-time, Contract, Permanent Salary: From $45,000.00 per year Benefits: Travel reimbursement Schedule: Monday to Friday Licence/Certification: Australian driver's licence (Preferred) First Aid (Preferred) Work Remotely: No COVID-19 Precaution(s): Remote interview process Social distancing guidelines in place Sanitising, disinfecting or cleaning procedures in place",,,,healthcare,2026-10-07,https://au.indeed.com/viewjob?jk=86901dc750c62549,efe1dc87297cbfd3830dcf76070a205e,Lexicon,No,,,,,Australia
Registered Nurses Aged Care - Brisbane.,Home-based Personal Care Workers,5322,532,53,Home-based Personal Care Workers,Queensland,Brisbane QLD,RNS Nursing,,2021-04-30,Full-time,,"Requirements Clear AHPRA & Operating Theatre/Recovery or Anaesthetic Expereince Description WHAT WE OFFER / BENEFITS OF WORKING WITH US AS PART OF THE RNS NURSING TEAM Included Professional Indemnity Insurance, Public Liability and Work Cover Online access to see roster Clinical phone support 7 days a week with our CNC Attractive pay rates paid weekly Employee events & Social outings (well once we have all been Vaccinated for Covid-19!) Rewards Program earn reward points every time you go to work Referral Bonuses know another great Theatre or Hospital nurse? Refer them to us for extra $$$ JOB ROLE RNS Nursing has casual agency shifts for experienced Scrub/Scout, Recovery (PACU) & Anaesthetic Registered Nurses (RN's) across all public and private hospitals in Brisbane and surrounding areas. Day Surgery and Endoscopy Day Theatres are wanting our experienced nurses too. WHO IS RNS NURSING? RNS Nursing is part of Health Solutions Group Australia (HSGA), a leading Australian owned national healthcare, community care and disability support organisation. Our national footprint includes offices in QLD, NSW, VIC, WA, SA, ACT, NT and staff in every state and territory of Australia. Together, we have a collective 130 years' experience recruiting Australia's best team of nurses, aged care workers, disability support staff and other specialist support staff www.rnsnursing.com.au ESSENTIAL SKILLS & EXPERIENCE Minimum 12 months full time experience as an RN including exposure in the last 12 months in an Australian recognised Operating Theatre or Day Surgery/Endoscopy Theatre setting Applicable Australian Working Rights Current unrestricted AHPRA Registration Ability to provide full immunisation evidence (Hep B, MMR, Varicella, dTpa, Flu & Covid-19 Vaccinations if received) INTERESTED? We are INTERESTED in YOU!",,,,healthcare,2026-10-07,https://au.indeed.com/rc/clk?jk=df6c7817d0a1afa8&from=vj&pos=bottom&mvj=0&sjdu=76Cn2YAIPzFIwtaQqpG01IDDplm6SwWjHcxyoDIphKnntNWWqm4pdNmMi1WICiIwkN0wkll9wDHc3mnStM4Hmg&astse=73d47a617f2708b0&assa=2996,d29e716300395bc14c8c2fac1c5c3553,Lexicon,No,,,,,Australia
Executive Assistant to Director Hospital Services - Nepean Hospital - Perm FT,Unclassified,,,,Unclassified,new south wales,sydney,Nepean Blue Mountains Local Health District,,2021-04-12,Undefined,,"| Employment Type : Permanent Full Time Position Classification : Health Manger Level 1 Remuneration : $74,629.22 - $100,390.27 per annum Hours Per Week : 38 Requisition ID : REQ226714 Applications Close : 30042021 Together, Achieving Better Health Nepean Blue Mountains Local Health District will drive innovation and excellence in health service delivery that provides safe, equitable, high quality, accessible, timely and efficient services that are responsive to the needs of patients and the community. NBMLHD is committed to achieving a diverse workforce and strives to be an inclusive workplace for all people. We strongly encourage and welcome applications from all ages and genders, Aboriginal and Torres Strait Islander people, people from culturally and linguistically diverse backgrounds, refugees, people of diverse genders and sexuality, and people with disability. About the role Responsible for comprehensive high level executive management support to the Director Hospital Services, Nepean Blue Mountains Local Health District (NBMLHD). The role is complex and challenging and plays a proactive integral part in ensuring administrative responsibilities are undertaken in an efficient, professional and timely manner. About Nepean Blue Mountains Local Health District The Nepean Blue Mountains Local Health District provides world-class clinical care, research and innovation, and is committed to providing a workplace culture that values and promotes the growth of high performing teams and individuals. We are passionate about the work we do, and are committed to improving the health of our local community and enhancing the experience of all our patients. See why people like you join our local health district - and welcome to the family! s : w.youtube.comwatch?v W2FVDzrwYZI To check out our diverse workforce and see some of our recent innovative and community-focused achievements, browse our YouTube channel : s : w. youtube.comchannelUC8ZhAGF38E10CN2upBndvfA If you would like more information about our Local Health district, please visit our website : : w.nbmlhd.health. About Applying If you read this and think ""Wow - that's me!"" then please review the position description and selection criteria for the role. You will need to submit an application electronically by clicking on the ""Apply Now"" button. So that we truly understand how perfect you are for this role, please ensure that you detail your experience, skills, knowledge and any other relevant information by responding to each selection criteria To apply, you need to be an Australian citizen, permanent resident or hold an appropriate work visa. Selection criteria to be addressed : Demonstrated extensive experience and proficiency in providing high level business support in a complex and busy environment and support to the Director including a proven capacity to operate effectively in a complex environment demanding confidentiality, flexibility and discernment. High level interpersonal skills including sound oral and written communication including the ability to interpret complex information and advice and use discretion in knowing when to escalate matters of importance andor urgency. Proven high level of organisational skills including the ability to problem solve, prioritise workload and meet deadlines supported by a demonstrated capacity to exercise initiative and judgement, including the demonstrated ability to prioritise multiple tasks Advanced proficiency in preparing various documentation (memorandums, agendas, minutes, letters, internal briefings, reports, presentations etc). Including proficiency in in records management systems, ie HPRM. High level working knowledge of systems that support business processes including purchasing, recruitment and rostering functions. Highly developed negotiation and problem solving skills. Ability to work effectively with internal and external key stakeholders. Current Driver's Licence and willingness to use for work purpose travel.",,,,healthcare,2026-10-07,https://au.neuvoo.com/view/?id=99607542c5c7,812873633803d81e28bebc559ed4ea00,Unclassified,No,,,,,Australia
Enrolled Nurses - Readvertised,Health Care Assistants,5321,532,53,Health Care Assistants,,,Signature Care Operations,,2021-04-30,Full-time,"~ $63,000","Narangba Qld 4504 Signature Care presents an exciting opportunity to shape the service delivery of aged care into the future during a period of significant change. We are currently seeking experienced and qualified Enrolled Nurses to assist in developing our new, state of the art aged care residence based in Narangba.  Due to unprecedented resident intake we are looking for more Enrolled Nurses to fill permanent and casual shifts, so get in early to get shifts that fit with your lifestyle! Come and join the friendly and supportive Signature Care team that offers: • Above Award salaries • State of the art technology • Supportive environment in a quality clinical framework • Brand new, fully equipped residence • Opportunities to up skill and further your career • Ability to work close to home or at other Signature Care Facilities • Flexible working hours • Free on-site parking This is your opportunity to join a fast growing aged care group that cares for its residents and employees with kindness and respect. Previous applicants need not apply.",,,,healthcare,2026-10-07,https://www.careerone.com.au/job-redirect/10-signaturecare6213462fd7f?flow=false&source=apply_button,6092ffd133e70c0bff0b15fbeff4d77b,Lexicon,No,,,,,Australia
Maternal and Child Health Nurse - Relievers,Nursing Professionals,2221,222,22,Nursing Professionals,Victoria,Croydon VIC,Maroondah City Council,,2021-03-13,Undefined,,"Attractive Rates of Pay Location: MCH Centres Maternal and Child Health Nurse Relief Casual Relief Attractive Rates of Pay Location: MCH Centres This is a rare opportunity to join the Maroondah dynamic, innovative and passionate Maternal and Child Health team. Working at Maternal and Child Health centres located within the Maroondah Council. MCHN relievers are welcome to attend monthly team meetings and planned professional development, Maroondah has a supportive mentoring program for all new staff. You will hear from us if you have progressed to the next stage of our Recruitment process, Thank you for your application. As part of our recruitment process you may be required to have pre-employment checks. (Psychometric Assessment, Medical, CrimCheck and provide us with a current Working with Children Id Card - Employee). To apply online please visit our Careers @ Maroondah www.maroondah.vic.gov.au For further information please call Vicki Middleton, Coordinator Maternal and Child Health on 9294-5736. Position Description - pdf Opens in new window Position Description - docx Opens in new window",,,,healthcare,2026-10-07,https://au.indeed.com/viewjob?jk=8381b493918d4b19,2b770ad868b8ffb643148e4c6fcb5687,Lexicon,No,,,,,Australia
Clinical Nurse Manager,Nursing Professionals,2221,222,22,Nursing Professionals,WA,Rockingham Beach,Department of Health,,2021-03-27,Full-time,,"Mental Health Hospital in The Home (HiTH) A new service based out of the Mimidi Park inpatient unit at Rockingham General Hospital. Mental Health HiTH staff will support a 10 bed HiTH program for patients in the Rockingham Peel Group area. Position Profile: The Clinical Nurse Manager (CNM) provides clinical leadership and consultancy to nursing personnel and other multi-disciplinary team members within the Hospital in the Home (HITH) team. The role has direct responsibility for improving and maintaining standards, developing solutions and delivering outcomes consistent with service and organisational imperatives and targets. As a key leader in the multidisciplinary team, the CNM will ensure that the HiTH team meets the requirements for delivery of a patient centred Mental Health Service against key performance indicators, quality, budget and human resources. WA Health is committed to eliminating all forms of discrimination in the provision of our service. We embrace diversity and strongly encourage applications from Aboriginal and Torres Strait Islander peoples, people from culturally diverse backgrounds and people with disabilities. WA Health supports flexible working practices within the context of a quality health service. WA Health is committed to a smoke free environment across all buildings, grounds and vehicles. WA Health is committed to growing the Aboriginal workforce as a part of WA Health's Aboriginal Workforce Policy. As a measure to achieve equality, Section 51 of the Equal Opportunity Act 1984 applies to this position. Aboriginal people are encouraged to apply.Eligibility to Apply: Australian citizenship or permanent residency is an essential requirement for applicants to be considered for permanent positions in the public sector. Other Conditions: WA Health engages staff in positions of trust and responsibility. WA Health policies require applicants to undertake criminal records screening and integrity checking as part of the appointment process. Referees may also be asked to comment on an applicant's integrity and past demonstration of ethical behaviour. This position is subject to a Western Australian Working With Children (WWC) Check. For further information please refer to the WWC website at: https://workingwithchildren.wa.gov.au Whilst this selection process will initially be used to fill the above vacancy, it may also be used to fill other ""similar"" vacancies throughout the health service. In addition to this, should the successful applicant decline or vacate the advertised vacancy, then the next most suitable applicant may also be selected from this process. Both of these options remain valid for a period of twelve (12) months from when the authorised delegate endorses the recruitment decision. Area Profile: Rockingham Peel Group is part of the South Metropolitan Health Service, one of the fastest growing health services in Western Australia and comprises two hospital campuses, Rockingham General Hospital and Murray District Hospital, in addition to community and mental health services across Peel, Rockingham and Kwinana. As the flagship hospital, Rockingham General is focused on providing high quality general medical, surgical and mental health services as well as outpatient care. Murray District Hospital offers inpatient medical services, palliative care and allied health services. Employee Benefits: Our employees enjoy a range of benefits which may include (in line with operational requirements): Professional Development Opportunities and Study leave/assistance Flexible working arrangements Flexible leave arrangements Other professional and location based allowances For superannuation information click here. Selection Criteria: Please see the attached Job Description Form (available online at www.jobs.health.wa.gov.au).",,,,healthcare,2026-10-07,https://au.neuvoo.com/job?id=4c98a523636a&oapply=org_v2021-03&source=linkedin-standard&utm_source=partner&utm_medium=linkedin-standard&puid=3dec3aedgdd79dd83aef9ddbcddecdddgddadddd8ddaaadffed3addgfed33cedcccf&cg=talent&urlHash=tEu8&trk=public_jobs_apply-link-offsite,a463aa934ca49382f73dfd9e9b92cb84,Lexicon,No,,,,,Australia
General Practitioner -Williamtown -NSW,Unclassified,,,,Unclassified,,,Medfuture,,2021-03-28,Full-time,"~ $250,000+","• Full-time or part-time position • Unrestricted VR general practitioner required • Non-DPA location • Male/Female VR GP is welcome Established in 2016, this medical facility has a range of experienced doctors, nursing practitioners with allied health support, who involved in continual quality improvement and education to ensure the best quality care for patients and their families The package • Offer of total billings is negotiable • Minimum guarantee per hour and provided duration is negotiable • Full-time nursing support provided • Allied health support provided • Huge patient base and better income Facts about the center • GPA accredited medical practice • The medical practice uses Best Practice software • 04 doctors are currently working at the medical center on a full-time basis • Disabled friendly medical service • Opening hours on Weekdays at 08:30 am - 05:00 pm • Opening hours on Saturdays at 08:00 pm - 12:00 pm • Wheelchair access available Details about the center Allied health services available at the medical center include psychology, Podiatry, Physiotherapy, Dietitian, Speech therapy, OT, and Pathology service. There are 07 consulting rooms in the medical center with two minor OP rooms and 03-bed nurse bay. The medical practice and its GP panel provide services such as travel medicine, skin cancer medicine, chronic disease management, family medicine, aviation medicals, occupational health, and a wide range of general practitioner services. Our Services We offer an extensive service by understanding your requirements by providing suitable clinics to meet your requirements to its best Negotiations with clinics on behalf of you regarding the contractual terms and the offer Full support in paper works and coordinating with relevant rural workforce agencies for non-VR doctors If you need any further details about this position, please get in touch with us either via contact number or email as shown below [email protected] Cheny on 0420 468 717 or Gaya on 0452 468 515",,,,healthcare,2026-10-07,https://www.careerone.com.au/job-redirect/2633d2e4-8edd-4aea-abe0-dce3d66c753a?flow=false&source=apply_button,8e096844bcf0095c0d7925a5b04ad703,Unclassified,No,,,,,Australia
Clinical Trial Nurse - Julatten/Cairns,Nursing Professionals,2221,222,22,Nursing Professionals,victoria,saint leonards,IQVIA - Australia,,2021-03-29,Undefined,,"| IQVIA is looking for a casual *Clinical Trial Nurse* located in or near *Julatten / Cairns QLD* to visit a patient recently enrolled in a clinical trial assessing the efficacy and safety of X medication related to AATD and clinical evidence of pulmonary emphysema. Administration of this medication will be via a weekly IV cannulation infusion for approx. 1.5 hours (2.5 including 1 hour of travel)Training is provided and paid*Role of nurse during visit : Adverse event reporting* Serious adverse event reporting* Concomitant medication recording* COPD (Chronic Obstructive Pulmonary Disease) exacerbation assessment* Completion of the drug transportation and stability log* Vitals* Administering investigational product* Visit report form (VRF) completion within 24 hours of the visit being conducted*Essential : RN (current registration)* Current CPR* Cannulation skills (must have recent skills - within last 6 months)* Venepuncture skills (must have recent skills - within last 6 months)* IM injection experience* High attention to detail* Prompt and good communication skills* Excellent documentation and reporting skills* Current / full / unrestricted driver's licence* IT proficient* Australia Citizen or Permanent Resident*Desirable : Flexible with time and days* Previous clinical trial experienceAny questions please contact elizabeth. maxwell iqvia.com for more information or apply and we will be in touchAt IQVIA, we believe in pushing the boundaries of human science and data science to make the biggest impact possible - to help our customers create a healthier world. The advanced analytics, technology solutions and contract research services we provide to the life sciences industry are made possible by our 67,000+ employees around the world who apply their insight, curiosity and intellectual courage every step of the way. Learn more at jobs.iqvia.com .",,,,healthcare,2026-10-07,https://au.neuvoo.com/view/?id=5e24c380daae,7eceffc399d5f2646c2a56742b0d514b,Lexicon,No,,,,,Australia
"Senior Sleep Technician, Respiratory & Sleep Medicine",Unclassified,,,,Unclassified,SA,North Adelaide,Government of South Australia,,2021-04-05,Undefined,"$78,590-83,378 per year","Department for Health and Wellbeing Job reference: 749389 Location: 5006 - NORTH ADELAIDE Job status: Ongoing Eligibility: Open to Everyone Paediatric Medicine - Women's and Children's Health Network Part time 22.5 hours per week - rotating roster, ongoing - Indicative Total Remuneration $78,590 - $83,378 (Pro-rata) - TGO2 The Women's and Children's Health Network (WCHN) Children's Sleep Disorders Unit provides a clinical service in the diagnosis and management of sleep disordered breathing in neonates, babies, children and young persons to the age of approximately 18 years. The Senior Sleep Technician (TGO-2) operates as part of a multidisciplinary team in a clinical environment comprising medical, nursing, technical, research and administrative staff. The Senior Sleep Technician is responsible for providing technical support and conducting a variety of technical tasks that contribute to and maintain the highest level of clinical practice and service in the Sleep Disorders Unit. These tasks include but are not limited to: conducting diagnostic and therapeutic sleep studies the analysis, scoring and basic interpretation of sleep studies calibration and routine maintenance of equipment ordering and maintenance of consumables accreditation and quality control activities electronic archiving of clinical records under supervision, assisting in the training of junior or new staff and students. This position will involve rostered shift work including overnight shifts (12 hours), afternoon shifts, sleep study set-up shifts and day shift - as required to meet clinical demand. The South Australian public sector promotes diversity and flexible ways of working including part-time. Applicants are encouraged to discuss the flexible working arrangements for this role. Appointment will be subject to a satisfactory Criminal History Check. Aboriginal and Torres Strait Islander applicants are encouraged to apply. Flexibility Statement The South Australian public sector promotes diversity and flexible ways of working including part-time. Applicants are encouraged to discuss the flexible working arrangements for this role. Government of South Australia",,,,healthcare,2026-10-07,https://www.careerjet.com.au/jobad/au45f0a0ed55aab5cb32a317a845225320,39d706fcaae2b070b0eeca9060cb270c,Unclassified,No,,,,,Australia
Practice Nurse,Nursing Professionals,2221,222,22,Nursing Professionals,7,Ballarat,UFS Dispensaries,,2021-03-20,Full-time,,"Applications are invited from experienced nurses seeking casual employment in the Ballarat and surrounding areas for standard shifts. This position provides opportunity to practice autonomously, with great professional development opportunities. The successful applicant will work across multiple locations within the Ballarat area. UFS Dispensaries is a not-for-profit community managed healthcare organisation dedicated to providing high quality, affordable and accessible pharmacy, medical and related healthcare services to our 100,000 members. These services are complemented by our range of diverse professional healthcare practitioners. UFS operates 3 Medical Centres in the Ballarat area. UFS is known as an employer of choice and offers excellent working conditions, career and development opportunities for staff. Key Qualifications: Registered Nurses and Enrolled Nurses with 1 years post graduation experience. Experience in general practice and Immunisation qualification is preferred but not essential. Clinical Duties include: Clinical duties will include triage, immunisations, wound management, ECG, chronic disease management, aged care assessment, health screening, assisting doctors with procedures and maintaining clinical documentation. Candidates with additional qualifications including womens health and immunisation would be highly regarded. Successful candidates will have a demonstrated understanding of the needs of general practice including ensuring compliance with all statutory and regulatory obligations. Additional information is contained in the position description. Position Description For more information please contact Tamara Warland on 0418 213 289",,,,healthcare,2026-10-07,"https://www.glassdoor.com.au/job-listing/practice-nurse-ufs-dispensaries-JV_IC2264917_KO0,14_KE15,31.htm?jl=4007222952",3adf415190b0a19bb23985ac7f0864f0,Lexicon,No,,,,,Australia
RELIEF CARE WORKER,Health Care Assistants,5321,532,53,Health Care Assistants,western australia,cannington,REHAB Basel,,2021-04-15,Undefined,,"| To facilitate a service user focused service to adults with varying disabilities & complex health needs. We are creating a panel to fill Relief Care Worker vacancies in our services to cover staff on leave including holidays, maternity leave etc. These vacancies could be for part time, relief hours, fixed term or temporary positions. Minimum Education & Skills required Understand the principles of care and how to put them into practice. Minimum of QQI Level 5 in Health & Social Care Skills and knowledge in the areas of Physical and Sensory Disability, Epilepsy and Mental Health. Full Clean Driving license. Job Duties & Responsibilities Provide personal assistance in all aspects of personal care and manual handling, ensuring comfort and hygiene of service users and adhering to safe practice at all times. Assist service users in the taking of medication in line with policy and procedure. Ensure that all interactions with service users are approached with dignity, respect, equality and incorporating choice. Facilitate and implement a person centered service appropriate to the needs, wishes and requirements of service users. Additional requirements To be able to work effectively in a team providing person centered support for service users. To be able to maintain the privacy and confidentiality of service users at all times. To be able to adhere to all policies and procedures. Staff Benefits Company Pension Scheme Paid maternity leave Paid paternity leave 27 days annual leave Bike to work scheme Tax saver travel scheme Income protection",,,,healthcare,2026-10-07,https://au.neuvoo.com/view/?id=a9e3e9ddef24,a0780d04f39a34c5f281a756e8165cea,Lexicon,No,,,,,Australia
Clinical Nurse / Clinical Nurse Specialist Alcohol and Other Drugs,Nursing Professionals,2221,222,22,Nursing Professionals,northern territory,alice springs,Department of Health,,2021-04-19,Undefined,,"| Primary Objective : Provide screening, assessment, counselling, education, pharmacotherapy treatment programs and other Alcohol and Other Drugs intervention strategies. Selection will be made at the Nurse 3 or Nurse 4 level depending on the qualifications and experience of the successful applicant. Special Instructions : Under the agency's Special Measures Recruitment Plan eligible Aboriginal and Torres Strait Islander (Aboriginal) applicants will be granted priority consideration for this vacancy.",,,,healthcare,2026-10-07,https://au.neuvoo.com/view/?id=243dac2a3ebd,689e930f2d128fc60689d1909956d7c5,Lexicon,No,,,,,Australia
"Enrolled Nurse, Nolan House Mental Health",Nursing Professionals,2221,222,22,Nursing Professionals,,,Albury Wodonga Health,,2021-04-24,Full-time,"~ $70,000","Beautiful regional location with free car parking Great work environment and team based culture Promotional opportunities and support for professional development Who are we? Albury Wodonga Health (AWH) is a unique cross-border public health service and the largest regional health service between Sydney and Melbourne. We support an outer catchment population of 250,000 throughout North-East VIC and Southern NSW, with a dedicated team of over 2,600 staff. We are a dynamic organisation undergoing significant growth, with plans for new Emergency and Mental Health facilities underway. The Opportunity Albury Wodonga Health requires Enthusiastic, Energetic and Empathetic Endorsed Enrolled Nurses to work in a casual capacity at Nolan House- Albury Wodonga Health's Adult Inpatient Mental Health unit. You will be required to work well within a team in a fast paced environment providing patient centred, trauma informed and recovery oriented practice to our consumers. Acute Mental Health Experience is highly regarded but not essential. What's in it for you? AWH offers full orientation and training with the opportunity to be a part of a supportive and friendly team. AWH provides excellent staff benefits including - Salary packaging and novated leasing through Maxxia and employee assistance & wellbeing programs, including Fitness Passport. Interested? For more information about the position, please refer to the Position Description attached or contact the Manager listed below. Salary and conditions will be in accordance with the relevant state EBA or Award. AWH is committed to Equal Employment Opportunity, Ethical Practice, and the principles of Cultural Diversity and Social inclusion. Applications from Aboriginal and Torres Strait Islanders are encouraged. All appointments are made subject to a satisfactory Criminal Record Check and a Working with Children Check. Successful applicants may also be required to provide evidence of their immunisation status and flu vaccination.",,,,healthcare,2026-10-07,https://www.careerone.com.au/job-redirect/c6bfb011-07db-4d18-ab82-2b8797bc6851?flow=false&source=apply_button,364d2b3efdad8e0cdd6d6d65060b1966,Lexicon,No,,,,,Australia
Nurse Educator (Grade 2) - Staff Safety,Nursing Professionals,2221,222,22,Nursing Professionals,,,Sydney Local Health District,,2021-04-24,Full-time,"$117,667 - $120,010","Employment Type: Temporary Full Time up to May 2022 Position Classification: Nurse Educator Grade 2 Remuneration: $2,255.08 - $2,299.98 per week Hours Per Week: 38 Requisition ID: REQ225926 Sydney Local Health District (SLHD) is seeking an experienced Nurse Educator to join our team at Centre for Education and Workforce Development (CEWD)!     Do you have current unencumbered registration with AHPRA as a Registered Nurse, relevant post registration nursing clinical or education qualifications and Certificate IV in Training and Assessment (or willingness to undertake the qualification)?     CEWD is the education and training service for SLHD. CEWD provides a wide range of development opportunities to both the clinical and non-clinical workforce. Some broad portfolios include: clinical placements, orientation, traineeships, management and leadership, corporate skills, staff safety and clinical skills including teaching through simulation. CEWD is also a major delivery site of the NSW Health RTO and provide a wide range of nationally recognised vocational education and training programs and qualifications. The purpose of this position is to deliver high quality education and training initiatives to the staff of SLHD to ensure that they have the skills required to deliver or support the delivery of high quality patient and family centred care. The primary focus of this position will be in the Staff Safety portfolio of CEWD and will include, but is not limited to: violence prevention management, infection control, mask fit testing and hand hygiene. However, there will be other educational responsibilities that may sit in other service portfolios.     To Be Considered For This Role You Must Have:  Ability to work a Monday-Friday roster (AM shifts), with the possiblity of being asked to work on the weekend, or afternoon shift. What you will get in return... Become apart of a high performing and supportive team. Opportunity for Salary Packaging. This is a Category A position. To be employed by NSW Health you are required to provide evidence of vaccination to comply with the NSW Health Occupational Assessment, Screening & Vaccination against Specified Infectious Diseases Policy (PD2020 017). SLHD is an equal opportunity employer committed to providing a working environment that embraces and values diversity and inclusion. Aboriginal and Torres Strait Islander people and people with disability are encouraged to apply for all internal and externally advertised positions. If you require assistance, please advise the contact person at the time of your application. Stepping Up aims to assist Aboriginal job applicants by providing information about applying for roles within NSW Health. For more information, please visit: http://www.steppingup.health.nsw.gov.au/ For further details on the role, please view the Position Description For enquiries, please contact Rose Meiruntu on 0425 360 072. If you think this role is for you, then please address the selection criteria and submit your resume by the closing date. Applications Close: 7 May 2021",,,,healthcare,2026-10-07,https://www.careerone.com.au/job-redirect/3a4880eb-fb88-4aed-8740-1e2f3fd23e34?flow=false&source=apply_button,d89686654030530d3a2fde5faa3d6b86,Lexicon,No,,,,,Australia
"Assistant in Nursing, Casual Nursing Pool",Unclassified,,,,Unclassified,,,Albury Wodonga Health,,2021-04-24,Undefined,"~ $60,000","Beautiful regional location, between Melbourne & Sydney, free staff parking Great work environment & team based culture Promotional opportunities & professional development support Who are we? Albury Wodonga Health (AWH) is a unique cross-border public health service and the largest regional health service between Sydney & Melbourne. We support an outer catchment population of 250,000 throughout North-East VIC & Southern NSW, with a dedicated team of over 2,700 staff. We are a dynamic organisation undergoing significant growth, with plans for new Emergency and Mental Health facilities underway. The Opportunity AWH requires Assistants in Nursing (AIN) to join our inpatient units at Wodonga and Albury hospitals. Primary responsibilities of this role are for the provision of support to the nursing team in the delivery of nursing care in an acute care and sub-acute environment as directed by the Registered Nurse (RN). The AIN works under the delegation and supervision of a RN at all times, performing patient care activities alongside Registered Nurses and Enrolled Nurses. The role may include a range of tasks such as assisting with patients daily living activities (for example personal hygiene and mobility) help maintain a safe and clean environment in the ward. What's in it for you? AWH offers full orientation and training with the opportunity to be a part of a supportive and friendly team. AWH provides excellent staff benefits including: Salary packaging and novated leasing through Maxxia Employee assistance and wellbeing programs, including Fitness Passport Interested? For more information about the position, please refer to the Position Description attached or contact the Manager listed below. Salary and conditions will be in accordance with the relevant EBA or Award and determined based on your experience and qualifications. AWH is committed to Equal Employment Opportunity, Ethical Practice, and the principles of Cultural Diversity and Social inclusion. Applications from Aboriginal and Torres Strait Islanders are encouraged. All appointments are made subject to a satisfactory Criminal History Record Check and a Working with Children Check. Successful applicants may also be required to provide evidence of their immunisation status and flu vaccination.",,,,healthcare,2026-10-07,https://www.careerone.com.au/job-redirect/cddbbd11-511a-4384-9ec8-f889377f41f1?flow=false&source=apply_button,3086efe45f0049f7c314798f060e0ffa,Unclassified,No,,,,,Australia
Operational Nurse Manager (Gde 3) - Perm FT,Nursing Professionals,2221,222,22,Nursing Professionals,NSW,The Devils Wilderness,South Western Sydney Local Health District,,2021-04-26,Full-time,,"Employment Type: Permanent Full Time, 38 hours per week  Location: Bowral Hospital  Position  Classification: Nurse Manager Grade 3  Remuneration: $124,618.08 - $126,934.81 per annum  Requisition ID: REQ227623  Application Close Date: 09/05/2021  To be eligible for permanent appointment to a position in NSW Health, you must have an Australian citizenship or permanent Australian residency.  If you are a self-directed, motivated, reliable and skilled RN with operating theatre experiences, a strong desire to learn and grow in a well- established teamwork environment, come join our team!  About The Opportunity  Bowral & District Hospital is a brand new medium sized acute care hospital in the beautiful Southern Highlands, close to Sydney, Canberra and Wollongong.  Launch your career with us working as part of the Bowral executive leadership team and within a dynamic multidisciplinary team environment  The Operational Nurse Manager (ONM) position is responsible to lead with professionalism and skills and support the nursing, midwifery and multidisciplinary team to ensure provision of safe and compassionate care. The ONM works collaboratively with all levels of staff and contributes to quality and practice improvement, innovative models of care, oversees clinical services provision, manages patient flow, nursing and midwifery workforce and leads disaster and emergency response planning at Bowral & District Hospital.  If you are a self-directed, motivated, reliable Registered Nurse with acute care, senior leadership and management experiences, post graduate qualification in management and leadership, a strong desire to lead and encourage professional development and grow in a well-established teamwork environment - come and join the team at Bowral & District Hospital and enjoy a rural but cosmopolitan lifestyle of cafes, restaurants and wineries, sports, arts and culture, affordable housing, excellent schools all within easy travel distance to Sydney. Canberra and the coast.  Successful applicants will have the opportunity to develop professionally and contribute to evaluating service provision at our new hospital.  Driving Excellence in Patient Care  Where You'll Be Working   At South Western Sydney Local Health District we are proud to be an equal opportunity employer, where we don't just accept differences but we honour and support it. Committed to providing a working environment that thrives and values diversity, we encourage people of Aboriginal and/or Torres Strait Islander background and people with a disability to apply.  Transforming Your Experience (TYE) is SWSLHDs key strategy to always positively transform your, our patients, our consumers, our staffs and our communities experiences across our organisation and services. Our vision is that our care is always safe, high quality and personalised and all our staff are supported and empowered to achieve their full potential. SWSLHD upholds the CORE Values - Collaboration, Openness, Respect and Empowerment.  Salary Packaging  South Western Sydney Local Health District employees are able to enjoy the benefits of salary packing. Visit Smart Salary for more details.  Workplace Giving Program  South Western Sydney Local Health District employees also have the opportunity to make a difference to help those less fortunate. Visit the Workplace Giving Program for more information.  What You'll Be Doing  The Nurse Manager participates in or is responsible for the leadership and management of nursing services in a management unit, service, complex function or facility to ensure the delivery of high quality patient care and efficient use of resources.  South Western Sydney Local Health District (SWSLHD) is focused on achieving our Vision of Leading Care, healthier communities.  All staff are expected to act as an appropriate and effective role model, promoting a culture that supports practices that reflect the NSW Health CORE values of Collaboration, Openness, Respect and Empowerment through demonstrated behaviors and interactions with patients, clients and employees.  The vision of SWSLHD Nursing and Midwifery Service is Compassionate Nursing and Midwifery Care Always, through leading effective workplace cultures that improve the patient experience.  How To Apply  To be considered for this position, please ensure you address the selection criteria as thoroughly as possible.   Current Authority to Practice as a Registered Nurse with the Australian Health Practitioners Regulation Agency (AHPRA)  Relevant post graduate qualifications or equivalent work experience or a combination of study and experience deemed appropriate by SWSLHD.  Demonstrated senior nursing experience with experience in leading staff and managing services in a relevant setting.  Proven ability to ensure the human, physical and financial resources of the service/facility are managed to provide safe, compassionate, quality care that is culturally responsive  Demonstrated ability to effectively communicate and engage with patients/consumers, carers and the multidisciplinary health care team to identify and ensure responsiveness of care needs  Demonstrated capacity to interact with others in a personable and professional manner and manage conflicts and performance issues when they arise  Demonstrated evidence of the use of critical thinking to set goals, formulate plans and policies to achieve identified outcomes  Demonstrated understanding and participation in the implementation of organisational change, risk management, work health and safety and quality improvement in the workplace.   Need more information?    Click here for the Position Description   Position  Statement    Find out more about applying for this position   For role related queries or questions contact Susan Hair on 02 4861 0288 or via email on Susan.Hair@health.nsw.gov.au  Interview Date Range: 12/05/2021 - 19/05/2021  Click 'Apply' to submit your application now.  Stepping Up - Close the Gap  Stepping Up aims to assist Aboriginal applicants understand how to apply for roles with NSW Health by clarifying the recruitment and onboarding process.  If you are an Aboriginal person and wish to obtain more information about applying for a role within South Western Sydney Local Health District, please contact the SWSLHD Aboriginal Workforce Team on SWSLHD-AboriginalWorkforce@health.nsw.gov.au.  Connect with us on Twitter, Facebook and LinkedIn.",,,,healthcare,2026-10-07,https://jobs.health.nsw.gov.au/swslhd/jobs/operational-nurse-manager-gde-3-perm-ft-101482&urlHash=ALiT&trk=public_jobs_apply-link-offsite,6e6a59df348f180dfb6e12f996ce906e,Lexicon,No,,,,,Australia
Veterinary Nurse Job in Melbourne,Nursing Professionals,2221,222,22,Nursing Professionals,"Melbourne , Western Suburbs",Melbourne,Hobsons Bay Vet,,2021-04-29,Full-time,,"body{margin:0;padding:0;background:#eee} Veterinary Nurse Skip to content Try the SEEK app to find your dream job faster. Try the appNo, thanks {""@context"":""http://schema.org"",""@type"":""Organization"",""url"":""https://www.seek.com.au"",""legalName"":""Seek Limited"",""logo"":""https://www.seek.com.au/content/images/logos/seek-logo-positive.svg"",""sameAs"":[""https://www.facebook.com/SEEK/"",""https://en.wikipedia.org/wiki/Seek_Limited"",""https://www.youtube.com/user/SEEKJobs"",""https://www.instagram.com/seekau/"",""https://twitter.com/seekjobs"",""https://plus.google.com/+seekau"",""https://au.linkedin.com/company/seek""],""contactPoint"":[{""@type"":""ContactPoint"",""telephone"":""+61-1300-658-700"",""contactType"":""customer service"",""contactOption"":""TollFree""}]} SEEK Australia's #1 job site Show user menu Show user menu Menu Job Search Profile Saved Searches Saved & Applied Jobs Applied Jobs Recommended Jobs Career Advice Settings Sign in  or  Register Company Reviews Employer Site Courses Sign in or Register Employer site Job Search Profile Career Advice Company Reviews Jobs Courses Businesses for sale Volunteering AU NZ Veterinary Nurse More jobs from this company Job Description Job Header Veterinary Nurse Advertiser:  Hobsons Bay Vet More jobs from this company Job Information Job Listing Date 29 Apr 2021 Location Melbourne , Western Suburbs Work Type Full Time Classification Farming, Animals & Conservation , Veterinary Services & Animal Welfare We are seeking a certificate 4, qualified and experienced vet nurse to join our busy small animal pracitce. This is a full time position that involves working one Saturday a fortnight. We are open to a locum that can commit to 6 months work also.We have a great team of vets and vet nurses that offer a supportive environment with a very low staff turnover. We are a purpose built, well equipped practice with digital xray and in house pathology. We would like someone with strong attention to detail, great work ethic and excellent animal handling skills. Experience and confidence in all aspects of surgical nursing and reception duties is essential. This position is available immediately and salary is well above award for the right applicant. Please email your resume to theteam@hobsonsbayvet.com.au The application form will include these questions: How many years' experience do you have as a veterinary nurse? Do you have customer service experience? Report this job advert Be careful Don't provide your bank or credit card details when applying for jobs. Learn how to protect yourself here. Report this job ad Share this role Job Apply Apply for this job Save job Send job Job Information Job Listing Date 29 Apr 2021 Location Melbourne , Western Suburbs Work Type Full Time Classification Farming, Animals & Conservation , Veterinary Services & Animal Welfare Apply for this job Tools Job search Profile Recommended jobs Saved searches Saved jobs Applied jobs Career Advice Explore Careers Company reviews Download apps iOS Android SEEK sites Employer site SEEK NZ Courses Business for sale Volunteering Company About SEEK Newsroom Investors International partners Bdjobs - Bangladesh BrighterMonday - Kenya Catho - Brazil Jobberman - Nigeria jobsDB - SE Asia JobStreet - SE Asia Jora - Worldwide OCC Mundial - Mexico Workana - Latin America Zhaopin - China Jora - Australia Partner services Certsy GradConnection Jora Local Sidekicker GO1 FutureLearn Employment Hero JobAdder Connect Help centre Contact us Work for SEEK Product & Tech Blog SEEK videos Social Facebook Instagram Twitter YouTube Employers Register for free Post a job ad Products & prices Customer service Hiring Advice New Market Insights New Recruitment software partners PrivacyTerms & ConditionsProtect yourself online © SEEK. All rights reserved.",,,,healthcare,2026-10-07,https://www.seek.com.au/job/52141716?type=standard#searchRequestToken=ccb02f12-2e13-46e3-a1d6-7fd35a64b7ab,555272ab74d17175aa161579b1c2db3a,Lexicon,No,,,,,Australia
Registered Nurse - Murrumburrah Harden.,Nursing Professionals,2221,222,22,Nursing Professionals,QLD,Thuringowa DC,I work for NSW,,2021-04-29,Full-time,,"Employment Type: Permanent Full Time or Permanent Part Time Position Classification: Registered Nurse Remuneration: $64,377.92 - $90,394.15 per annum or pro rata Hours Per Week: Various up to 38 Requisition ID: REQ227534 Vaccination Category: A Applications Close: 21 May 2021 The opportunity to make a difference, in our hospital and our community Where you will be working Harden/Murrumburrah Hospital is a 33 bed facility including 20 residential aged care beds. Services include emergency, acute and aged care services, as well as a range of community nursing and allied health services. About The Opportunity Learn more about the benefits and lifestyle of Harden/Murrumburrah As the Registered Nurse, you will be responsible for providing safe, compassionate person centred care through the assessment, planning, implementation and evaluation of nursing care. Where no two days are the same, our ideal candidate will demonstrate: Passion for providing outstanding services to our patients and families The ability and confidence to work autonomously Previous nursing experience across different fields A current AHPRA registration To learn more and review all role responsibilities, please review the Position Description . Please note, y our application must include a current resume and address all selection criteria. Why work with MLHD? With a Dedicated Focus And Commitment To Investing In Our People, Here Are Some Of The Work Perks You Will Be Eligible For When Working With Us MLHD is the largest employer in the region, with over 5,000 dedicated Health Care workers across 33 hospitals and 12 primary Health Care Centres. Generous Salary Packaging options - with incentives to assist rural and remote locations Our corporate health and fitness program - Fitness Passport Career development and progression opportunities Affordable housing with remarkable commute times to our picturesque regional towns Genuine welcoming and supportive communities with a lifestyle second to none Please get in touch today by either applying directly or contacting Kerry Menz on Kerry.Menz@health.nsw.gov.au , for further information. Additional Information This recruitment process includes pre-employment Online Safe for Work screening. If you are applying for a Category 'A' position, please read and understand NSW Health Policy Directive PD2020_017 . You must be an Australian Citizen or Permanent Resident of Australia, or be able to independently and legally live and work in Australia by way of your own Temporary Visa MLHD is an Equal Opportunity Employer and encourage all suitably qualified applicants to apply, including Aboriginal People and people from racial, ethnic or ethno-religious minority groups and people with disability. Agency: Health",,,,healthcare,2026-10-07,https://iworkfor.nsw.gov.au/job/registered-nurse-murrumburrah-harden-241326&urlHash=yPPo&trk=public_jobs_apply-link-offsite,38a9703e68a91a8e8121b1da4dd7bb74,Lexicon,No,,,,,Australia
Maternal and Child Health Nurse - Relievers,Nursing Professionals,2221,222,22,Nursing Professionals,Victoria,Croydon VIC,Maroondah City Council,,2021-04-30,Undefined,,"Attractive Rates of Pay Location: MCH Centres Maternal and Child Health Nurse Relief Casual Relief Attractive Rates of Pay Location: MCH Centres This is a rare opportunity to join the Maroondah dynamic, innovative and passionate Maternal and Child Health team. Working at Maternal and Child Health centres located within the Maroondah Council. MCHN relievers are welcome to attend monthly team meetings and planned professional development, Maroondah has a supportive mentoring program for all new staff. You will hear from us if you have progressed to the next stage of our Recruitment process, Thank you for your application. As part of our recruitment process you may be required to have pre-employment checks. (Psychometric Assessment, Medical, CrimCheck and provide us with a current Working with Children Id Card - Employee). To apply online please visit our Careers @ Maroondah www.maroondah.vic.gov.au For further information please call Vicki Middleton, Coordinator Maternal and Child Health on 9294-5736. Position Description - pdf Opens in new window Position Description - docx Opens in new window",,,,healthcare,2026-10-07,https://au.indeed.com/rc/clk?jk=97e7a1b071e3f5b8&from=vj&pos=bottom&mvj=0&sjdu=76Cn2YAIPzFIwtaQqpG01IDDplm6SwWjHcxyoDIphKlTbtdC89GJH4VyPzUG4-ClkN0wkll9wDHc3mnStM4Hmg&astse=2a69b6d56faa0ef7&assa=1459,cc0d53cb15fd39f119c0350b9a13a794,Lexicon,No,,,,,Australia
Full Time Medical Receptionist Job in South West Coast VIC,Hotel Receptionists,4224,422,42,Hotel Receptionists,Victoria,Melbourne,Report this job ad,,2021-04-29,Undefined,,"body{margin:0;padding:0;background:#eee} Full Time Medical Receptionist Skip to content Try the SEEK app to find your dream job faster. Try the appNo, thanks {""@context"":""http://schema.org"",""@type"":""Organization"",""url"":""https://www.seek.com.au"",""legalName"":""Seek Limited"",""logo"":""https://www.seek.com.au/content/images/logos/seek-logo-positive.svg"",""sameAs"":[""https://www.facebook.com/SEEK/"",""https://en.wikipedia.org/wiki/Seek_Limited"",""https://www.youtube.com/user/SEEKJobs"",""https://www.instagram.com/seekau/"",""https://twitter.com/seekjobs"",""https://plus.google.com/+seekau"",""https://au.linkedin.com/company/seek""],""contactPoint"":[{""@type"":""ContactPoint"",""telephone"":""+61-1300-658-700"",""contactType"":""customer service"",""contactOption"":""TollFree""}]} SEEK Australia's #1 job site Show user menu Show user menu Menu Job Search Profile Saved Searches Saved & Applied Jobs Applied Jobs Recommended Jobs Career Advice Settings Sign in  or  Register Company Reviews Employer Site Courses Sign in or Register Employer site Job Search Profile Career Advice Company Reviews Jobs Courses Businesses for sale Volunteering AU NZ Full Time Medical Receptionist Better Medical South West Coast VIC Healthcare & Medical Medical Administration Full Time Posted 5h ago More jobs from this company Apply for this job Save job Email Facebook Twitter LinkedIn Job description About the business Better Medical is a growing owner and operator of high-quality general practices across Australia. We passionately believe that primary care needs to be locally focused, and that is why our group of practices are locally managed, regionally connected, and centrally supported. Our ethos is simple - to provide the best standard of care in our communities. About the role A full-time opportunity exists within Northern Bay Health group for a dynamic and engaging Medical Receptionist to work across our Corio and Plantation Medical Clinics. This role is perfect for someone who has attention to detail, high level communication skills, a 'can-do' attitude, and is available to work 38 hours per week. We wholeheartedly believe that Better Medical is a way that is better for patients, doctors, and staff. Work with a passionate team Our commitment to the delivery of exceptional clinical care is unwavering. You will become a valued member of the team and experience a culturally diverse patient population that is both professionally challenging and immensely rewarding. If you want to have a real impact on the health outcomes of the local community, we would love to hear from you.  What you will bring Due to its fast pace environment, having previous medical reception experience would be an advantage, but not essential. You will also: Have proven experience in a customer service environment; Display empathy and understanding; Understand client and staff confidentially; Work with integrity and be reliable; Have the ability to prioritise tasks and manage time; Be committed to the brand and working arrangements; and Have strong written and verbal communication. Your application will be reviewed if you include a current resume and send an introductory letter (no more than 1 x A4 page in length) that outlines your availability across all workdays and addresses why you are seeking a medical receptionist role, your key career achievements, and what you can personally bring to Better Medical. For more information, please email join@bettermedical.com.au [link removed]. We look forward to welcoming a likeminded medical receptionist to our team. Employer questions Your application will include the following questions: Which of the following statements best describes your right to work in Australia? How many years' experience do you have as a medical receptionist? Do you have customer service experience? Which of the following medical practice management software do you have experience with? What's your expected hourly rate? Report this job advert Be careful Don't provide your bank or credit card details when applying for jobs. Learn how to protect yourself here. Report this job ad Apply for this job Save job Tools Job search Profile Recommended jobs Saved searches Saved jobs Applied jobs Career Advice Explore Careers Company reviews Download apps iOS Android SEEK sites Employer site SEEK NZ Courses Business for sale Volunteering Company About SEEK Newsroom Investors International partners Bdjobs - Bangladesh BrighterMonday - Kenya Catho - Brazil Jobberman - Nigeria jobsDB - SE Asia JobStreet - SE Asia Jora - Worldwide OCC Mundial - Mexico Workana - Latin America Zhaopin - China Jora - Australia Partner services Certsy GradConnection Jora Local Sidekicker GO1 FutureLearn Employment Hero JobAdder Connect Help centre Contact us Work for SEEK Product & Tech Blog SEEK videos Social Facebook Instagram Twitter YouTube Employers Register for free Post a job ad Products & prices Customer service Hiring Advice New Market Insights New Recruitment software partners PrivacyTerms & ConditionsProtect yourself online © SEEK. All rights reserved.",,,,healthcare,2026-10-07,https://www.seek.com.au/job/52138621?type=standout#searchRequestToken=6b31b56a-3938-428f-a871-74987fa8d3a4,1ba9744591b0fcc79fb57f2e617054a1,Lexicon,No,,,,,Australia
Dental Assistant/Receptionist,Hotel Receptionists,4224,422,42,Hotel Receptionists,Ad dawhah,Doha,Lucida dental clinics,,2021-03-03,Undefined,"Salary: QAR4,000.00 - QAR6,000.00 per month","Female Dental assistants and receptionists are needed Salary depends on experience Expected Start Date: 3/31/2021 Job Types: Full-time, Contract Salary: QAR4,000.00 - QAR6,000.00 per month Location: Doha (Required) License: Dental nurse (Preferred) Work Remotely: No COVID-19 Precaution(s): Personal protective equipment provided or required Plastic shield at work stations Temperature screenings Social distancing guidelines in place Sanitizing, disinfecting, or cleaning procedures in place",,,,healthcare,2026-10-07,https://qa.indeed.com/viewjob?jk=d47e40ee5f786037,00785a80d40e8e3ebd26dbcba66c18a4,Lexicon,No,,,,,Qatar
"Director, Medical Affairs - Oncology",Unclassified,,,,Unclassified,victoria,melbourne,myGwork,,2021-03-09,Undefined,,"| Gilead Sciences is continuing to hire for all open roles. Our interview process may be conducted virtually and some roles will be asked to temporarily work from home. Over the coming weeks and months, we will be implementing a phased approach to bringing employees back to site to ensure the health and safety of our teams. For Current Gilead Employees and Contractors : Please log onto your Internal Career Site to apply for this job. Job Description Gilead Sciences is a research-based biopharmaceutical company that discovers, develops, and commercialises innovative medicines in areas of unmet medical need. Our heritage of science and innovation and the curiosity and passion of everyone who works here has enabled us to provide medicines that help transform standards of care for more than 30 years. Gilead's therapeutic areas of focus include liver diseases, infectious diseases, inflammatory diseases and cancer. Due to continued growth, we are seeking a knowledgeable and motivated professional capable of working effectively in a cross-functional team environment. The successful candidate will assume a full-time employment as a Director, Gilead Oncology in the Medical Affairs department and report to the Senior Director, Medical Affairs. Essential Job Functions Ensure the safe and appropriate use of Gilead medicines Improve the standard of clinical care for patients living with cancer Specific Responsibilities Lead the Gilead Oncology medical team Serve as internal and external scientific expert in the therapy area, healthcare landscape, and data on Gilead and competitor medicines Oversee and provide strategic leadership to the development and execution of the ANZ Medical Affairs plan to support the Gilead oncology franchise, setting defined goals and objectives Partner with colleagues and serve as the internal medical affairs representative in the cross-functional therapeutic team Working with the Senior Director, Medical Affairs plan and allocate Gilead Oncology Medical Affairs resources and budgets Recruit, manage and develop staff for ANZ Gilead Oncology team Ensure effective cross-functional collaborations with internal and external customers, including the Foster City Medical Affairs team, Marketing, Sales, Market Access, Clinical Research, Public Affairs, Government Affairs, Finance, Legal Maintain a high level of scientific presence in the ANZ oncology medical community, through : leadership at major international and national meetings, congresses and symposia regional and national advisory boards, regular communication and compliant responses with key opinion leaders, investigators, and research organizations Evaluate and effectively communicate Gilead ANZ clinical data to support the Gilead Oncology portfolio : Provide medical and scientific oversight to publications, scientific presentations Oversee collaborative medical education and speaker training Support Gilead Oncology data generation activities through : Strategically develop Ph 3b and 4 clinical trials to address unmet medical needs in ANZ region Critical review of global ISR, Ph3 and Ph4 study proposals as a member of the MAST committee Serve as medical monitor to Gilead sponsored Phase 4 trials as needed Review abstracts and / or manuscripts that result from ISR grants Oversee the medical and scientific review of promotional materials for Gilead Oncology treatments, and serve as an official signatory Knowledge, Experience, and Skills The ideal candidate will be an MD, PharmD or PhD with clinical practice and pharmaceutical experience in oncology in general, solid tumours (especially breast cancer) and haematological malignancies in particular Solid experience in the pharmaceutical industry, with prior supervisory / leadership and people development experience Demonstrate organizational skills to manage multiple projects simultaneously. Demonstrate strong written and verbal communication skills along with excellent judgment and ability to work in a team environment. Travel to domestic and international conferences, including weekends In depth knowledge of regulatory affairs and drug safety In depth knowledge of local pharmaceutical industry, business conduct and legal / health system environment Gilead Core Values Integrity (always doing the right thing) Teamwork (collaborating in good faith) Excellence (working at a high level of commitment and capability) Accountability (taking personal responsibility) Inclusion (encouraging diversity) For Current Gilead Employees and Contractors : Please log onto your Internal Career Site to apply for this job. This employer is a corporate member of myGwork, the business community for LGBTQ+ professionals, graduates, inclusive employers & anyone who believes in workplace equality.",,,,healthcare,2026-10-07,https://au.neuvoo.com/view/?id=69bbc36a1222,852aec40e9f2e2a02606eccf59f4a368,Unclassified,No,,,,,Australia
Clinical Support Officer - Wound & Stoma/ High Risk Foot Service - Level 3 - Wagga Wagga,Unclassified,,,,Unclassified,new south wales,parramatta,Murrumbidgee Local Health District,,2021-04-09,Undefined,,"| Employment Type : Temporary Full Time (until January 2022) Position Classification : Administrative Clinical Support Officer Level 3 Remuneration : $59,763.25 - $61,730.90 per annum, pro rata Hours per Week : 38 Requisition ID : REQ223876 Vaccination Category : A Applications Close : 15 April 2021 YOUR opportunity awaits! Where you will be working Wagga Wagga Base Hospital (WWBH) is one of the busiest rural hospitals in NSW with 325 beds. We support over 40,000 emergency presentations, 1,100 births and approximately 11,000 operations each year. Wagga Wagga Health Service provides services including critical care, medical, surgical, paediatric, obstetric, and rehabilitation care. We also provide mental health and community health services. We work with a team of specialists which include cardiovascular, gastroenterology, renal medicine, obstetrics, orthopaedics, psychiatry and paediatrics. There is also the provision of a full range of allied health and support services such as dental, physiotherapy, occupational therapy, sexual health and violence prevention and response services. A specialised Mental Health Recovery Unit provides a large modern and comfortable facility and our community health services are co-located on the one Wagga Wagga campus. To learn more about life in Wagga Wagga please visit : s : visitwagga.com About the Opportunity A Clinical Support Officer (CSO) provides timely and accurate high level secretarial administrative transactional services for members of the health care team on a designated ward unit under the direction of the NursingMidwifery Manager or Cluster Manager. The CSO will work under broad supervision but will be required to take some independent action. Temporary role supporting the Wound and Stoma and High Risk Foot Services for the Murrumbidgee Local Health District. This role is based at Wagga, and provides support to a small team of highly skilled clinicians. Administrative tasks may include rostering, store ordering, referral and appointment management as well as general administrative support. To learn more and review all role responsibilities, please review the Position Description . Please note, y our application must include a current resume and address all selection criteria. Why work with MLHD? MLHD is the largest employer in the region, with over 5,000 dedicated Health Care workers across 33 hospitals and 12 primary Health Care Centres. With a dedicated focus and commitment to investing in our people, here are some of the work perks you will be eligible for when working with us : Generous Salary Packaging options - with incentives to assist rural and remote locations Career development and progression opportunities Affordable housing with remarkable commute times to our picturesque regional towns Genuine welcoming and supportive communities with a lifestyle second to none Please get in touch today by either applying directly or contacting Judith Reid on Judith.Reid health. , for further information. Additional Information If you are applying for a Category 'A' position, please read and understand NSW Health Policy Directive PD2018 009 You must be an Australian Citizen or Permanent Resident of Australia, or be able to independently and legally live and work in Australia by way of your own Temporary Visa MLHD is an Equal Opportunity Employer and encourage all suitably qualified applicants to apply, including Aboriginal People and people from racial, ethnic or ethno-religious minority groups and people with disability.",,,,healthcare,2026-10-07,https://au.neuvoo.com/view/?id=b5901b7e98b7,341e8cc89244c7c7ee2f9b5a10e7eaf6,Unclassified,No,,,,,Australia
OSHC Coordinator - Balwyn North Area Job in Melbourne,Unclassified,,,,Unclassified,Victoria,Melbourne,Report this job ad,,2021-04-28,Undefined,,"body{margin:0;padding:0;background:#eee} OSHC Coordinator - Balwyn North Area Skip to content Try the SEEK app to find your dream job faster. Try the appNo, thanks {""@context"":""http://schema.org"",""@type"":""Organization"",""url"":""https://www.seek.com.au"",""legalName"":""Seek Limited"",""logo"":""https://www.seek.com.au/content/images/logos/seek-logo-positive.svg"",""sameAs"":[""https://www.facebook.com/SEEK/"",""https://en.wikipedia.org/wiki/Seek_Limited"",""https://www.youtube.com/user/SEEKJobs"",""https://www.instagram.com/seekau/"",""https://twitter.com/seekjobs"",""https://plus.google.com/+seekau"",""https://au.linkedin.com/company/seek""],""contactPoint"":[{""@type"":""ContactPoint"",""telephone"":""+61-1300-658-700"",""contactType"":""customer service"",""contactOption"":""TollFree""}]} SEEK Australia's #1 job site Show user menu Show user menu Menu Job Search Profile Saved Searches Saved & Applied Jobs Applied Jobs Recommended Jobs Career Advice Settings Sign in  or  Register Company Reviews Employer Site Courses Sign in or Register Employer site Job Search Profile Career Advice Company Reviews Jobs Courses Businesses for sale Volunteering AU NZ OSHC Coordinator - Balwyn North Area TheirCare Melbourne Eastern Suburbs Education & Training Childcare & Outside School Hours Care $25 - $32 Part Time Posted 4h ago More jobs from this company Apply for this job Save job Email Facebook Twitter LinkedIn Job description PLEASE APPLY FOR THIS ROLE DIRECTLY THROUGH OUR WEBSITE: www.theircare.com.au/careers/ The Role We are looking for an experienced, fun & passionate OSHC Coordinator to join our TheirCare team at a school in the Balwyn North area! As an OSHC Coordinator, you will be responsible for the delivery of high quality care to primary school aged children at your service. You will help support the team at the service in delivering an engaging program that is safe, inclusive, and most importantly, fun! This role will see you responsible for the delivery of service in line with the National Quality Framework and My Time, Our Place learning outcomes. It will also see you take on active involvement within the school community to promote the program to families.  This role is required to work Monday - Friday for both Before & After School Care and Holiday Program sessions with an IMMEDIATE START AVAILABLE. About You  Do you love working with kids?  Do you have strong leadership skills and ability to lead a team? Do you want to work in a supportive environment, with a company that truly appreciates their staff? If you have a PASSION for working with children and a FUN, CAN DO attitude, then we want to hear from you! About Us This is your opportunity to join a reputable company in Before and After School Care and Holiday Programs.   At TheirCare, we pride ourselves on our supportive team environment and the high-quality care we provide to the families and school communities we work with. We're growing and opening more and more schools, so typically have numerous Full Time, Part Time and Casual opportunities available. About the Benefits Flexible working hours - Work close to home and choose how often you want to work. Above award industry pay - We offer casual and permanent positions and split shift allowances. Opportunities to develop your career in education and care - We offer continuous upskill, learning & development opportunities, and promote leaders from within. Everyone in the industry needs To be considered for this position, you must: - Be working towards or have completed a Diploma level ACECQA approved qualification or higher - Hold an Employee Victorian Working With Children's Check - Have (or be willing to obtain) HLTAID012 First Aid Qualifications (including valid CPR) There are loads of qualifications that are approved for this role, please check the link to see if your studies qualify: https://www.acecqa.gov.au/qualifications/nqf-approved How to apply Let's chat about your career, submit your details below now! If you have any questions about the role please contact our Recruitment team on 1300 072 410 or email recruitment@theircare.com.au PLEASE APPLY FOR THIS ROLE DIRECTLY THROUGH OUR WEBSITE: www.theircare.com.au/careers/ Report this job advert Be careful Don't provide your bank or credit card details when applying for jobs. Learn how to protect yourself here. Report this job ad Apply for this job Save job Tools Job search Profile Recommended jobs Saved searches Saved jobs Applied jobs Career Advice Explore Careers Company reviews Download apps iOS Android SEEK sites Employer site SEEK NZ Courses Business for sale Volunteering Company About SEEK Newsroom Investors International partners Bdjobs - Bangladesh BrighterMonday - Kenya Catho - Brazil Jobberman - Nigeria jobsDB - SE Asia JobStreet - SE Asia Jora - Worldwide OCC Mundial - Mexico Workana - Latin America Zhaopin - China Jora - Australia Partner services Certsy GradConnection Jora Local Sidekicker GO1 FutureLearn Employment Hero JobAdder Connect Help centre Contact us Work for SEEK Product & Tech Blog SEEK videos Social Facebook Instagram Twitter YouTube Employers Register for free Post a job ad Products & prices Customer service Hiring Advice New Market Insights New Recruitment software partners PrivacyTerms & ConditionsProtect yourself online © SEEK. All rights reserved.",,,,healthcare,2026-10-07,https://www.seek.com.au/job/52128105?type=standard#searchRequestToken=b3dc4c9e-cd94-4c16-907e-040a9be789f0,73a6d14e3f96b49c8ed8c01c1c3d03b1,Unclassified,No,,,,,Australia
Altenpfleger (m/w/d) in Bad Driburg,Nursing Professionals,2221,222,22,Nursing Professionals,Nordrhein-Westfalen,Bad Driburg,akut... Medizinische Personallogistik,,2021-03-02,Undefined,,"Werden Sie Teil unseres akut... Teams! Unsere Vorteile für Sie als examinierter Altenpfleger (m/w/d) : Einen unbefristeten Arbeitsvertrag Flexible Arbeitszeitmodelle (Vollzeit, Teilzeit oder Mini-Job) Eine attraktive und leistungsgerechte Vergütung Lückenlose Einsatzplanung garantiert Jahressonderzahlungen (Urlaubs- und Weihnachtsgeld) gem. IGZ-Tarifvertrag * Nacht-, Wochenend- und Feiertagszuschläge Garantierte Überstundenvergütung oder Freizeitausgleich Vermögenswirksame Leistungen/Betriebsrente Nach der Probezeit besteht die Möglichkeit der Bereitstellung eines PKW zur vollen beruflichen und privaten Nutzung Mitsprache bei der Dienstplangestaltung Fahrtkostenzuschuss oder Kinderbetreuungszuschuss Verbindliche Urlaubsplanung Weiterbildungsmöglichkeiten bei kooperierenden Bildungsträgern Persönliche Betreuung und verlässliche Absprachen durch unser Akut-Team Arbeitsmedizinische Vorsorgeuntersuchungen Wir wünschen uns von Ihnen als examinierter Altenpfleger (m/w/d): Gerne würden wir Sie persönlich kennenlernen Eine abgeschlossene Ausbildung als Altenpfleger (m/w/d) oder Gesundheits- und Krankenpfleger Flexibilität & Zuverlässigkeit gehören zu Ihren Stärken, ebenso wie der Spaß an der Arbeit mit älteren Menschen gerne auch Berufseinsteiger oder Wiedereinsteiger Führerschein und Pkw sind zwingend erforderlich Ihre Aufgaben als examinierter Altenpfleger (m/w/d) : Pflegen und Betreuen der Patienten Krankenbeobachtung Grund- und Behandlungspflege Pflegedokumentation Haben wir Ihr Interesse geweckt? Bewerben Sie sich jetzt vorzugsweise Online, per E-Mail oder per Post. Für Fragen und weitere Informationen stehen wir Ihnen montags bis donnerstags zwischen 08:00 und 17:00 Uhr und freitags von 08:00 bis 16:00 Uhr unter der Rufnummer: 05231-74 20 600 oder per Whats App unter 0151-51215183 zur Verfügung. Weitere interessante Stellenangebote finden Sie unter www.akut-medizin.de. Wir freuen uns auch über Ihren Besuch auf unserer Facebook-Seite Jetzt bewerben JobNinja",,,,healthcare,2026-10-07,https://www.careerjet.de/jobad/de09712e6ad1bb245d60558f050afd45e2,5f274aae9dacc5c902c887e2ccb98bd4,Lexicon,No,,,,,Germany
Gesundheits- und Krankenpfleger (m/w/d) ohne Anerkennung,Nursing Professionals,2221,222,22,Nursing Professionals,Bavaria,85221 Dachau,Trenkwalder Deutschland,,2021-03-02,Undefined,,"Sie haben Ihre Ausbildung zur Krankenschwester (m/w/d) in Ihrem Heimatland abgeschlossen und suchen nun eine Stelle in München? Sie suchen einen Job, in dem Sie zeigen können was in Ihnen steckt? Sie möchten sich weiterentwickeln, wissen aber nicht wie? Wir geben Ihnen Starthilfe für Ihren erlernten Traumjob, unterstützen Sie im Anerkennungsverfahren und kümmern uns darum, dass Ihr Potential nicht ungenutzt bleibt. Wir suchen Sie für ein Klinikum in München zum nächstmöglichen Zeitpunkt in Vollzeit als Gesundheits- und Krankenpfleger (m/w/d) ohne Anerkennung. Gesundheits- und Krankenpfleger (m/w/d) ohne Anerkennung Ihre Vorteile: Unbefristeter Arbeitsvertrag Urlaubs- und Weihnachtsgeld Fort- und Weiterbildungsmöglichkeiten Preisgünstige Wohnungen direkt am Klinikum Parkplätze stehen zu Verfügung Unterstützung im Anerkennungsverfahren, Hilfestellung die benötigten Unterlagen bei der Behörde einzureichen und stehen Ihnen für den gesamten Prozess zur Seite Ihre Qualifikationen: Eine mindestens dreijährige, erfolgreich abgeschlossene Ausbildung als Gesundheits- und Krankenpfleger (m/w/d) oder Krankenschwester (m/w/d) im Heimatland Sehr gute Deutschkenntnisse (min. B1 Niveau) Den Wunsch und die Bereitschaft zur fachlichen und persönlichen Weiterentwicklung Eine aufgeschlossene Persönlichkeit, ausgeprägte kommunikative Fähigkeiten und absolute Zuverlässigkeit Bereitschaft zur Arbeit im 3-Schicht-System Ihre Aufgaben: Grund- und eingeschränkte Behandlungspflege Lagerung und Mobilisierung der Patienten Prüfung der Vitalfunktionen und Durchführung von physikalischen Therapiemaßnahmen Pflegedokumentation Unterstützung des examinierten Pflegepersonals Trenkwalder Personaldienste GmbH Melanie Hummel Stellv. Geschäftsstellenleiterin 80333 München, Schleißheimer Straße 2 Tel. 089178766413 Email: dejobmuenchenmedical145@trenkwalder.com Trenkwalder ist ein Arbeitgeber, der Chancengleichheit fördert!",,,,healthcare,2026-10-07,https://de.indeed.com/rc/clk?jk=c901c8043232d8d5&from=vj&pos=bottom&mvj=0&sjdu=YAMd6UJyGWgvrHoJpyMluoDDplm6SwWjHcxyoDIphKliLrQqBorkbQx9c7Jfel7EkN0wkll9wDHc3mnStM4Hmg&astse=4c2b33231fe30e93&assa=9222,88cc9c5377e18ba8ce33e4df1d12ccc9,Lexicon,No,,,,,Germany
Pflegefachkraft (m/w/d),Nursing Professionals,2221,222,22,Nursing Professionals,Thüringen,Eisfeld,ARWA Personaldienstleistungen,,2021-03-02,Undefined,,"ARWA Personaldienstleistungen GmbH bietet in wenigen Schritten den richtigen Job in Ihrer Region. Als Pflegefachkraft (m/w/d) werden Sie zukünftig ein wichtiger Bestandteil unseres Kundenunternehmens in Eisfeld sein. Ihre Arbeitszeit wird Vollzeit, Teilzeit - flexibel, Teilzeit - Schicht, Teilzeit - Vormittag, Teilzeit - Nachmittag, Teilzeit - Abend, Schicht, Nachtarbeit, Wochenende sein. Ihre Aufgaben als Pflegefachkraft (m/w/d) umfassen nachfolgende Bereiche: - Ausführen ärztlicher Verordnungen, Medikamentengabe - Beurteilen des Pflegezustandes der Patienten sowie Einleiten von Maßnahmen - Führen der Pflegedokumentation - Unterstützung bei der Umsetzung des Pflege- und Einrichtungskonzeptes Wir legen großen Wert auf eine individuelle Laufbahnberatung und Karriereplanung. Dadurch können Sie sich interessante Perspektiven erarbeiten - auch in Fach- und Führungspositionen. Was Sie dazu brauchen? Ihre Kenntnisse und Fähigkeiten als Pflegefachkraft (m/w/d): - Gesundheits- und Krankenpflegehelfer/in - Altenarbeit, Seniorenarbeit - Altenpflege - Grundpflege Sprachkenntnisse: - Deutsch (Grundkenntnisse) Ihre persönlichen Stärken zeichnen Sie aus: - Selbständiges Arbeiten - Sorgfalt/Genauigkeit - Zuverlässigkeit Was uns unterscheidet? Unsere Leistungen für Sie als Pflegefachkraft (m/w/d): - Betreuung vor Ort - Sehr gute Übernahmechancen - Langfristiger Einsatz im Kundenunternehmen - Abschlagszahlungen Wir von ARWA Personaldienstleistungen GmbH stehen für 3 Werte im Leben, die wir für unabdingbar halten und in unserem Unternehmen täglich integrieren. Wir haben Respekt voreinander und unterstützen uns in allen Belangen. Wir schätzen jeden Bewerber und gehen auf dessen Vorstellungen persönlich ein. Wir sind die, die einen Unterschied machen! Werden auch Sie Mitarbeiter von ARWA Personaldienstleistungen GmbH und profitieren Sie von unseren Mitarbeiter-Rabatten bei über 200 namhaften Anbietern. Ihnen hat noch kein Stellenangebot zugesagt? Dann bewerben Sie sich initiativ unter www.arwa.de/bewerbung Mit Ihrer Bewerbung erklären Sie sich mit den Datenschutzrichtlinien der Fa. ARWA einverstanden (zu finden auf unserer Homepage unter „Datenschutz""). Eine Stellenanzeige von ARWA Personaldienstleistungen GmbH Jobtool",,,,healthcare,2026-10-07,https://www.careerjet.de/jobad/de3fa6020add477e0425f89d8306958cb1,d1222352890675171da9e90a03e5d720,Lexicon,No,,,,,Germany
Altenpfleger (m/w/d) in Minden,Nursing Professionals,2221,222,22,Nursing Professionals,Nordrhein-Westfalen,Minden,akut... Medizinische Personallogistik,,2021-03-02,Undefined,,"Einen abwechslungsreichen Job, neue Kollegen und wechselnde Herausforderungen finden Sie bei uns. Unsere Vorteile für Sie als Altenpfleger (m/w/d) : Einen unbefristeten Arbeitsvertrag Eine attraktive und leistungsgerechte Vergütung Flexible Arbeitszeitmodelle (Vollzeit, Teilzeit oder Mini-Job) Jahressonderzahlungen (Urlaubs- und Weihnachtsgeld) gem. IGZ-Tarifvertrag Lückenlose Einsatzplanung Nach der Probezeit besteht die Möglichkeit der Bereitstellung eines PKW zur vollen beruflichen und privaten Nutzung Nacht-, Wochenend- und Feiertagszuschläge Garantierte Überstundenvergütung oder Freizeitausgleich Vermögenswirksame Leistungen/Betriebsrente Mitsprache bei der Dienstplangestaltung Fahrtkostenzuschuss oder Kinderbetreuungszuschuss Verbindliche Urlaubsplanung Weiterbildungsmöglichkeiten bei kooperierenden Bildungsträgern Persönliche Betreuung und verlässliche Absprachen durch unser Akut-Team Arbeitsmedizinische Vorsorgeuntersuchungen Bewerber 50+ sind bei uns herzlich willkommen! Wir wünschen uns von Ihnen als Altenpfleger (m/w/d): Sie persönlich kennenzulernen Eine abgeschlossene Ausbildung als Altenpfleger (m/w/d) oder Gesundheits- und Krankenpfleger (m/w/d) Flexibilität & Zuverlässigkeit gehören zu Ihren Stärken, ebenso wie der Spaß an der Arbeit mit älteren Menschen * Führerschein und Pkw sind wünschenswert Ihre Aufgaben als Altenpfleger (m/w/d): Umfassende Grund- und Behandlungspflege der Bewohner Zusammenarbeit mit Ärzten Dokumentation der Pflege Mitwirkung bei therapeutischen Maßnahmen Bewerben Sie sich jetzt vorzugsweise Online, per E-Mail oder per Post. Für Fragen und weitere Informationen stehen wir Ihnen montags bis donnerstags zwischen 08:00 und 17:00 Uhr und freitags von 08:00 bis 16:00 Uhr unter der Rufnummer: 05231-74 20 600 oder per WhatsApp unter 0151-51215183 zur Verfügung. Weitere interessante Stellenangebote finden Sie unter www.akut-medizin.de. Wir freuen uns auch über Ihren Besuch auf unserer Facebook-Seite Jetzt bewerben JobNinja",,,,healthcare,2026-10-07,https://www.careerjet.de/jobad/de90f17ad9bac3f16981574948433dd433,fb70c4939a399bb866c6d374479f4730,Lexicon,No,,,,,Germany
Krankenpfleger (m/w/d) allgemeine Chirurgie und Hämatologie,Nursing Professionals,2221,222,22,Nursing Professionals,Schleswig-Holstein,Lübeck,Pluss Personalmanagement,,2021-03-07,Undefined,,"Ihr Vorteil: Beschäftigung in Vollzeit oder Teilzeit möglich ein unbefristeter Arbeitsvertrag Sehr gutes Arbeitsklima mit persönlicher Atmosphäre und wertschätzendem Miteinander Sehr gute interne und externe Fort- und Weiterbildungsmöglichkeiten mit finanzieller Unterstützung Sorgfältige und strukturierte Einarbeitung Digitale Patientendokumentation Nichts zu verlieren - nehmen Sie Ihre Zukunft selbst in die Hand! Ob frisch ausgelernt oder bereits im erfahrenen Berufsalter - bei uns sind Bewerber aller Altersgruppen sowie Berufseinsteiger und -rückkehrer herzlich willkommen! Wir freuen uns, Sie kennenzulernen! Bei Interesse bewerben Sie sich telefonisch unter der 040-23 88 11 -29/-30 oder über unser Bewerbungsformular unter . Gerne können Sie Ihre Bewerbungsunterlagen auch direkt per Mail unter an uns schicken. Es wird zur besseren Lesbarkeit im Text nur die männliche Sprachform verwandt. Der Text gilt unter Berücksichtigung des AGG für alle Geschlechter. Pluss Personalmanagement",,,,healthcare,2026-10-07,https://www.careerjet.de/jobad/de60686e3324cf483f33e766dc115eb046,c9c5dad4648f8e2a41eb9dabf83a0bd5,Lexicon,No,,,,,Germany
Medizinisch-technischen Assistent (m/w/d) - Funktionsdiagnostik oder Gesundheits- und Krankenpfleger (m/w/d),Nursing Professionals,2221,222,22,Nursing Professionals,Thüringen,Arnstadt,Ilm-Kreis-Kliniken Arnstadt-Ilmenau gGmbH,,2021-03-07,Undefined,,"Die Ilm-Kreis-Kliniken Arnstadt-Ilmenau gGmbH ist ein vom Ilm-Kreis getragenes Krankenhaus der regionalen Versorgung an zwei Standorten. In neun medizinischen Fachabteilungen mit über 450 Betten werden jährlich rund 20.000 Patient/innen stationär sowie mehr als 30.000 Patient/innen ambulant versorgt. Als akademisches Lehrkrankenhaus arbeiten wir mit dem Universitätsklinikum Jena zusammen. Für unsere mehr als 800 Mitarbeiter/innen bieten sich in dieser Struktur vielfältige Entwicklungsmöglichkeiten. Für unsere kardiologische Funktionsabteilung und Herzkatheterlabor am Standort Arnstadt suchen wir zum nächstmöglichen Zeitpunkt einen Medizinisch-technischen Assistent (m/w/d) - Funktionsdiagnostik oder Gesundheits- und Krankenpfleger (m/w/d) in Teilzeit Aufgaben selbstständige professionelle Versorgung der Patienten Vorbereitung, Assistenz und Nachsorge bei diagnostischen und therapeutischen Maßnahmen Mitarbeit in der Durchführung der kardiologischen Funktionsdiagnostik und in der HNO- Ambulanz Einsatz im Herzkatheterlabor mit Teilnahme an Rufdiensten Erfassung pflegerelevanter Daten und Durchführung der Patientendokumentation Qualifikation abgeschlossene Berufsausbildung zum MTA-F, Gesundheits- und Krankenpfleger bzw. Krankenschwester / Krankenpflegervorzugsweise Berufserfahrung im Bereich der Kardiologie ausgeprägtes Qualitätsbewusstsein und Patientenorientierung als Grundlage für den Behandlungsprozess Fähigkeit zur selbstständigen, organisierten und wirtschaftlichen Arbeit Kommunikations- und Teamfähigkeit sowie gute EDV-Kenntnisse Benefits abwechslungsreiche und eigenverantwortliche Tätigkeit in einem kompetenten Team Förderung der kontinuierlichen Fort- und Weiterbildung moderne Arbeitsbedingungen und tarifgerechte Bezahlung in Anlehnung an den Tarifvertrag des öffentlichen Dienstes mit betrieblicher Zusatzversorgung betriebliche Gesundheitsförderung, Ideenmanagement und verschiedene Mitarbeitervorteile familienbewusste Unternehmenspolitik gute Verkehrsanbindung und Parken zu Mitarbeiterkonditionen eigene Kantine mit Zuschuss zum Mittagessen Für telefonische Auskünfte steht Ihnen gerne Herr Matthias Keschke, Pflegedienstleiter, unter der Telefonnummer 03628/919-125 zur Verfügung. Wir freuen uns über Ihre Bewerbung über unser Bewerberportal. Alternativ übersenden Sie uns Ihre Unterlagen per Email an: Fragen zum Bewerbungsprozess oder bei technischen Schwierigkeiten beantwortet Ihnen gern Frau Diana Schulz, Personalreferentin (Tel.: 03628/919 -102). JOIN",,,,healthcare,2026-10-07,https://www.careerjet.de/jobad/de7d8dba44f002ad21e2765216ee7832c9,14b8db4f597a37e2450d9d8cb611e211,Lexicon,No,,,,,Germany
Gesundheits- und Krankenpfleger (m/w/d),Nursing Professionals,2221,222,22,Nursing Professionals,Niedersachsen,Hannover,Pluss Personalmanagement,,2021-03-07,Undefined,,"Pflegefachkraft für eine Beatmungs-WG Dieser Pflegedienst ist auf der Suche nach Pflegefachkräften für eine Beatmungswohngemeinschaft. Dem Pflegedienst liegt vor allem eine hohe Qualität der Pflege am Herzen. Zudem wird in einem kleinen Team gearbeitet, in welchem eine offene Kommunikation herrscht und zur aktiven Mitgestaltung des Arbeitsalltags eingeladen wird. Eine Zusatzqualifikation in „Außerklinischer Beatmung"" ist wünschenswert, falls nicht vorhanden werden Weiterbildungen angeboten. Vorab haben Sie natürlich die Möglichkeit zu hospitieren um sich ein Bild von diesem Arbeitsbereich machen zu können. Welche Qualifikation müssen Sie mitbringen? Sie verfügen über eine abgeschlossene Ausbildung zum Gesundheits- und Krankenpfleger (m/w/d) oder Altenpfleger (m/w/d) Zusatzqualifikation „Außerklinische Beatmung"" oder Erfahrung im Intensivbereich wünschenswert Engagement, Teamfähigkeit und Verantwortungsbewusstsein Eine strukturierte und bewohnerorientierte Arbeitsweise Eine hohe Sozialkompetenz Was erwartet Sie? Eine wertschätzende Unternehmenskultur Ein unbefristeter Arbeitsvertrag Eine strukturierte Einarbeitung Eine attraktive Vergütung (Einstiegsgehalt 17,00 €/Std.) Zuschläge für Nachtdienst, Feiertag und Wochenenden (24.12. und 31.12. 100%) Dienste im 3- Schicht-System (Schichtwünsche verhandelbar) Besondere Wunschdienste werden verbindlich umgesetzt Weitere Zuschüsse wie Fahrtkosten o.ä. sind verhandelbar Die Einrichtung plant die gesetzlich vorgeschriebenen Fortbildungen für Sie und übernimmt die Kosten Nichts zu verlieren - nehmen Sie Ihre Zukunft selbst in die Hand! Ob frisch ausgelernt oder bereits im erfahrenen Berufsalter - bei uns sind Bewerber aller Altersgruppen sowie Berufseinsteiger und -rückkehrer herzlich willkommen! Wir freuen uns, Sie kennenzulernen! Bei Interesse bewerben Sie sich telefonisch unter der 040-23 88 11 -29/-30 oder über unser Bewerbungsformular unter . Gerne können Sie Ihre Bewerbungsunterlagen auch direkt per Mail unter an uns senden oder Sie nutzen unserem WhatsApp-Service unter: 0152 521 69 184 oder 0170.22 66 346. Es wird zur besseren Lesbarkeit im Text nur die männliche Sprachform verwandt. Der Text gilt unter Berücksichtigung des AGG für alle Geschlechter. Pluss Personalmanagement",,,,healthcare,2026-10-07,https://www.careerjet.de/jobad/de3c869eeafac0c72e69abdf36eb879ad6,ec71f38544a69c562be386f63c7fa806,Lexicon,No,,,,,Germany
Examinierter Altenpfleger (m/w/d) TOP Gehalt Seniorenresidenz,Nursing Professionals,2221,222,22,Nursing Professionals,Bayern,Willmars,Score Personal,,2021-03-11,Undefined,,"Ein renommiertes und angesehenes Seniorenheim im genannten Großraum sucht für den weiteren Ausbau des bestehenden Teams einen neuen examinierten Altenpfleger (m/w/d) in Vollzeit, Teilzeit oder auf 450€ Basis. Neben TOP Konditionen bietet die Pflegeeinrichtung eine Festanstellung, flexible Schichtsysteme und genießt außerdem in der Region einen sehr guten Ruf. Das Seniorenheim bietet Ihnen: Ein sehr gutes Einstiegsgehalt (je nach Qualifizierung und Vorkenntnissen) Mehr Freizeit durch flexible Arbeitszeiten / Schichtsysteme Nach Wunsch Voll- oder Teilzeitbeschäftigung Fort- und Weiterbildungsmöglichkeiten zur WBL, PDL oder ähnlichem, inklusive Kostenübernahme durch den Arbeitgeber Einen guten Personalschlüssel (krankheitsbedingte Ausfälle können sehr gut abgedeckt werden) Ihre Aufgaben sind Sie übernehmen die ganzheitliche Überwachung, Betreuung und fachgerechte Pflege der Bewohner, die Ihnen anvertraut werden Die Tagesgestaltung der Bewohner so motivierend und abwechslungsreich wie möglich zu gestalten Sie ermöglichen den Bewohnern, ein selbstbestimmtes sorgenfreies Leben zu führen, indem Sie ihnen unterstützend zur Seite stehen Außerdem gestalten Sie den Wohnbereich mit Ihren Ideen aktiv mit Das Pflegeheim wünscht sich von Ihnen Sie haben einen erfolgreichen Abschluss in der Altenpflege oder Krankenpflege als examinierter Altenpfleger / Altenpflegerin / Krankenschwester / Krankenpfleger oder Gesundheits- und Krankenpfleger (m/w/d) Einen respekt- und würdevollen Umgang und pflegebedürftigen Menschen Interesse, die Pflegequalität des Hauses kontinuierlich weiterzuentwickeln Ihre Vorteile bei einer Bewerbung über SCORE Sie brauchen für Ihre Bewerbung nur einen Lebenslauf Auf Wunsch schlagen wir Ihnen weitere TOP Stellenangebote aus Ihrer Region vor Sie werden von uns noch am selben Tag zurückgerufen Wir haben den direkten Kontakt zu den „Entscheidern"" in den Einrichtungen Wir organisieren für Sie das Vorstellungsgespräch und nehmen Ihnen die ganze Bürokratie ab Keine Zeitarbeit sondern Festanstellung direkt beim Arbeitgeber Für Sie als Bewerber ist unsere Arbeit absolut kostenfrei JobNinja",,,,healthcare,2026-10-07,https://www.careerjet.de/jobad/de1d50c013c6e1d724f91812749c465921,c859585e778fa309016623c516ce7542,Lexicon,No,,,,,Germany
Gesundheits- und Krankenpfleger (m/w/d),Nursing Professionals,2221,222,22,Nursing Professionals,Niedersachsen,Lüneburg,Pluss Personalmanagement,,2021-03-14,Undefined,"€ 18,00 pro Stunde","Wir suchen Sie ab sofort als Gesundheits- und Krankenpfleger (m/w/d) Wir bieten Ihnen: abgestimmte Arbeitszeiten auf familiäre und private Bedürfnisse (Kindererziehung, Pflege naher Angehöriger etc.) garantiert planbare Freizeit und sichere Urlaubsplanung nach individueller Rücksprache kostenlose Fort- und Weiterbildungsmöglichkeiten im eigenen Kompetenzzentrum Integration in ein tolles Team mit steter persönlicher Betreuung vor Ort und Einsatzbegleitung unbefristeten Arbeitsplatz mit fairer Vergütung inkl. Zuschlägen und Prämien (inkl. Urlaubs- und Weihnachtsgeld) Attraktive Mitarbeiterrabatte bei über150 Partnern (z. B. adidas, Zalando, Sony, Sky u. v. m.) Betriebliches Gesundheitsmanagement Ihre Aufgabengebiete: Ermittlung des Pflegebedarfs und eigenverantwortliche, umfassende Pflege von kranken und pflegebedürftigen Menschen Durchführung von ärztlich veranlassten Maßnahmen Assistenz bei Untersuchungen und Behandlungen Dokumentation der Pflege Beratung, Anleitung und Unterstützung von kranken und pflegebedürftigen Menschen und deren Bezugspersonen Unsere Anforderungen ans Sie als Gesundheits- und Krankenpfleger (m/w/d): abgeschlossene Ausbildung als Gesundheits- und Krankenpfleger (m/w/d) oder ähnliche Qualifikation Berufserfahrung wünschenswert, aber auch gerne Berufseinsteiger, die auf der Suche nach „Ihrem"" geeigneten Arbeitsplatz sind hohes Maß an Verantwortungsbewusstsein und sozialer Kompetenz aufgeschlossene und einfühlsame Persönlichkeit mit Teamfähigkeit pluss Personalmanagement ist Ihr Ansprechpartner für Jobs in der Medizin- und Pflegebranche! Ob in der Kranken- oder Altenpflege - Sie leisten verantwortungsvolle Arbeit. Umso mehr liegt es uns am Herzen, für Sie den optimalen Arbeitgeber und Einsatzbereich zu finden, damit Sie Ihre beruflichen Ziele verwirklichen können. Unsere Experten aus dem Bereich Care People bieten Ihnen vielfältige Karrierechancen! Sie suchen nicht direkt in Lüneburg eine Anstellung, sondern vielleicht einen Job in Winsen oder Seevetal? Sprechen Sie uns an! oder rufen Sie uns an unter: +49(40) 767951726 Es wird zur besseren Lesbarkeit im Text nur die männliche Sprachform verwandt. Der Text gilt unter Berücksichtigung des AGG für alle Geschlechter. Gehalt: ab 18,- EUR/h Appcast",,,,healthcare,2026-10-07,https://www.careerjet.de/jobad/deb035750a4c7be43ae69118da3275480b,acdb1a61a8ae9e1490e94f774f976f91,Lexicon,No,,,,,Germany
Gesundheits- und Krankenpfleger (m/w/d),Nursing Professionals,2221,222,22,Nursing Professionals,Niedersachsen,Hameln,Sana Kliniken,,2021-03-14,Undefined,,"Sana Klinikum Hameln-Pyrmont wissen ganz genau, worauf es in der Pflege ankommt - von A wie Arzneimittel bis Z wie Zuversicht. Huyen Thi Pham, seit 2016 bei Sana Chancen geben. Chancen nutzen. Bei Sana. sana.de/karriere Huyen Thi Pham, seit 2016 bei Sana Verstärken Sie uns zum nächstmöglichen Zeitpunkt in Voll- oder Teilzeit als Gesundheits- und Krankenpfleger (m/w/d) mit oder ohne Fachweiterbildung Das Sana Klinikum Hameln-Pyrmont bietet als zweitgrößter Arbeitgeber der Region mit rund 1.200 gut qualifizierten Mitarbeitern eine kompetente medizinische Versorgung für rund 65.000 stationäre und ambulante Patienten jährlich. Mit 402 Plan­betten, 14 bettenführenden Fachbereichen und über 100 Ausbildungsplätzen in der Patienten­versorgung und Verwaltung sind wir einer der großen Gesundheits­dienst­leister in Niedersachsen. Als Teil der Sana Kliniken AG gehört das Klinikum zu einem leistungsstarken Verbund. Als regional größtes Klinikum bieten wir Ihnen ein breites Spektrum an möglichen Einsatzbereichen. Die Spanne reicht über die internistischen oder chirurgischen Fach­kliniken und Funktionsbereiche sowie der Geburtshilfe bis hin zur Versorgung von über­wachungs- und intensivpflichtigen Patienten oder der Tätigkeit im OP. Lassen Sie uns gemeinsam im persönlichen Gespräch Ihren Platz in unserem Klinikum finden. Hier ist Ihr Einsatz gefragt Durchführung aller pflegerischen Maßnahmen im Rahmen des Pflegeprozesses Vorbereitung und Nachsorge von diagnostischen, operativen und therapeutischen Maßnahmen Zusammenarbeit im interdisziplinären Team Einhaltung von Hygiene- und Unfallverhütungsvorschriften sowie der Gefahrstoffverordnung Darum sind Sie unsere erste Wahl Abgeschlossene Ausbildung als Gesundheits- und Krankenpfleger Ggf. Weiterbildung wie OP bzw. Intensiv und Anästhesie Fach­krankenpflege oder Bereitschaft, diese zu absolvieren Soziale, Integrative und kommunikative Kompetenz und Konflikt­fähigkeit Freude am und Flexibilität im Einsatz auf unterschiedlichen inter­nistischen und chirurgischen Stationen oder in unseren Funktions­bereichen Fähigkeit, organisatorische Veränderungen und Neuerungen als Herausforderung anzusehen und diese im Team mitzugestalten Und darum sind wir Ihre erste Wahl Wir bieten eine anspruchsvolle und abwechslungsreiche Aufgabe, individuelle Personalentwicklung durch interne und externe Fortbildungsmöglichkeiten sowie eine Vergütung nach TVöD und entsprechende Zusatzleistungen. Als einer der größten Gesund­heits­dienst­leister in Deutschland verfügt Sana über verschiedene Business Units (Gesundheits­versorgung, Krankenhaus-Services und Gesundheit) und versorgt jährlich rund 2,2 Millionen Patienten nach höchsten Qualitäts­ansprüchen. Mehr als 35.500 Mitarbeiter an über 54 Standorten vertrauen bereits auf uns. Sie alle profitieren von einem Arbeits­umfeld mit abwechs­lungs­reichen Herausforderungen und viel Raum für Eigeninitiative. Bei Sana können Sie sowohl eigene Schwer­punkte entwickeln als auch ein interdisziplinäres Netzwerk aufbauen. Jetzt bewerben! Sie haben vorab noch Fragen? Herr Göran Knösch, Pflegedirektor, beantwortet sie Ihnen gerne: Telefon 05151 97-3707 goeran.knoesch@sana.de Für Ihre Bewerbung geht es bis zum 09.05.2021 hier entlang: bewerbung.hameln@sana.de Sana Klinikum Hameln-Pyrmont Personalabteilung Saint-Maur-Platz 1 31785 Hameln Bitte beachten Sie unsere Datenschutzhinweise unter sana.de/karriere. Weitere Infos und viele gute Gründe, um bei uns zu arbeiten: sana.de/karriere sana-hm.de Ein Tochterunternehmen der Sana Kliniken AG, ausgezeichnet als einer der besten Arbeitgeber Bayerns 2018. Wir leben Krankenhaus - gerne mit Ihnen! Chancen geben. Chancen nutzen. Bei Sana. Meinestadt",,,,healthcare,2026-10-07,https://www.careerjet.de/jobad/def26a668a36694cbb383129d9bbdfb954,6ae44b89423b8e6c7eb2777cdaaeb221,Lexicon,No,,,,,Germany
Altenpfleger (m/w/d) in Vollzeit,Nursing Professionals,2221,222,22,Nursing Professionals,Niedersachsen,Lüneburg,Pluss Personalmanagement,,2021-03-14,Undefined,"€ 18,00 pro Stunde","Wir suchen Sie ab sofort als Altenpfleger (m/w/d) in Vollzeit Wir bieten Ihnen: abgestimmte Arbeitszeiten auf familiäre und private Bedürfnisse (Kindererziehung, Pflege naher Angehöriger etc.) garantiert planbare Freizeit und sichere Urlaubsplanung nach individueller Rücksprache kostenlose Fort- und Weiterbildungsmöglichkeiten im eigenen Kompetenzzentrum Integration in ein tolles Team mit steter persönlicher Betreuung vor Ort und Einsatzbegleitung unbefristeten Arbeitsplatz mit fairer Vergütung inkl. Zuschlägen und Prämien (inkl. Urlaubs- und Weihnachtsgeld) Attraktive Mitarbeiterrabatte bei über 150 Partnern (z. B. adidas, Zalando, Sony, Sky u. v. m.) Betriebliches Gesundheitsmanagement Ihre Aufgabengebiete: umfassende Pflege von hilfsbedürftigen, alten Menschen Mitwirkung bei der Behandlung kranker, alter Menschen Ausführung ärztlicher Verordnungen Betreuung und Beratung alter Menschen und deren Angehörigen Hilfe zur Erhaltung und Aktivierung der eigenständigen Lebensführung Dokumentation und allgemeine organisatorische und administrative Aufgaben Unsere Anforderungen an Sie als Altenpfleger (m/w/d): abgeschlossene Ausbildung als Altenpfleger (m/w/d) Berufserfahrung wünschenswert, aber auch gerne Berufseinsteiger, die auf der Suche nach „Ihrem"" geeigneten Arbeitsplatz sind hohes Maß an Verantwortungsbewusstsein und sozialer Kompetenz aufgeschlossene und einfühlsame Persönlichkeit mit Teamfähigkeit pluss Personalmanagement ist Ihr Ansprechpartner für Jobs in der Medizin- und Pflegebranche! Ob in der Kranken- oder Altenpflege - Sie leisten verantwortungsvolle Arbeit. Umso mehr liegt es uns am Herzen, für Sie den optimalen Arbeitgeber und Einsatzbereich zu finden, damit Sie Ihre beruflichen Ziele verwirklichen können. Unsere Experten aus dem Bereich Care People bieten Ihnen vielfältige Karrierechancen! Sie suchen nicht direkt in Lüneburg eine Anstellung, sondern vielleicht einen Job in Winsen oder Seevetal? Sprechen Sie uns an! oder rufen Sie uns an unter: +49(40) 767951726 Es wird zur besseren Lesbarkeit im Text nur die männliche Sprachform verwandt. Der Text gilt unter Berücksichtigung des AGG für alle Geschlechter. Gehalt: ab 18,- EUR/h Appcast",,,,healthcare,2026-10-07,https://www.careerjet.de/jobad/de03ce7c72a11aa0e43801afb69d32b2ef,c9715c64b06e9e7c4ca4b0ed4a8914bf,Lexicon,No,,,,,Germany
Gesundheits- und Krankenpfleger (m/w/d) Seniorenresidenz TOP Gehalt,Nursing Professionals,2221,222,22,Nursing Professionals,Niedersachsen,Uelzen,Score Personal,,2021-03-14,Undefined,,"Eine renommierte und angesehene Seniorenresidenz im genannten Großraum sucht für den weiteren Ausbau des bestehenden Teams einen neuen examinierten Gesundheits- und Krankenpfleger (m/w/d) in Vollzeit, Teilzeit oder auf 450€ Basis. Neben TOP Konditionen bietet die Pflegeeinrichtung eine Festanstellung, flexible Schichtsysteme und genießt außerdem in der Region einen sehr guten Ruf. Das Seniorenheim bietet Ihnen: Ein sehr gutes Einstiegsgehalt (je nach Qualifizierung und Vorkenntnissen) Mehr Freizeit durch flexible Arbeitszeiten / Schichtsysteme Nach Wunsch Voll- oder Teilzeitbeschäftigung Fort- und Weiterbildungsmöglichkeiten zur WBL, PDL oder ähnlichem, inklusive Kostenübernahme durch den Arbeitgeber Einen guten Personalschlüssel (krankheitsbedingte Ausfälle können sehr gut abgedeckt werden) Ihre Aufgaben sind: Sie übernehmen die ganzheitliche Überwachung, Betreuung und fachgerechte Pflege der Bewohner, die Ihnen anvertraut werden Die Tagesgestaltung der Bewohner so motivierend und abwechslungsreich wie möglich zu gestalten Sie ermöglichen den Bewohnern, ein selbstbestimmtes sorgenfreies Leben zu führen, indem Sie ihnen unterstützend zur Seite stehen Außerdem gestalten Sie den Wohnbereich mit Ihren Ideen aktiv mit Das Pflegeheim wünscht sich von Ihnen: Sie haben einen erfolgreichen Abschluss in der Altenpflege oder Krankenpflege als examinierter Altenpfleger / Altenpflegerin / Krankenschwester / Krankenpfleger oder Gesundheits- und Krankenpfleger (m/w/d) Einen respekt- und würdevollen Umgang und pflegebedürftigen Menschen Interesse, die Pflegequalität des Hauses kontinuierlich weiterzuentwickeln Ihre Vorteile bei einer Bewerbung über SCORE: Sie brauchen für Ihre Bewerbung nur einen Lebenslauf Auf Wunsch schlagen wir Ihnen weitere TOP Stellenangebote aus Ihrer Region vor Sie werden von uns noch am selben Tag zurückgerufen Wir haben den direkten Kontakt zu den „Entscheidern"" in den Einrichtungen Wir organisieren für Sie das Vorstellungsgespräch und nehmen Ihnen die ganze Bürokratie ab Keine Zeitarbeit sondern Festanstellung direkt beim Arbeitgeber Für Sie als Bewerber ist unsere Arbeit absolut kostenfrei JobNinja",,,,healthcare,2026-10-07,https://www.careerjet.de/jobad/de3c47b1f479aa61af7e8ee83439520eec,4db7a9ecd40a18ed69fd827496a708da,Lexicon,No,,,,,Germany
Altenpfleger (m/w/d) stationäre Pflege,Nursing Professionals,2221,222,22,Nursing Professionals,Niedersachsen,Celle,pluss Personalmanagement GmbH Care People,,2021-03-26,Undefined,,"Wir suchen Sie ab sofort als Altenpfleger (m/w/d) stationäre Pflege Wir bieten Ihnen: abgestimmte Arbeitszeiten auf familiäre und private Bedürfnisse (Kindererziehung, Pflege naher Angehöriger etc.) garantiert planbare Freizeit und sichere Urlaubsplanung nach individueller Rücksprache kostenlose Fort- und Weiterbildungsmöglichkeiten im eigenen Kompetenzzentrum Integration in ein tolles Team mit steter persönlicher Betreuung vor Ort und Einsatzbegleitung unbefristeten Arbeitsplatz mit fairer Vergütung inkl. Zuschlägen und Prämien (inkl. Urlaubs- und Weihnachtsgeld) Mitarbeiterangebote (z. B. adidas, Zalando, Sony, Sky u. v. m.) Betriebliches Gesundheitsmanagement Ihre Aufgabengebiete: umfassende Pflege von hilfsbedürftigen, alten Menschen Mitwirkung bei der Behandlung kranker, alter Menschen Ausführung ärztlicher Verordnungen Betreuung und Beratung alter Menschen und deren Angehörigen Hilfe zur Erhaltung und Aktivierung der eigenständigen Lebensführung Dokumentation und allgemeine organisatorische und administrative Aufgaben Unsere Anforderungen an Sie als Altenpfleger (m/w/d): abgeschlossene Ausbildung als Altenpfleger (m/w/d) Berufserfahrung wünschenswert, aber auch gerne Berufseinsteiger, die auf der Suche nach „Ihrem"" geeigneten Arbeitsplatz sind hohes Maß an Verantwortungsbewusstsein und sozialer Kompetenz aufgeschlossene und einfühlsame Persönlichkeit mit Teamfähigkeit pluss Personalmanagement ist Ihr Ansprechpartner für Jobs in der Medizin- und Pflegebranche! Ob in der Kranken- oder Altenpflege - Sie leisten verantwortungsvolle Arbeit. Umso mehr liegt es uns am Herzen, für Sie den optimalen Arbeitgeber und Einsatzbereich zu finden, damit Sie Ihre beruflichen Ziele verwirklichen können. Unsere Experten aus dem Bereich Care People bieten Ihnen vielfältige Karrierechancen!",,,,healthcare,2026-10-07,https://www.jobs.de/jdp/altenpfleger-(m-w-d)-station%C3%A4re-pflege-j3p89d63kgn7hrr7t6y,07d77b499ddc0611df90664de0f0e7d9,Lexicon,No,,,,,Germany
Krankenpfleger (m/w/d),Nursing Professionals,2221,222,22,Nursing Professionals,Niedersachsen,Bramsche,pluss Personalmanagement GmbH Care People,,2021-03-27,Full-time,,"Wir suchen Sie ab sofort als Krankenpfleger (m/w/d) Unsere pluss-Punkte für Sie: unbefristeten Arbeitsplatz mit übertariflicher Vergütung inkl. Zuschlägen sowie Urlaubs- und Weihnachtsgeld planbare Freizeitgestaltung - zwei freie Wochenenden/Monat verbindliche Urlaubsplanung und flexible Handhabung Ihres persönlichen Arbeitszeitkontos Integration in ein tolles Team und stets individuelle Betreuung vor und während Ihres Einsatzes gemeinsam definiertes Einsatzgebiet arbeitsmedizinische Vorsorgeuntersuchungen und Work-Life-Balance Fortbildungen zu aktuellen Pflegethemen im eigenen Kompetenzzentrum inkl. Erwerb von Fortbildungspunkten attraktive Mitarbeiterrabatte bei über 150 Partnern (z. B. zalando, Jochen Schweizer, weg.de) auf Wunsch auch Übernahme bei unseren Kunden Firmenfahrzeug ab dem ersten Tag zur Sicherstellung der Mobilität möglich Ihre Aufgabengebiete: Ermittlung des Pflegebedarfs und eigenverantwortliche, umfassende Pflege von kranken und pflegebedürftigen Menschen Durchführung von ärztlich veranlassten Maßnahmen Assistenz bei Untersuchungen und Behandlungen Dokumentation der Pflege Beratung, Anleitung und Unterstützung von kranken und pflegebedürftigen Menschen und deren Bezugspersonen Unsere Anforderungen an Sie als Krankenpfleger (m/w/d) : abgeschlossene Ausbildung als Krankenpfleger (m/w/d) oder ähnliche Qualifikation Berufserfahrung wünschenswert, aber auch gerne Berufseinsteiger, die auf der Suche nach „Ihrem"" geeigneten Arbeitsplatz sind hohes Maß an Verantwortungsbewusstsein und sozialer Kompetenz aufgeschlossene und einfühlsame Persönlichkeit mit Teamfähigkeit pluss Personalmanagement ist Ihr Ansprechpartner für Jobs in der Medizin- und Pflegebranche! Ob in der Kranken- oder Altenpflege - Sie leisten verantwortungsvolle Arbeit. Umso mehr liegt es uns am Herzen, für Sie den optimalen Arbeitgeber und Einsatzbereich zu finden, damit Sie Ihre beruflichen Ziele verwirklichen können. Unsere Experten aus dem Bereich Care People bieten Ihnen vielfältige Karrierechancen! Ebenso ist uns eine wohnortnahe Beschäftigung für Sie wichtig. Sie suchen nicht direkt in Bramsche? Auch über benachbarte Orte, wie beispielsweise Westerkappeln, Neuenkrichen, Ankum, Fürstenau, Berge, Ostercappeln, Wallenhorst oder Lotte, können wir gerne sprechen.",,,,healthcare,2026-10-07,https://www.jobs.de/jdp/krankenpfleger-(m-w-d)-j3n7zr6pjb3xgtwzzdv,1f362080f4486546f537259836aecd51,Lexicon,No,,,,,Germany
Examinierte Pflegekraft (m/w/d),Nursing Professionals,2221,222,22,Nursing Professionals,Lower saxony,21337 Lüneburg,ZAG Personal & Perspektiven,,2021-03-28,Full-time,,"Eine gute Chance zur beruflichen Entwicklung! Für unsere Kunden suchen wir Verstärkung im Rahmen der Arbeitnehmerüberlassung: Examinierte Pflegekraft (m/w/d) Ihre Aufgaben Grundpflegerische Versorgung alter und kranker Menschen in stationären und ambulanten Einrichtungen Planung und Dokumentation der Pflegemaßnahmen Motivation zu Beschäftigungen und Freizeitgestaltungen Ihr Profil Abgeschlossene Berufsausbildung als Examinierte Pflegekraft (m/w/d), Examinierte Krankenschwester (m/w/d) oder eine vergleichbare Qualifikation Freude am verantwortungsvollen Arbeiten Hohes Maß an Engagement und ein freundliches Auftreten Ihre Perspektiven Professionelle Beratung und individuelle Auswahl passgenauer Positionen Netzwerkerweiterung mit interessanten Unternehmen Neue Herausforderungen und anspruchsvolle Projekte Dauerhafte Einsätze, langfristige Perspektiven, unbefristetes Arbeitsverhältnis Attraktive Vergütungsmodelle und betriebliche Altersvorsorge Mitarbeitervergünstigungen bei über 200 namhaften Anbietern Auszahlung von Überstunden auf Wunsch ZAG Personal & Perspektiven zählt mit über 10.000 Mitarbeitern in über 110 Geschäftsstellen zu den führenden Personaldienstleistern in Deutschland. Unser Kundenspektrum umfasst kleine und mittelständische Betriebe genau wie Großunternehmen aller Branchen. Seit 1984 bieten wir gute Jobs, ein starkes Netzwerk und echte Perspektiven auf dem Arbeitsmarkt.",,,,healthcare,2026-10-07,https://de.indeed.com/rc/clk?jk=a72df1ccb7fe7a66&from=vj&pos=bottom&mvj=0&sjdu=YAMd6UJyGWgvrHoJpyMluoDDplm6SwWjHcxyoDIphKlfGcZlYZYfdZeMQ1xTQORBkN0wkll9wDHc3mnStM4Hmg&astse=b5d2a5dc5883681e&assa=7950,5f17eb00bdfcffb1c718fd47d43087fc,Lexicon,No,,,,,Germany
Gesundheits- und Krankenpfleger (m/w/d),Nursing Professionals,2221,222,22,Nursing Professionals,Hessen,Offenbach am Main,pluss Personalmanagement GmbH Care People,,2021-03-28,Full-time,,"Wir suchen Sie ab sofort als Gesundheits- und Krankenpfleger (m/w/d) Wir bieten Ihnen: Einen unbefristeten Arbeitsvertrag in Teilzeit oder Vollzeit Überdurchschnittliche Vergütung zzgl. Zuschläge Fahrtkostenerstattung sowie ggf. Firmenfahrzeug zur Sicherstellung der Mobilität Urlaubs- und Weihnachtsgeld Enge Abstimmung bezüglich des Einsatzortes z.B. wohnortnahe Arbeitseinsätze abgestimmte Arbeitszeiten auf familiäre und private Bedürfnisse (Kindererziehung, Pflege naher Angehörige, etc.) Individuelle Fort- und Weiterbildungsangebote im eigenen Kompetenzzentrum sowie bei kooperierenden Bildungsträgern Attraktive Mitarbeiterrabatte (Zalando, SKY, Sony und über 150 weitere Partner) Ihre Aufgabengebiete: Ermittlung des Pflegebedarfs und eigenverantwortliche, umfassende Pflege von kranken und pflegebedürftigen Menschen Durchführung von ärztlich veranlassten Maßnahmen Assistenz bei Untersuchungen und Behandlungen Dokumentation der Pflege Beratung, Anleitung und Unterstützung von kranken und pflegebedürftigen Menschen und deren Bezugspersonen Unsere Anforderungen an Sie als Gesundheits- und Krankenpfleger : abgeschlossene Ausbildung als Gesundheits- und Krankenpfleger (m/w/d) oder ähnliche Qualifikation Berufserfahrung wünschenswert, aber auch gerne Berufseinsteiger, die auf der Suche nach „Ihrem"" geeigneten Arbeitsplatz sind hohes Maß an Verantwortungsbewusstsein und sozialer Kompetenz aufgeschlossene und einfühlsame Persönlichkeit mit Teamfähigkeit pluss Personalmanagement ist Ihr Ansprechpartner für Jobs in der Medizin- und Pflegebranche! Ob in der Kranken- oder Altenpflege - Sie leisten verantwortungsvolle Arbeit. Umso mehr liegt es uns am Herzen, für Sie den optimalen Arbeitgeber und Einsatzbereich zu finden, damit Sie Ihre beruflichen Ziele verwirklichen können. Unsere Experten aus dem Bereich Care People bieten Ihnen vielfältige Karrierechancen! Sie suchen nicht direkt in Offenbach (Main) eine Anstellung, sondern vielleicht einen Job in beispielsweise Mühlheim (Main), Dietzbach oder Rodgau? Sprechen Sie uns an!",,,,healthcare,2026-10-07,https://www.jobs.de/jdp/gesundheits---und-krankenpfleger-(m-w-d)-j3t7cc6pgnn05m3mb2b,9a529f97c5a44a1f972a572e13554a70,Lexicon,No,,,,,Germany
Gesundheits- und Krankenpfleger (m/w/d),Nursing Professionals,2221,222,22,Nursing Professionals,Schleswig-Holstein,Heide,pluss Personalmanagement GmbH Care People,,2021-03-28,Full-time,,"Wir suchen Sie ab sofort als Gesundheits- und Krankenpfleger (m/w/d) Wir bieten Ihnen: abgestimmte Arbeitszeiten auf familiäre und private Bedürfnisse (Kindererziehung, Pflege naher Angehörige, etc.) garantiert planbare Freizeit und sichere Urlaubsplanung nach individueller Rücksprache kostenlose Fortbildungen sowie Weiterbildungs- und Aufstiegschancen Integration in ein tolles Team mit steter persönlicher Betreuung vor Ort und Einsatzbegleitung unbefristeten Arbeitsplatz mit fairer Vergütung inkl. 100% Feiertagszuschlag, 50% Sonntagszuschlag, 25% Nachtzuschlag und Prämien (inkl. Urlaubs- und Weihnachtsgeld) Mitarbeiterangebote (z. B. adidas, Zalando, Sony, Sky u. v. m.) Betriebliches Gesundheitsmanagement Ihre Aufgabengebiete: Ermittlung des Pflegebedarfs und eigenverantwortliche, umfassende Pflege von kranken und pflegebedürftigen Menschen Durchführung von ärztlich veranlassten Maßnahmen Assistenz bei Untersuchungen und Behandlungen Dokumentation der Pflege Beratung, Anleitung und Unterstützung von kranken und pflegebedürftigen Menschen und deren Bezugspersonen Unsere Anforderungen an Sie als Gesundheits- und Krankenpfleger (m/w/d): abgeschlossene Ausbildung als Gesundheits- und Krankenpfleger (m/w/d) oder ähnliche Qualifikation Berufserfahrung wünschenswert, aber auch gerne Berufseinsteiger, die auf der Suche nach „Ihrem"" geeigneten Arbeitsplatz sind hohes Maß an Verantwortungsbewusstsein und sozialer Kompetenz aufgeschlossene und einfühlsame Persönlichkeit mit Teamfähigkeit pluss Personalmanagement ist Ihr Ansprechpartner für Jobs in der Medizin- und Pflegebranche! Ob in der Kranken- oder Altenpflege - Sie leisten verantwortungsvolle Arbeit. Umso mehr liegt es uns am Herzen, für Sie den optimalen Arbeitgeber und Einsatzbereich zu finden, damit Sie Ihre beruflichen Ziele verwirklichen können. Unsere Experten aus dem Bereich Care People bieten Ihnen vielfältige Karrierechancen! Ebenso ist uns eine wohnortnahe Beschäftigung für Sie wichtig. Sie suchen nicht direkt in Heide? Auch über benachbarte Orte, wie beispielsweise Büsum, Meldorf, Tönning oder Wesselburen, können wir gerne sprechen.",,,,healthcare,2026-10-07,https://www.jobs.de/jdp/gesundheits---und-krankenpfleger-(m-w-d)-j3p1jy6587yjyck7s2n,31697b1bbaaa32bc2cac159942c90f51,Lexicon,No,,,,,Germany
"Lebenshelfer für Senioren - Quereinstieg als Alltagsbegleiter, Altenpfleger (m,w,d)",Home-based Personal Care Workers,5322,532,53,Home-based Personal Care Workers,Nordrhein-Westfalen,Siegen,SeniorenLebenshilfe,,2021-03-29,Full-time,,"Lebenshelfer/in für unsere Senioren Was bietet Ihnen die SeniorenLebenshilfe? Als Lebenshelfer für Senioren sind Sie freiberuflich/auf selbstständiger Basis tätig und dennoch Teil eines deutschlandweiten Teams. Sie profitieren so zum einen von unserer jahrelangen Erfahrung in Bereichen wie Kundengewinnung, Marketing und Existenzgründung. Zum anderen geben wir Ihnen Raum, sich in diesem sozialen Beruf zu entfalten und Ihre Tatkraft und Kreativität in Ihr Arbeitsleben als Seniorenbegleiter einzubringen. Wir möchten mit Ihren Ideen und Erfahrungen unsere gemeinsame Entwicklung voranbringen. Weitere Vorteile für Sie bei der SeniorenLebenshilfe: sinnvolle, erfüllende Tätigkeit flexible, familienfreundliche Arbeitszeiten Vollzeit oder ab 25 Stunden keine Schichten und keine Wochenendarbeit Fahrzeit zum Einsatzort von max. 30 Minuten von Ihrem Wohnort aus unbefristetes Vertragsverhältnis Quereinstieg möglich (auch ohne Erfahrungen in einem sozialen Beruf) die Freiheiten einer Selbstständigkeit und die Absicherung eines Angestelltenverhältnisses persönliche, enge und vertrauensvolle Kontakte zu Ihren Senioren (und genügend Zeit dafür!) zahlreiche Weiterbildungen, z. B. fachliche und persönliche Trainings (insbesondere auch für Quereinsteiger) die Möglichkeit für persönliches Wachstum in einem gut organisierten, jungen Familienunternehmen Ihre Aufgaben als Lebenshelfer für Senioren Als Lebenshelfer sind Sie vor allem eine Art Alltagsbetreuer. Die SeniorenLebenshilfe wird vorpflegerisch tätig. Das bedeutet, dass Sie als Lebenshelfer oder Lebenshelferin für Senioren nicht als Pflegekraft (oder als Pflegeassistent/Pflegeassistentin) arbeiten. Dementsprechend benötigen Sie nicht zwingend eine Ausbildung im sozialen Bereich, der Pflegebegleitung oder der Seniorenbetreuung (wie z. B. Altenpfleger/Altenpflegerin oder Hauswirtschafter/Hauswirtschafterin). Stattdessen bietet die SeniorenLebenshilfe Ihnen als Quereinsteiger zahlreiche Schulungen an, um Sie auf Ihre Tätigkeit als Lebenshelfer vorzubereiten. Zu Ihren Aufgaben zählen zum Beispiel: Unterstützung Ihrer Senioren als Alltagsbegleiter/Alltagsbegleiterin Begleitung zum Arzt oder zu anderen Terminen mit Ihrem PKW Einkäufe, Einlösen von Rezepten etc. Hauswirtschafter/in oder Haushaltshilfe für Senioren, z. B. Essen kochen, saubermachen Unterstützung im Kontakt mit Behörden, Krankenschwester/Krankenpfleger etc. Freizeitgestaltung und vertrauensvolle Gespräche Erstberatung bei interessierten Senioren, telefonische Beratung von Neukunden Organisation Ihres Homeoffice und Ihrer Termine eigenverantwortliche Leistungserfassung und Rechnungslegung Unser Versprechen ist eine Rundum-Seniorenbegleitung, die sich nach den Bedürfnissen unserer Kunden richtet. Ihr ideales Profil als Lebenshelfer/Lebenshelferin Vielleicht haben Sie bereits in einem sozialen Beruf gearbeitet, etwa als Krankenschwester/Krankenpfleger, Altenpfleger/Altenpflegerin oder Pflegehelfer/Pflegehelferin. Aber auch wenn Sie keine Erfahrung in einem Pflegeberuf haben, ist ein Quereinstieg für Sie möglich. Vielleicht blicken Sie auf langjährige Berufspraxis zurück und möchten neuen Sinn in Ihr Arbeitsleben bringen. Oder Sie haben sich in den letzten Jahren intensiv Ihrer Familie gewidmet und suchen einen beruflichen Wiedereinstieg? Uns ist vor allem eines wichtig: Dass Ihnen die Arbeit mit Menschen - insbesondere mit Senioren - eine Herzensangelegenheit ist. Außerdem setzen wir Folgendes voraus: eine herzliche, aufmerksame und fürsorgliche Art sehr gute kommunikative Fähigkeiten gutes Allgemeinwissen, gern im sozialen Bereich viel Ruhe und Geduld als Seniorenbetreuer selbstbewusstes und zielstrebiges Arbeiten Bereitschaft, sich selbstständig zu machen Einsatzbereitschaft, Flexibilität und Verantwortungsbewusstsein PKW-Führerschein der Klasse B Grundkenntnisse im Umgang mit PC und Internet Unterstützen Sie Senioren: Werden Sie Lebenshelfer bei der SeniorenLebenshilfe! Unsere LebenshelferINNEN betreuen deutschlandweit Senioren, die Unterstützung im Alltag benötigen. Unsere Vision: Wir ermöglichen Senioren ein würdevolles, selbstbestimmtes Leben im eigenen Zuhause. Unsere Lebenshelfer sind vertraute Ansprechpartner für unsere Senioren: Alltagsbegleiter, Hauswirtschafter und Freizeitgestalter in einer Person - einfach eine umfassende Unterstützung im gesamten sozialen Bereich. Als Lebenshelfer für Senioren sind Sie auf freiberuflicher Basis oder selbstständig tätig. Sie genießen also die Vorteile einer Selbstständigkeit, z. B. flexible Arbeitszeiten und selbstbestimmtes Arbeiten. Gleichzeitig profitieren Sie vom Franchise-Konzept der SeniorenLebenshilfe: Wir helfen Ihnen beim Aufbau Ihrer Selbständigkeit oder Freiberuflichkeit und unterstützen Sie unter anderem bei der Kundengewinnung, der finanziellen Absicherung, aber auch im Bereich Weiterbildung. Ein Einstieg als Lebenshelfer ist auch kurzfristig möglich - bei unbefristeter Vertragslaufzeit. Interessieren Sie sich für eine Tätigkeit als Lebenshelfer oder Lebenshelferin für Senioren - vielleicht auch im Quereinstieg? Dann fordern Sie jetzt unsere Broschüre mit weiteren Informationen an. Welche Lücke schließt die SeniorenLebenshilfe? Für pflegebedürftige Senioren steht mittlerweile ein breites Hilfsangebot zur Verfügung. Viele Menschen sind innerhalb der Pflege tätig: als Familienpfleger/Familienpflegerin, Hauswirtschafter/Hauswirtschafterin, Demenzbetreuer/Demenzbegleiter, als Pflegekraft in verschiedensten sozialen Bereichen. Ergänzende und unterstützende Berufe sind weiterhin z. B. Altenpflegehelfer/Altenpflegehelferin sowie Betreuungsassistent/Betreuungsassistentin und viele mehr. Doch viele Senioren, die keinen Betreuungshelfer oder Pflegebegleiter brauchen (und daher kein Anrecht darauf haben), sind dennoch auf Hilfe im Alltag angewiesen. Manchmal sind keine nahen Angehörigen in der Nähe, um diese Hilfe zu gewährleisten. Genau hier setzt die SeniorenLebenshilfe an. Wir schließen die vorpflegerische Lücke und ermöglichen es unseren Senioren auf diese Weise, länger ein selbstbestimmtes Leben in ihrer gewohnten Umgebung zu führen. Als Lebenshelfer oder Lebenshelferin für Senioren werden Sie Teil dieser Vision, die wir bereits erfolgreich leben. Was passiert, wenn die betreuten Senioren pflegebedürftig werden? Grundsätzlich sind Sie als Lebenshelfer als Alltagsbegleiter/Alltagsbegleiterin für Ihre Senioren tätig. Sie übernehmen also alltägliche, nicht pflegerische Aufgaben innerhalb der Seniorenbetreuung. Daher ist diese Tätigkeit auch für Quereinsteiger geeignet. Wenn Sie über eine Ausbildung innerhalb der Pflege oder Pflegebegleitung verfügen (z. B. Familienpfleger/Familienpflegerin, Krankenpflegehelfer/Krankenpflegehelferin, Pflegebegleiter oder Schwesternhelferin), dann steht es Ihnen natürlich frei, Ihre Senioren auch in dieser Hinsicht zu unterstützen. Außerdem können Sie auch zusätzlich zur häuslichen Pflege als Seniorenbetreuer tätig sein. Es gibt jedoch Situationen, in denen das nicht länger möglich ist. Dann können Sie Ihre Senioren insbesondere unterstützen, indem Sie Kontakte zu den entsprechenden Behörden herstellen. Sie können dann - gemeinsam mit eventuellen Angehörigen - dafür Sorge tragen, dass eine entsprechende Pflegefachkraft oder auch ein Demenzbetreuer/Demenzbegleiter zur Verfügung steht. Zu diesen Themen erhalten Sie natürlich sowohl Schulungen als auch kompetente Begleitung von der SeniorenLebenshilfe. Warum „Lebenshelfer""? Ein Lebenshelfer ist teils Seniorenbegleiter, teils Hauswirtschafter, teils Pflegehelfer und Alltagsbetreuer - aber er ist noch viel mehr. Ein Lebenshelfer für Senioren fungiert als Rundum-Ansprechpartner für alle Belange und packt dort an, wo es notwendig ist. Außerdem wird er zur Schnittstelle zwischen dem Senior und eventuell beteiligten Fachkräften (Krankenschwester/Krankenpfleger) oder Behörden. Häufig werden unsere Senioren und Lebenshelfer Freunde, denn ein Lebenshelfer teilt im Rahmen der Seniorenbegleitung auch die Höhen und Tiefen des Alltags - eben einfach das Leben. Dieses Leben auch im hohen Alter erfüllt und sinnvoll zu gestalten, ist Aufgabe unserer Lebenshelfer. Möchten Sie sich einer sinnvollen, erfüllenden selbstständigen Tätigkeit widmen und mit der SeniorenLebenshilfe zusammenarbeiten? Dann fordern Sie jetzt weitere Informationen an.",,,,healthcare,2026-10-07,https://www.jobs.de/jdp/lebenshelfer-f%C3%BCr-senioren----quereinstieg-als-alltagsbegleiter&&-altenpfleger-(m&&w&&d)-j3w6kf6sw0t38dg6bbz,f75040b62aee8c20bf410f393462f7cf,Lexicon,No,,,,,Germany
"Lebenshelfer für Senioren - Quereinstieg als Alltagsbegleiter, Altenpfleger (m,w,d)",Home-based Personal Care Workers,5322,532,53,Home-based Personal Care Workers,Nordrhein-Westfalen,Hückelhoven,SeniorenLebenshilfe,,2021-03-29,Full-time,,"Lebenshelfer/in für unsere Senioren Was bietet Ihnen die SeniorenLebenshilfe? Als Lebenshelfer für Senioren sind Sie freiberuflich/auf selbstständiger Basis tätig und dennoch Teil eines deutschlandweiten Teams. Sie profitieren so zum einen von unserer jahrelangen Erfahrung in Bereichen wie Kundengewinnung, Marketing und Existenzgründung. Zum anderen geben wir Ihnen Raum, sich in diesem sozialen Beruf zu entfalten und Ihre Tatkraft und Kreativität in Ihr Arbeitsleben als Seniorenbegleiter einzubringen. Wir möchten mit Ihren Ideen und Erfahrungen unsere gemeinsame Entwicklung voranbringen. Weitere Vorteile für Sie bei der SeniorenLebenshilfe: sinnvolle, erfüllende Tätigkeit flexible, familienfreundliche Arbeitszeiten Vollzeit oder ab 25 Stunden keine Schichten und keine Wochenendarbeit Fahrzeit zum Einsatzort von max. 30 Minuten von Ihrem Wohnort aus unbefristetes Vertragsverhältnis Quereinstieg möglich (auch ohne Erfahrungen in einem sozialen Beruf) die Freiheiten einer Selbstständigkeit und die Absicherung eines Angestelltenverhältnisses persönliche, enge und vertrauensvolle Kontakte zu Ihren Senioren (und genügend Zeit dafür!) zahlreiche Weiterbildungen, z. B. fachliche und persönliche Trainings (insbesondere auch für Quereinsteiger) die Möglichkeit für persönliches Wachstum in einem gut organisierten, jungen Familienunternehmen Ihre Aufgaben als Lebenshelfer für Senioren Als Lebenshelfer sind Sie vor allem eine Art Alltagsbetreuer. Die SeniorenLebenshilfe wird vorpflegerisch tätig. Das bedeutet, dass Sie als Lebenshelfer oder Lebenshelferin für Senioren nicht als Pflegekraft (oder als Pflegeassistent/Pflegeassistentin) arbeiten. Dementsprechend benötigen Sie nicht zwingend eine Ausbildung im sozialen Bereich, der Pflegebegleitung oder der Seniorenbetreuung (wie z. B. Altenpfleger/Altenpflegerin oder Hauswirtschafter/Hauswirtschafterin). Stattdessen bietet die SeniorenLebenshilfe Ihnen als Quereinsteiger zahlreiche Schulungen an, um Sie auf Ihre Tätigkeit als Lebenshelfer vorzubereiten. Zu Ihren Aufgaben zählen zum Beispiel: Unterstützung Ihrer Senioren als Alltagsbegleiter/Alltagsbegleiterin Begleitung zum Arzt oder zu anderen Terminen mit Ihrem PKW Einkäufe, Einlösen von Rezepten etc. Hauswirtschafter/in oder Haushaltshilfe für Senioren, z. B. Essen kochen, saubermachen Unterstützung im Kontakt mit Behörden, Krankenschwester/Krankenpfleger etc. Freizeitgestaltung und vertrauensvolle Gespräche Erstberatung bei interessierten Senioren, telefonische Beratung von Neukunden Organisation Ihres Homeoffice und Ihrer Termine eigenverantwortliche Leistungserfassung und Rechnungslegung Unser Versprechen ist eine Rundum-Seniorenbegleitung, die sich nach den Bedürfnissen unserer Kunden richtet. Ihr ideales Profil als Lebenshelfer/Lebenshelferin Vielleicht haben Sie bereits in einem sozialen Beruf gearbeitet, etwa als Krankenschwester/Krankenpfleger, Altenpfleger/Altenpflegerin oder Pflegehelfer/Pflegehelferin. Aber auch wenn Sie keine Erfahrung in einem Pflegeberuf haben, ist ein Quereinstieg für Sie möglich. Vielleicht blicken Sie auf langjährige Berufspraxis zurück und möchten neuen Sinn in Ihr Arbeitsleben bringen. Oder Sie haben sich in den letzten Jahren intensiv Ihrer Familie gewidmet und suchen einen beruflichen Wiedereinstieg? Uns ist vor allem eines wichtig: Dass Ihnen die Arbeit mit Menschen - insbesondere mit Senioren - eine Herzensangelegenheit ist. Außerdem setzen wir Folgendes voraus: eine herzliche, aufmerksame und fürsorgliche Art sehr gute kommunikative Fähigkeiten gutes Allgemeinwissen, gern im sozialen Bereich viel Ruhe und Geduld als Seniorenbetreuer selbstbewusstes und zielstrebiges Arbeiten Bereitschaft, sich selbstständig zu machen Einsatzbereitschaft, Flexibilität und Verantwortungsbewusstsein PKW-Führerschein der Klasse B Grundkenntnisse im Umgang mit PC und Internet Unterstützen Sie Senioren: Werden Sie Lebenshelfer bei der SeniorenLebenshilfe! Unsere LebenshelferINNEN betreuen deutschlandweit Senioren, die Unterstützung im Alltag benötigen. Unsere Vision: Wir ermöglichen Senioren ein würdevolles, selbstbestimmtes Leben im eigenen Zuhause. Unsere Lebenshelfer sind vertraute Ansprechpartner für unsere Senioren: Alltagsbegleiter, Hauswirtschafter und Freizeitgestalter in einer Person - einfach eine umfassende Unterstützung im gesamten sozialen Bereich. Als Lebenshelfer für Senioren sind Sie auf freiberuflicher Basis oder selbstständig tätig. Sie genießen also die Vorteile einer Selbstständigkeit, z. B. flexible Arbeitszeiten und selbstbestimmtes Arbeiten. Gleichzeitig profitieren Sie vom Franchise-Konzept der SeniorenLebenshilfe: Wir helfen Ihnen beim Aufbau Ihrer Selbständigkeit oder Freiberuflichkeit und unterstützen Sie unter anderem bei der Kundengewinnung, der finanziellen Absicherung, aber auch im Bereich Weiterbildung. Ein Einstieg als Lebenshelfer ist auch kurzfristig möglich - bei unbefristeter Vertragslaufzeit. Interessieren Sie sich für eine Tätigkeit als Lebenshelfer oder Lebenshelferin für Senioren - vielleicht auch im Quereinstieg? Dann fordern Sie jetzt unsere Broschüre mit weiteren Informationen an. Welche Lücke schließt die SeniorenLebenshilfe? Für pflegebedürftige Senioren steht mittlerweile ein breites Hilfsangebot zur Verfügung. Viele Menschen sind innerhalb der Pflege tätig: als Familienpfleger/Familienpflegerin, Hauswirtschafter/Hauswirtschafterin, Demenzbetreuer/Demenzbegleiter, als Pflegekraft in verschiedensten sozialen Bereichen. Ergänzende und unterstützende Berufe sind weiterhin z. B. Altenpflegehelfer/Altenpflegehelferin sowie Betreuungsassistent/Betreuungsassistentin und viele mehr. Doch viele Senioren, die keinen Betreuungshelfer oder Pflegebegleiter brauchen (und daher kein Anrecht darauf haben), sind dennoch auf Hilfe im Alltag angewiesen. Manchmal sind keine nahen Angehörigen in der Nähe, um diese Hilfe zu gewährleisten. Genau hier setzt die SeniorenLebenshilfe an. Wir schließen die vorpflegerische Lücke und ermöglichen es unseren Senioren auf diese Weise, länger ein selbstbestimmtes Leben in ihrer gewohnten Umgebung zu führen. Als Lebenshelfer oder Lebenshelferin für Senioren werden Sie Teil dieser Vision, die wir bereits erfolgreich leben. Was passiert, wenn die betreuten Senioren pflegebedürftig werden? Grundsätzlich sind Sie als Lebenshelfer als Alltagsbegleiter/Alltagsbegleiterin für Ihre Senioren tätig. Sie übernehmen also alltägliche, nicht pflegerische Aufgaben innerhalb der Seniorenbetreuung. Daher ist diese Tätigkeit auch für Quereinsteiger geeignet. Wenn Sie über eine Ausbildung innerhalb der Pflege oder Pflegebegleitung verfügen (z. B. Familienpfleger/Familienpflegerin, Krankenpflegehelfer/Krankenpflegehelferin, Pflegebegleiter oder Schwesternhelferin), dann steht es Ihnen natürlich frei, Ihre Senioren auch in dieser Hinsicht zu unterstützen. Außerdem können Sie auch zusätzlich zur häuslichen Pflege als Seniorenbetreuer tätig sein. Es gibt jedoch Situationen, in denen das nicht länger möglich ist. Dann können Sie Ihre Senioren insbesondere unterstützen, indem Sie Kontakte zu den entsprechenden Behörden herstellen. Sie können dann - gemeinsam mit eventuellen Angehörigen - dafür Sorge tragen, dass eine entsprechende Pflegefachkraft oder auch ein Demenzbetreuer/Demenzbegleiter zur Verfügung steht. Zu diesen Themen erhalten Sie natürlich sowohl Schulungen als auch kompetente Begleitung von der SeniorenLebenshilfe. Warum „Lebenshelfer""? Ein Lebenshelfer ist teils Seniorenbegleiter, teils Hauswirtschafter, teils Pflegehelfer und Alltagsbetreuer - aber er ist noch viel mehr. Ein Lebenshelfer für Senioren fungiert als Rundum-Ansprechpartner für alle Belange und packt dort an, wo es notwendig ist. Außerdem wird er zur Schnittstelle zwischen dem Senior und eventuell beteiligten Fachkräften (Krankenschwester/Krankenpfleger) oder Behörden. Häufig werden unsere Senioren und Lebenshelfer Freunde, denn ein Lebenshelfer teilt im Rahmen der Seniorenbegleitung auch die Höhen und Tiefen des Alltags - eben einfach das Leben. Dieses Leben auch im hohen Alter erfüllt und sinnvoll zu gestalten, ist Aufgabe unserer Lebenshelfer. Möchten Sie sich einer sinnvollen, erfüllenden selbstständigen Tätigkeit widmen und mit der SeniorenLebenshilfe zusammenarbeiten? Dann fordern Sie jetzt weitere Informationen an.",,,,healthcare,2026-10-07,https://www.jobs.de/jdp/lebenshelfer-f%C3%BCr-senioren----quereinstieg-als-alltagsbegleiter&&-altenpfleger-(m&&w&&d)-j3r24b6z2xxbwvq59rj,597b2b73ed5225996edaabc7e8708e53,Lexicon,No,,,,,Germany
"Lebenshelfer für Senioren - Quereinstieg als Alltagsbegleiter, Altenpfleger (m,w,d)",Home-based Personal Care Workers,5322,532,53,Home-based Personal Care Workers,Sachsen,Roßwein,SeniorenLebenshilfe,,2021-03-29,Full-time,,"Lebenshelfer/in für unsere Senioren Was bietet Ihnen die SeniorenLebenshilfe? Als Lebenshelfer für Senioren sind Sie freiberuflich/auf selbstständiger Basis tätig und dennoch Teil eines deutschlandweiten Teams. Sie profitieren so zum einen von unserer jahrelangen Erfahrung in Bereichen wie Kundengewinnung, Marketing und Existenzgründung. Zum anderen geben wir Ihnen Raum, sich in diesem sozialen Beruf zu entfalten und Ihre Tatkraft und Kreativität in Ihr Arbeitsleben als Seniorenbegleiter einzubringen. Wir möchten mit Ihren Ideen und Erfahrungen unsere gemeinsame Entwicklung voranbringen. Weitere Vorteile für Sie bei der SeniorenLebenshilfe: sinnvolle, erfüllende Tätigkeit flexible, familienfreundliche Arbeitszeiten Vollzeit oder ab 25 Stunden keine Schichten und keine Wochenendarbeit Fahrzeit zum Einsatzort von max. 30 Minuten von Ihrem Wohnort aus unbefristetes Vertragsverhältnis Quereinstieg möglich (auch ohne Erfahrungen in einem sozialen Beruf) die Freiheiten einer Selbstständigkeit und die Absicherung eines Angestelltenverhältnisses persönliche, enge und vertrauensvolle Kontakte zu Ihren Senioren (und genügend Zeit dafür!) zahlreiche Weiterbildungen, z. B. fachliche und persönliche Trainings (insbesondere auch für Quereinsteiger) die Möglichkeit für persönliches Wachstum in einem gut organisierten, jungen Familienunternehmen Ihre Aufgaben als Lebenshelfer für Senioren Als Lebenshelfer sind Sie vor allem eine Art Alltagsbetreuer. Die SeniorenLebenshilfe wird vorpflegerisch tätig. Das bedeutet, dass Sie als Lebenshelfer oder Lebenshelferin für Senioren nicht als Pflegekraft (oder als Pflegeassistent/Pflegeassistentin) arbeiten. Dementsprechend benötigen Sie nicht zwingend eine Ausbildung im sozialen Bereich, der Pflegebegleitung oder der Seniorenbetreuung (wie z. B. Altenpfleger/Altenpflegerin oder Hauswirtschafter/Hauswirtschafterin). Stattdessen bietet die SeniorenLebenshilfe Ihnen als Quereinsteiger zahlreiche Schulungen an, um Sie auf Ihre Tätigkeit als Lebenshelfer vorzubereiten. Zu Ihren Aufgaben zählen zum Beispiel: Unterstützung Ihrer Senioren als Alltagsbegleiter/Alltagsbegleiterin Begleitung zum Arzt oder zu anderen Terminen mit Ihrem PKW Einkäufe, Einlösen von Rezepten etc. Hauswirtschafter/in oder Haushaltshilfe für Senioren, z. B. Essen kochen, saubermachen Unterstützung im Kontakt mit Behörden, Krankenschwester/Krankenpfleger etc. Freizeitgestaltung und vertrauensvolle Gespräche Erstberatung bei interessierten Senioren, telefonische Beratung von Neukunden Organisation Ihres Homeoffice und Ihrer Termine eigenverantwortliche Leistungserfassung und Rechnungslegung Unser Versprechen ist eine Rundum-Seniorenbegleitung, die sich nach den Bedürfnissen unserer Kunden richtet. Ihr ideales Profil als Lebenshelfer/Lebenshelferin Vielleicht haben Sie bereits in einem sozialen Beruf gearbeitet, etwa als Krankenschwester/Krankenpfleger, Altenpfleger/Altenpflegerin oder Pflegehelfer/Pflegehelferin. Aber auch wenn Sie keine Erfahrung in einem Pflegeberuf haben, ist ein Quereinstieg für Sie möglich. Vielleicht blicken Sie auf langjährige Berufspraxis zurück und möchten neuen Sinn in Ihr Arbeitsleben bringen. Oder Sie haben sich in den letzten Jahren intensiv Ihrer Familie gewidmet und suchen einen beruflichen Wiedereinstieg? Uns ist vor allem eines wichtig: Dass Ihnen die Arbeit mit Menschen - insbesondere mit Senioren - eine Herzensangelegenheit ist. Außerdem setzen wir Folgendes voraus: eine herzliche, aufmerksame und fürsorgliche Art sehr gute kommunikative Fähigkeiten gutes Allgemeinwissen, gern im sozialen Bereich viel Ruhe und Geduld als Seniorenbetreuer selbstbewusstes und zielstrebiges Arbeiten Bereitschaft, sich selbstständig zu machen Einsatzbereitschaft, Flexibilität und Verantwortungsbewusstsein PKW-Führerschein der Klasse B Grundkenntnisse im Umgang mit PC und Internet Unterstützen Sie Senioren: Werden Sie Lebenshelfer bei der SeniorenLebenshilfe! Unsere LebenshelferINNEN betreuen deutschlandweit Senioren, die Unterstützung im Alltag benötigen. Unsere Vision: Wir ermöglichen Senioren ein würdevolles, selbstbestimmtes Leben im eigenen Zuhause. Unsere Lebenshelfer sind vertraute Ansprechpartner für unsere Senioren: Alltagsbegleiter, Hauswirtschafter und Freizeitgestalter in einer Person - einfach eine umfassende Unterstützung im gesamten sozialen Bereich. Als Lebenshelfer für Senioren sind Sie auf freiberuflicher Basis oder selbstständig tätig. Sie genießen also die Vorteile einer Selbstständigkeit, z. B. flexible Arbeitszeiten und selbstbestimmtes Arbeiten. Gleichzeitig profitieren Sie vom Franchise-Konzept der SeniorenLebenshilfe: Wir helfen Ihnen beim Aufbau Ihrer Selbständigkeit oder Freiberuflichkeit und unterstützen Sie unter anderem bei der Kundengewinnung, der finanziellen Absicherung, aber auch im Bereich Weiterbildung. Ein Einstieg als Lebenshelfer ist auch kurzfristig möglich - bei unbefristeter Vertragslaufzeit. Interessieren Sie sich für eine Tätigkeit als Lebenshelfer oder Lebenshelferin für Senioren - vielleicht auch im Quereinstieg? Dann fordern Sie jetzt unsere Broschüre mit weiteren Informationen an. Welche Lücke schließt die SeniorenLebenshilfe? Für pflegebedürftige Senioren steht mittlerweile ein breites Hilfsangebot zur Verfügung. Viele Menschen sind innerhalb der Pflege tätig: als Familienpfleger/Familienpflegerin, Hauswirtschafter/Hauswirtschafterin, Demenzbetreuer/Demenzbegleiter, als Pflegekraft in verschiedensten sozialen Bereichen. Ergänzende und unterstützende Berufe sind weiterhin z. B. Altenpflegehelfer/Altenpflegehelferin sowie Betreuungsassistent/Betreuungsassistentin und viele mehr. Doch viele Senioren, die keinen Betreuungshelfer oder Pflegebegleiter brauchen (und daher kein Anrecht darauf haben), sind dennoch auf Hilfe im Alltag angewiesen. Manchmal sind keine nahen Angehörigen in der Nähe, um diese Hilfe zu gewährleisten. Genau hier setzt die SeniorenLebenshilfe an. Wir schließen die vorpflegerische Lücke und ermöglichen es unseren Senioren auf diese Weise, länger ein selbstbestimmtes Leben in ihrer gewohnten Umgebung zu führen. Als Lebenshelfer oder Lebenshelferin für Senioren werden Sie Teil dieser Vision, die wir bereits erfolgreich leben. Was passiert, wenn die betreuten Senioren pflegebedürftig werden? Grundsätzlich sind Sie als Lebenshelfer als Alltagsbegleiter/Alltagsbegleiterin für Ihre Senioren tätig. Sie übernehmen also alltägliche, nicht pflegerische Aufgaben innerhalb der Seniorenbetreuung. Daher ist diese Tätigkeit auch für Quereinsteiger geeignet. Wenn Sie über eine Ausbildung innerhalb der Pflege oder Pflegebegleitung verfügen (z. B. Familienpfleger/Familienpflegerin, Krankenpflegehelfer/Krankenpflegehelferin, Pflegebegleiter oder Schwesternhelferin), dann steht es Ihnen natürlich frei, Ihre Senioren auch in dieser Hinsicht zu unterstützen. Außerdem können Sie auch zusätzlich zur häuslichen Pflege als Seniorenbetreuer tätig sein. Es gibt jedoch Situationen, in denen das nicht länger möglich ist. Dann können Sie Ihre Senioren insbesondere unterstützen, indem Sie Kontakte zu den entsprechenden Behörden herstellen. Sie können dann - gemeinsam mit eventuellen Angehörigen - dafür Sorge tragen, dass eine entsprechende Pflegefachkraft oder auch ein Demenzbetreuer/Demenzbegleiter zur Verfügung steht. Zu diesen Themen erhalten Sie natürlich sowohl Schulungen als auch kompetente Begleitung von der SeniorenLebenshilfe. Warum „Lebenshelfer""? Ein Lebenshelfer ist teils Seniorenbegleiter, teils Hauswirtschafter, teils Pflegehelfer und Alltagsbetreuer - aber er ist noch viel mehr. Ein Lebenshelfer für Senioren fungiert als Rundum-Ansprechpartner für alle Belange und packt dort an, wo es notwendig ist. Außerdem wird er zur Schnittstelle zwischen dem Senior und eventuell beteiligten Fachkräften (Krankenschwester/Krankenpfleger) oder Behörden. Häufig werden unsere Senioren und Lebenshelfer Freunde, denn ein Lebenshelfer teilt im Rahmen der Seniorenbegleitung auch die Höhen und Tiefen des Alltags - eben einfach das Leben. Dieses Leben auch im hohen Alter erfüllt und sinnvoll zu gestalten, ist Aufgabe unserer Lebenshelfer. Möchten Sie sich einer sinnvollen, erfüllenden selbstständigen Tätigkeit widmen und mit der SeniorenLebenshilfe zusammenarbeiten? Dann fordern Sie jetzt weitere Informationen an.",,,,healthcare,2026-10-07,https://www.jobs.de/jdp/lebenshelfer-f%C3%BCr-senioren----quereinstieg-als-alltagsbegleiter&&-altenpfleger-(m&&w&&d)-j3n85s6rqkwxxrrd5lt,5d6949f05f1d7911e81fb81059c42c67,Lexicon,No,,,,,Germany
"Lebenshelfer für Senioren - Quereinstieg als Alltagsbegleiter, Altenpfleger (m,w,d)",Home-based Personal Care Workers,5322,532,53,Home-based Personal Care Workers,Nordrhein-Westfalen,Harsewinkel,SeniorenLebenshilfe,,2021-03-29,Full-time,,"Lebenshelfer/in für unsere Senioren Was bietet Ihnen die SeniorenLebenshilfe? Als Lebenshelfer für Senioren sind Sie freiberuflich/auf selbstständiger Basis tätig und dennoch Teil eines deutschlandweiten Teams. Sie profitieren so zum einen von unserer jahrelangen Erfahrung in Bereichen wie Kundengewinnung, Marketing und Existenzgründung. Zum anderen geben wir Ihnen Raum, sich in diesem sozialen Beruf zu entfalten und Ihre Tatkraft und Kreativität in Ihr Arbeitsleben als Seniorenbegleiter einzubringen. Wir möchten mit Ihren Ideen und Erfahrungen unsere gemeinsame Entwicklung voranbringen. Weitere Vorteile für Sie bei der SeniorenLebenshilfe: sinnvolle, erfüllende Tätigkeit flexible, familienfreundliche Arbeitszeiten Vollzeit oder ab 25 Stunden keine Schichten und keine Wochenendarbeit Fahrzeit zum Einsatzort von max. 30 Minuten von Ihrem Wohnort aus unbefristetes Vertragsverhältnis Quereinstieg möglich (auch ohne Erfahrungen in einem sozialen Beruf) die Freiheiten einer Selbstständigkeit und die Absicherung eines Angestelltenverhältnisses persönliche, enge und vertrauensvolle Kontakte zu Ihren Senioren (und genügend Zeit dafür!) zahlreiche Weiterbildungen, z. B. fachliche und persönliche Trainings (insbesondere auch für Quereinsteiger) die Möglichkeit für persönliches Wachstum in einem gut organisierten, jungen Familienunternehmen Ihre Aufgaben als Lebenshelfer für Senioren Als Lebenshelfer sind Sie vor allem eine Art Alltagsbetreuer. Die SeniorenLebenshilfe wird vorpflegerisch tätig. Das bedeutet, dass Sie als Lebenshelfer oder Lebenshelferin für Senioren nicht als Pflegekraft (oder als Pflegeassistent/Pflegeassistentin) arbeiten. Dementsprechend benötigen Sie nicht zwingend eine Ausbildung im sozialen Bereich, der Pflegebegleitung oder der Seniorenbetreuung (wie z. B. Altenpfleger/Altenpflegerin oder Hauswirtschafter/Hauswirtschafterin). Stattdessen bietet die SeniorenLebenshilfe Ihnen als Quereinsteiger zahlreiche Schulungen an, um Sie auf Ihre Tätigkeit als Lebenshelfer vorzubereiten. Zu Ihren Aufgaben zählen zum Beispiel: Unterstützung Ihrer Senioren als Alltagsbegleiter/Alltagsbegleiterin Begleitung zum Arzt oder zu anderen Terminen mit Ihrem PKW Einkäufe, Einlösen von Rezepten etc. Hauswirtschafter/in oder Haushaltshilfe für Senioren, z. B. Essen kochen, saubermachen Unterstützung im Kontakt mit Behörden, Krankenschwester/Krankenpfleger etc. Freizeitgestaltung und vertrauensvolle Gespräche Erstberatung bei interessierten Senioren, telefonische Beratung von Neukunden Organisation Ihres Homeoffice und Ihrer Termine eigenverantwortliche Leistungserfassung und Rechnungslegung Unser Versprechen ist eine Rundum-Seniorenbegleitung, die sich nach den Bedürfnissen unserer Kunden richtet. Ihr ideales Profil als Lebenshelfer/Lebenshelferin Vielleicht haben Sie bereits in einem sozialen Beruf gearbeitet, etwa als Krankenschwester/Krankenpfleger, Altenpfleger/Altenpflegerin oder Pflegehelfer/Pflegehelferin. Aber auch wenn Sie keine Erfahrung in einem Pflegeberuf haben, ist ein Quereinstieg für Sie möglich. Vielleicht blicken Sie auf langjährige Berufspraxis zurück und möchten neuen Sinn in Ihr Arbeitsleben bringen. Oder Sie haben sich in den letzten Jahren intensiv Ihrer Familie gewidmet und suchen einen beruflichen Wiedereinstieg? Uns ist vor allem eines wichtig: Dass Ihnen die Arbeit mit Menschen - insbesondere mit Senioren - eine Herzensangelegenheit ist. Außerdem setzen wir Folgendes voraus: eine herzliche, aufmerksame und fürsorgliche Art sehr gute kommunikative Fähigkeiten gutes Allgemeinwissen, gern im sozialen Bereich viel Ruhe und Geduld als Seniorenbetreuer selbstbewusstes und zielstrebiges Arbeiten Bereitschaft, sich selbstständig zu machen Einsatzbereitschaft, Flexibilität und Verantwortungsbewusstsein PKW-Führerschein der Klasse B Grundkenntnisse im Umgang mit PC und Internet Unterstützen Sie Senioren: Werden Sie Lebenshelfer bei der SeniorenLebenshilfe! Unsere LebenshelferINNEN betreuen deutschlandweit Senioren, die Unterstützung im Alltag benötigen. Unsere Vision: Wir ermöglichen Senioren ein würdevolles, selbstbestimmtes Leben im eigenen Zuhause. Unsere Lebenshelfer sind vertraute Ansprechpartner für unsere Senioren: Alltagsbegleiter, Hauswirtschafter und Freizeitgestalter in einer Person - einfach eine umfassende Unterstützung im gesamten sozialen Bereich. Als Lebenshelfer für Senioren sind Sie auf freiberuflicher Basis oder selbstständig tätig. Sie genießen also die Vorteile einer Selbstständigkeit, z. B. flexible Arbeitszeiten und selbstbestimmtes Arbeiten. Gleichzeitig profitieren Sie vom Franchise-Konzept der SeniorenLebenshilfe: Wir helfen Ihnen beim Aufbau Ihrer Selbständigkeit oder Freiberuflichkeit und unterstützen Sie unter anderem bei der Kundengewinnung, der finanziellen Absicherung, aber auch im Bereich Weiterbildung. Ein Einstieg als Lebenshelfer ist auch kurzfristig möglich - bei unbefristeter Vertragslaufzeit. Interessieren Sie sich für eine Tätigkeit als Lebenshelfer oder Lebenshelferin für Senioren - vielleicht auch im Quereinstieg? Dann fordern Sie jetzt unsere Broschüre mit weiteren Informationen an. Welche Lücke schließt die SeniorenLebenshilfe? Für pflegebedürftige Senioren steht mittlerweile ein breites Hilfsangebot zur Verfügung. Viele Menschen sind innerhalb der Pflege tätig: als Familienpfleger/Familienpflegerin, Hauswirtschafter/Hauswirtschafterin, Demenzbetreuer/Demenzbegleiter, als Pflegekraft in verschiedensten sozialen Bereichen. Ergänzende und unterstützende Berufe sind weiterhin z. B. Altenpflegehelfer/Altenpflegehelferin sowie Betreuungsassistent/Betreuungsassistentin und viele mehr. Doch viele Senioren, die keinen Betreuungshelfer oder Pflegebegleiter brauchen (und daher kein Anrecht darauf haben), sind dennoch auf Hilfe im Alltag angewiesen. Manchmal sind keine nahen Angehörigen in der Nähe, um diese Hilfe zu gewährleisten. Genau hier setzt die SeniorenLebenshilfe an. Wir schließen die vorpflegerische Lücke und ermöglichen es unseren Senioren auf diese Weise, länger ein selbstbestimmtes Leben in ihrer gewohnten Umgebung zu führen. Als Lebenshelfer oder Lebenshelferin für Senioren werden Sie Teil dieser Vision, die wir bereits erfolgreich leben. Was passiert, wenn die betreuten Senioren pflegebedürftig werden? Grundsätzlich sind Sie als Lebenshelfer als Alltagsbegleiter/Alltagsbegleiterin für Ihre Senioren tätig. Sie übernehmen also alltägliche, nicht pflegerische Aufgaben innerhalb der Seniorenbetreuung. Daher ist diese Tätigkeit auch für Quereinsteiger geeignet. Wenn Sie über eine Ausbildung innerhalb der Pflege oder Pflegebegleitung verfügen (z. B. Familienpfleger/Familienpflegerin, Krankenpflegehelfer/Krankenpflegehelferin, Pflegebegleiter oder Schwesternhelferin), dann steht es Ihnen natürlich frei, Ihre Senioren auch in dieser Hinsicht zu unterstützen. Außerdem können Sie auch zusätzlich zur häuslichen Pflege als Seniorenbetreuer tätig sein. Es gibt jedoch Situationen, in denen das nicht länger möglich ist. Dann können Sie Ihre Senioren insbesondere unterstützen, indem Sie Kontakte zu den entsprechenden Behörden herstellen. Sie können dann - gemeinsam mit eventuellen Angehörigen - dafür Sorge tragen, dass eine entsprechende Pflegefachkraft oder auch ein Demenzbetreuer/Demenzbegleiter zur Verfügung steht. Zu diesen Themen erhalten Sie natürlich sowohl Schulungen als auch kompetente Begleitung von der SeniorenLebenshilfe. Warum „Lebenshelfer""? Ein Lebenshelfer ist teils Seniorenbegleiter, teils Hauswirtschafter, teils Pflegehelfer und Alltagsbetreuer - aber er ist noch viel mehr. Ein Lebenshelfer für Senioren fungiert als Rundum-Ansprechpartner für alle Belange und packt dort an, wo es notwendig ist. Außerdem wird er zur Schnittstelle zwischen dem Senior und eventuell beteiligten Fachkräften (Krankenschwester/Krankenpfleger) oder Behörden. Häufig werden unsere Senioren und Lebenshelfer Freunde, denn ein Lebenshelfer teilt im Rahmen der Seniorenbegleitung auch die Höhen und Tiefen des Alltags - eben einfach das Leben. Dieses Leben auch im hohen Alter erfüllt und sinnvoll zu gestalten, ist Aufgabe unserer Lebenshelfer. Möchten Sie sich einer sinnvollen, erfüllenden selbstständigen Tätigkeit widmen und mit der SeniorenLebenshilfe zusammenarbeiten? Dann fordern Sie jetzt weitere Informationen an.",,,,healthcare,2026-10-07,https://www.jobs.de/jdp/lebenshelfer-f%C3%BCr-senioren----quereinstieg-als-alltagsbegleiter&&-altenpfleger-(m&&w&&d)-j3m3sy661r7813shxhv,03a94fd667689c4e7638549a0723b2e7,Lexicon,No,,,,,Germany
"Lebenshelfer für Senioren - Quereinstieg als Alltagsbegleiter, Altenpfleger (m,w,d)",Home-based Personal Care Workers,5322,532,53,Home-based Personal Care Workers,Hessen,Idstein,SeniorenLebenshilfe,,2021-03-29,Full-time,,"Lebenshelfer/in für unsere Senioren Was bietet Ihnen die SeniorenLebenshilfe? Als Lebenshelfer für Senioren sind Sie freiberuflich/auf selbstständiger Basis tätig und dennoch Teil eines deutschlandweiten Teams. Sie profitieren so zum einen von unserer jahrelangen Erfahrung in Bereichen wie Kundengewinnung, Marketing und Existenzgründung. Zum anderen geben wir Ihnen Raum, sich in diesem sozialen Beruf zu entfalten und Ihre Tatkraft und Kreativität in Ihr Arbeitsleben als Seniorenbegleiter einzubringen. Wir möchten mit Ihren Ideen und Erfahrungen unsere gemeinsame Entwicklung voranbringen. Weitere Vorteile für Sie bei der SeniorenLebenshilfe: sinnvolle, erfüllende Tätigkeit flexible, familienfreundliche Arbeitszeiten Vollzeit oder ab 25 Stunden keine Schichten und keine Wochenendarbeit Fahrzeit zum Einsatzort von max. 30 Minuten von Ihrem Wohnort aus unbefristetes Vertragsverhältnis Quereinstieg möglich (auch ohne Erfahrungen in einem sozialen Beruf) die Freiheiten einer Selbstständigkeit und die Absicherung eines Angestelltenverhältnisses persönliche, enge und vertrauensvolle Kontakte zu Ihren Senioren (und genügend Zeit dafür!) zahlreiche Weiterbildungen, z. B. fachliche und persönliche Trainings (insbesondere auch für Quereinsteiger) die Möglichkeit für persönliches Wachstum in einem gut organisierten, jungen Familienunternehmen Ihre Aufgaben als Lebenshelfer für Senioren Als Lebenshelfer sind Sie vor allem eine Art Alltagsbetreuer. Die SeniorenLebenshilfe wird vorpflegerisch tätig. Das bedeutet, dass Sie als Lebenshelfer oder Lebenshelferin für Senioren nicht als Pflegekraft (oder als Pflegeassistent/Pflegeassistentin) arbeiten. Dementsprechend benötigen Sie nicht zwingend eine Ausbildung im sozialen Bereich, der Pflegebegleitung oder der Seniorenbetreuung (wie z. B. Altenpfleger/Altenpflegerin oder Hauswirtschafter/Hauswirtschafterin). Stattdessen bietet die SeniorenLebenshilfe Ihnen als Quereinsteiger zahlreiche Schulungen an, um Sie auf Ihre Tätigkeit als Lebenshelfer vorzubereiten. Zu Ihren Aufgaben zählen zum Beispiel: Unterstützung Ihrer Senioren als Alltagsbegleiter/Alltagsbegleiterin Begleitung zum Arzt oder zu anderen Terminen mit Ihrem PKW Einkäufe, Einlösen von Rezepten etc. Hauswirtschafter/in oder Haushaltshilfe für Senioren, z. B. Essen kochen, saubermachen Unterstützung im Kontakt mit Behörden, Krankenschwester/Krankenpfleger etc. Freizeitgestaltung und vertrauensvolle Gespräche Erstberatung bei interessierten Senioren, telefonische Beratung von Neukunden Organisation Ihres Homeoffice und Ihrer Termine eigenverantwortliche Leistungserfassung und Rechnungslegung Unser Versprechen ist eine Rundum-Seniorenbegleitung, die sich nach den Bedürfnissen unserer Kunden richtet. Ihr ideales Profil als Lebenshelfer/Lebenshelferin Vielleicht haben Sie bereits in einem sozialen Beruf gearbeitet, etwa als Krankenschwester/Krankenpfleger, Altenpfleger/Altenpflegerin oder Pflegehelfer/Pflegehelferin. Aber auch wenn Sie keine Erfahrung in einem Pflegeberuf haben, ist ein Quereinstieg für Sie möglich. Vielleicht blicken Sie auf langjährige Berufspraxis zurück und möchten neuen Sinn in Ihr Arbeitsleben bringen. Oder Sie haben sich in den letzten Jahren intensiv Ihrer Familie gewidmet und suchen einen beruflichen Wiedereinstieg? Uns ist vor allem eines wichtig: Dass Ihnen die Arbeit mit Menschen - insbesondere mit Senioren - eine Herzensangelegenheit ist. Außerdem setzen wir Folgendes voraus: eine herzliche, aufmerksame und fürsorgliche Art sehr gute kommunikative Fähigkeiten gutes Allgemeinwissen, gern im sozialen Bereich viel Ruhe und Geduld als Seniorenbetreuer selbstbewusstes und zielstrebiges Arbeiten Bereitschaft, sich selbstständig zu machen Einsatzbereitschaft, Flexibilität und Verantwortungsbewusstsein PKW-Führerschein der Klasse B Grundkenntnisse im Umgang mit PC und Internet Unterstützen Sie Senioren: Werden Sie Lebenshelfer bei der SeniorenLebenshilfe! Unsere LebenshelferINNEN betreuen deutschlandweit Senioren, die Unterstützung im Alltag benötigen. Unsere Vision: Wir ermöglichen Senioren ein würdevolles, selbstbestimmtes Leben im eigenen Zuhause. Unsere Lebenshelfer sind vertraute Ansprechpartner für unsere Senioren: Alltagsbegleiter, Hauswirtschafter und Freizeitgestalter in einer Person - einfach eine umfassende Unterstützung im gesamten sozialen Bereich. Als Lebenshelfer für Senioren sind Sie auf freiberuflicher Basis oder selbstständig tätig. Sie genießen also die Vorteile einer Selbstständigkeit, z. B. flexible Arbeitszeiten und selbstbestimmtes Arbeiten. Gleichzeitig profitieren Sie vom Franchise-Konzept der SeniorenLebenshilfe: Wir helfen Ihnen beim Aufbau Ihrer Selbständigkeit oder Freiberuflichkeit und unterstützen Sie unter anderem bei der Kundengewinnung, der finanziellen Absicherung, aber auch im Bereich Weiterbildung. Ein Einstieg als Lebenshelfer ist auch kurzfristig möglich - bei unbefristeter Vertragslaufzeit. Interessieren Sie sich für eine Tätigkeit als Lebenshelfer oder Lebenshelferin für Senioren - vielleicht auch im Quereinstieg? Dann fordern Sie jetzt unsere Broschüre mit weiteren Informationen an. Welche Lücke schließt die SeniorenLebenshilfe? Für pflegebedürftige Senioren steht mittlerweile ein breites Hilfsangebot zur Verfügung. Viele Menschen sind innerhalb der Pflege tätig: als Familienpfleger/Familienpflegerin, Hauswirtschafter/Hauswirtschafterin, Demenzbetreuer/Demenzbegleiter, als Pflegekraft in verschiedensten sozialen Bereichen. Ergänzende und unterstützende Berufe sind weiterhin z. B. Altenpflegehelfer/Altenpflegehelferin sowie Betreuungsassistent/Betreuungsassistentin und viele mehr. Doch viele Senioren, die keinen Betreuungshelfer oder Pflegebegleiter brauchen (und daher kein Anrecht darauf haben), sind dennoch auf Hilfe im Alltag angewiesen. Manchmal sind keine nahen Angehörigen in der Nähe, um diese Hilfe zu gewährleisten. Genau hier setzt die SeniorenLebenshilfe an. Wir schließen die vorpflegerische Lücke und ermöglichen es unseren Senioren auf diese Weise, länger ein selbstbestimmtes Leben in ihrer gewohnten Umgebung zu führen. Als Lebenshelfer oder Lebenshelferin für Senioren werden Sie Teil dieser Vision, die wir bereits erfolgreich leben. Was passiert, wenn die betreuten Senioren pflegebedürftig werden? Grundsätzlich sind Sie als Lebenshelfer als Alltagsbegleiter/Alltagsbegleiterin für Ihre Senioren tätig. Sie übernehmen also alltägliche, nicht pflegerische Aufgaben innerhalb der Seniorenbetreuung. Daher ist diese Tätigkeit auch für Quereinsteiger geeignet. Wenn Sie über eine Ausbildung innerhalb der Pflege oder Pflegebegleitung verfügen (z. B. Familienpfleger/Familienpflegerin, Krankenpflegehelfer/Krankenpflegehelferin, Pflegebegleiter oder Schwesternhelferin), dann steht es Ihnen natürlich frei, Ihre Senioren auch in dieser Hinsicht zu unterstützen. Außerdem können Sie auch zusätzlich zur häuslichen Pflege als Seniorenbetreuer tätig sein. Es gibt jedoch Situationen, in denen das nicht länger möglich ist. Dann können Sie Ihre Senioren insbesondere unterstützen, indem Sie Kontakte zu den entsprechenden Behörden herstellen. Sie können dann - gemeinsam mit eventuellen Angehörigen - dafür Sorge tragen, dass eine entsprechende Pflegefachkraft oder auch ein Demenzbetreuer/Demenzbegleiter zur Verfügung steht. Zu diesen Themen erhalten Sie natürlich sowohl Schulungen als auch kompetente Begleitung von der SeniorenLebenshilfe. Warum „Lebenshelfer""? Ein Lebenshelfer ist teils Seniorenbegleiter, teils Hauswirtschafter, teils Pflegehelfer und Alltagsbetreuer - aber er ist noch viel mehr. Ein Lebenshelfer für Senioren fungiert als Rundum-Ansprechpartner für alle Belange und packt dort an, wo es notwendig ist. Außerdem wird er zur Schnittstelle zwischen dem Senior und eventuell beteiligten Fachkräften (Krankenschwester/Krankenpfleger) oder Behörden. Häufig werden unsere Senioren und Lebenshelfer Freunde, denn ein Lebenshelfer teilt im Rahmen der Seniorenbegleitung auch die Höhen und Tiefen des Alltags - eben einfach das Leben. Dieses Leben auch im hohen Alter erfüllt und sinnvoll zu gestalten, ist Aufgabe unserer Lebenshelfer. Möchten Sie sich einer sinnvollen, erfüllenden selbstständigen Tätigkeit widmen und mit der SeniorenLebenshilfe zusammenarbeiten? Dann fordern Sie jetzt weitere Informationen an.",,,,healthcare,2026-10-07,https://www.jobs.de/jdp/lebenshelfer-f%C3%BCr-senioren----quereinstieg-als-alltagsbegleiter&&-altenpfleger-(m&&w&&d)-j3m4q260jrxpm7yxgst,a9adcb3493beb2bcadf4650331a0550e,Lexicon,No,,,,,Germany
"Lebenshelfer für Senioren - Quereinstieg als Alltagsbegleiter, Altenpfleger (m,w,d)",Home-based Personal Care Workers,5322,532,53,Home-based Personal Care Workers,Schleswig-Holstein,Brunsbüttel,SeniorenLebenshilfe,,2021-03-29,Full-time,,"Lebenshelfer/in für unsere Senioren Was bietet Ihnen die SeniorenLebenshilfe? Als Lebenshelfer für Senioren sind Sie freiberuflich/auf selbstständiger Basis tätig und dennoch Teil eines deutschlandweiten Teams. Sie profitieren so zum einen von unserer jahrelangen Erfahrung in Bereichen wie Kundengewinnung, Marketing und Existenzgründung. Zum anderen geben wir Ihnen Raum, sich in diesem sozialen Beruf zu entfalten und Ihre Tatkraft und Kreativität in Ihr Arbeitsleben als Seniorenbegleiter einzubringen. Wir möchten mit Ihren Ideen und Erfahrungen unsere gemeinsame Entwicklung voranbringen. Weitere Vorteile für Sie bei der SeniorenLebenshilfe: sinnvolle, erfüllende Tätigkeit flexible, familienfreundliche Arbeitszeiten Vollzeit oder ab 25 Stunden keine Schichten und keine Wochenendarbeit Fahrzeit zum Einsatzort von max. 30 Minuten von Ihrem Wohnort aus unbefristetes Vertragsverhältnis Quereinstieg möglich (auch ohne Erfahrungen in einem sozialen Beruf) die Freiheiten einer Selbstständigkeit und die Absicherung eines Angestelltenverhältnisses persönliche, enge und vertrauensvolle Kontakte zu Ihren Senioren (und genügend Zeit dafür!) zahlreiche Weiterbildungen, z. B. fachliche und persönliche Trainings (insbesondere auch für Quereinsteiger) die Möglichkeit für persönliches Wachstum in einem gut organisierten, jungen Familienunternehmen Ihre Aufgaben als Lebenshelfer für Senioren Als Lebenshelfer sind Sie vor allem eine Art Alltagsbetreuer. Die SeniorenLebenshilfe wird vorpflegerisch tätig. Das bedeutet, dass Sie als Lebenshelfer oder Lebenshelferin für Senioren nicht als Pflegekraft (oder als Pflegeassistent/Pflegeassistentin) arbeiten. Dementsprechend benötigen Sie nicht zwingend eine Ausbildung im sozialen Bereich, der Pflegebegleitung oder der Seniorenbetreuung (wie z. B. Altenpfleger/Altenpflegerin oder Hauswirtschafter/Hauswirtschafterin). Stattdessen bietet die SeniorenLebenshilfe Ihnen als Quereinsteiger zahlreiche Schulungen an, um Sie auf Ihre Tätigkeit als Lebenshelfer vorzubereiten. Zu Ihren Aufgaben zählen zum Beispiel: Unterstützung Ihrer Senioren als Alltagsbegleiter/Alltagsbegleiterin Begleitung zum Arzt oder zu anderen Terminen mit Ihrem PKW Einkäufe, Einlösen von Rezepten etc. Hauswirtschafter/in oder Haushaltshilfe für Senioren, z. B. Essen kochen, saubermachen Unterstützung im Kontakt mit Behörden, Krankenschwester/Krankenpfleger etc. Freizeitgestaltung und vertrauensvolle Gespräche Erstberatung bei interessierten Senioren, telefonische Beratung von Neukunden Organisation Ihres Homeoffice und Ihrer Termine eigenverantwortliche Leistungserfassung und Rechnungslegung Unser Versprechen ist eine Rundum-Seniorenbegleitung, die sich nach den Bedürfnissen unserer Kunden richtet. Ihr ideales Profil als Lebenshelfer/Lebenshelferin Vielleicht haben Sie bereits in einem sozialen Beruf gearbeitet, etwa als Krankenschwester/Krankenpfleger, Altenpfleger/Altenpflegerin oder Pflegehelfer/Pflegehelferin. Aber auch wenn Sie keine Erfahrung in einem Pflegeberuf haben, ist ein Quereinstieg für Sie möglich. Vielleicht blicken Sie auf langjährige Berufspraxis zurück und möchten neuen Sinn in Ihr Arbeitsleben bringen. Oder Sie haben sich in den letzten Jahren intensiv Ihrer Familie gewidmet und suchen einen beruflichen Wiedereinstieg? Uns ist vor allem eines wichtig: Dass Ihnen die Arbeit mit Menschen - insbesondere mit Senioren - eine Herzensangelegenheit ist. Außerdem setzen wir Folgendes voraus: eine herzliche, aufmerksame und fürsorgliche Art sehr gute kommunikative Fähigkeiten gutes Allgemeinwissen, gern im sozialen Bereich viel Ruhe und Geduld als Seniorenbetreuer selbstbewusstes und zielstrebiges Arbeiten Bereitschaft, sich selbstständig zu machen Einsatzbereitschaft, Flexibilität und Verantwortungsbewusstsein PKW-Führerschein der Klasse B Grundkenntnisse im Umgang mit PC und Internet Unterstützen Sie Senioren: Werden Sie Lebenshelfer bei der SeniorenLebenshilfe! Unsere LebenshelferINNEN betreuen deutschlandweit Senioren, die Unterstützung im Alltag benötigen. Unsere Vision: Wir ermöglichen Senioren ein würdevolles, selbstbestimmtes Leben im eigenen Zuhause. Unsere Lebenshelfer sind vertraute Ansprechpartner für unsere Senioren: Alltagsbegleiter, Hauswirtschafter und Freizeitgestalter in einer Person - einfach eine umfassende Unterstützung im gesamten sozialen Bereich. Als Lebenshelfer für Senioren sind Sie auf freiberuflicher Basis oder selbstständig tätig. Sie genießen also die Vorteile einer Selbstständigkeit, z. B. flexible Arbeitszeiten und selbstbestimmtes Arbeiten. Gleichzeitig profitieren Sie vom Franchise-Konzept der SeniorenLebenshilfe: Wir helfen Ihnen beim Aufbau Ihrer Selbständigkeit oder Freiberuflichkeit und unterstützen Sie unter anderem bei der Kundengewinnung, der finanziellen Absicherung, aber auch im Bereich Weiterbildung. Ein Einstieg als Lebenshelfer ist auch kurzfristig möglich - bei unbefristeter Vertragslaufzeit. Interessieren Sie sich für eine Tätigkeit als Lebenshelfer oder Lebenshelferin für Senioren - vielleicht auch im Quereinstieg? Dann fordern Sie jetzt unsere Broschüre mit weiteren Informationen an. Welche Lücke schließt die SeniorenLebenshilfe? Für pflegebedürftige Senioren steht mittlerweile ein breites Hilfsangebot zur Verfügung. Viele Menschen sind innerhalb der Pflege tätig: als Familienpfleger/Familienpflegerin, Hauswirtschafter/Hauswirtschafterin, Demenzbetreuer/Demenzbegleiter, als Pflegekraft in verschiedensten sozialen Bereichen. Ergänzende und unterstützende Berufe sind weiterhin z. B. Altenpflegehelfer/Altenpflegehelferin sowie Betreuungsassistent/Betreuungsassistentin und viele mehr. Doch viele Senioren, die keinen Betreuungshelfer oder Pflegebegleiter brauchen (und daher kein Anrecht darauf haben), sind dennoch auf Hilfe im Alltag angewiesen. Manchmal sind keine nahen Angehörigen in der Nähe, um diese Hilfe zu gewährleisten. Genau hier setzt die SeniorenLebenshilfe an. Wir schließen die vorpflegerische Lücke und ermöglichen es unseren Senioren auf diese Weise, länger ein selbstbestimmtes Leben in ihrer gewohnten Umgebung zu führen. Als Lebenshelfer oder Lebenshelferin für Senioren werden Sie Teil dieser Vision, die wir bereits erfolgreich leben. Was passiert, wenn die betreuten Senioren pflegebedürftig werden? Grundsätzlich sind Sie als Lebenshelfer als Alltagsbegleiter/Alltagsbegleiterin für Ihre Senioren tätig. Sie übernehmen also alltägliche, nicht pflegerische Aufgaben innerhalb der Seniorenbetreuung. Daher ist diese Tätigkeit auch für Quereinsteiger geeignet. Wenn Sie über eine Ausbildung innerhalb der Pflege oder Pflegebegleitung verfügen (z. B. Familienpfleger/Familienpflegerin, Krankenpflegehelfer/Krankenpflegehelferin, Pflegebegleiter oder Schwesternhelferin), dann steht es Ihnen natürlich frei, Ihre Senioren auch in dieser Hinsicht zu unterstützen. Außerdem können Sie auch zusätzlich zur häuslichen Pflege als Seniorenbetreuer tätig sein. Es gibt jedoch Situationen, in denen das nicht länger möglich ist. Dann können Sie Ihre Senioren insbesondere unterstützen, indem Sie Kontakte zu den entsprechenden Behörden herstellen. Sie können dann - gemeinsam mit eventuellen Angehörigen - dafür Sorge tragen, dass eine entsprechende Pflegefachkraft oder auch ein Demenzbetreuer/Demenzbegleiter zur Verfügung steht. Zu diesen Themen erhalten Sie natürlich sowohl Schulungen als auch kompetente Begleitung von der SeniorenLebenshilfe. Warum „Lebenshelfer""? Ein Lebenshelfer ist teils Seniorenbegleiter, teils Hauswirtschafter, teils Pflegehelfer und Alltagsbetreuer - aber er ist noch viel mehr. Ein Lebenshelfer für Senioren fungiert als Rundum-Ansprechpartner für alle Belange und packt dort an, wo es notwendig ist. Außerdem wird er zur Schnittstelle zwischen dem Senior und eventuell beteiligten Fachkräften (Krankenschwester/Krankenpfleger) oder Behörden. Häufig werden unsere Senioren und Lebenshelfer Freunde, denn ein Lebenshelfer teilt im Rahmen der Seniorenbegleitung auch die Höhen und Tiefen des Alltags - eben einfach das Leben. Dieses Leben auch im hohen Alter erfüllt und sinnvoll zu gestalten, ist Aufgabe unserer Lebenshelfer. Möchten Sie sich einer sinnvollen, erfüllenden selbstständigen Tätigkeit widmen und mit der SeniorenLebenshilfe zusammenarbeiten? Dann fordern Sie jetzt weitere Informationen an.",,,,healthcare,2026-10-07,https://www.jobs.de/jdp/lebenshelfer-f%C3%BCr-senioren----quereinstieg-als-alltagsbegleiter&&-altenpfleger-(m&&w&&d)-j3t0ps6jqjfyy3m5p1v,18a564d381ee6d615b5b5c5f576ed0e2,Lexicon,No,,,,,Germany
"Lebenshelfer für Senioren - Quereinstieg als Alltagsbegleiter, Altenpfleger (m,w,d)",Home-based Personal Care Workers,5322,532,53,Home-based Personal Care Workers,Sachsen,Bad Elster,SeniorenLebenshilfe,,2021-03-29,Full-time,,"Lebenshelfer/in für unsere Senioren Was bietet Ihnen die SeniorenLebenshilfe? Als Lebenshelfer für Senioren sind Sie freiberuflich/auf selbstständiger Basis tätig und dennoch Teil eines deutschlandweiten Teams. Sie profitieren so zum einen von unserer jahrelangen Erfahrung in Bereichen wie Kundengewinnung, Marketing und Existenzgründung. Zum anderen geben wir Ihnen Raum, sich in diesem sozialen Beruf zu entfalten und Ihre Tatkraft und Kreativität in Ihr Arbeitsleben als Seniorenbegleiter einzubringen. Wir möchten mit Ihren Ideen und Erfahrungen unsere gemeinsame Entwicklung voranbringen. Weitere Vorteile für Sie bei der SeniorenLebenshilfe: sinnvolle, erfüllende Tätigkeit flexible, familienfreundliche Arbeitszeiten Vollzeit oder ab 25 Stunden keine Schichten und keine Wochenendarbeit Fahrzeit zum Einsatzort von max. 30 Minuten von Ihrem Wohnort aus unbefristetes Vertragsverhältnis Quereinstieg möglich (auch ohne Erfahrungen in einem sozialen Beruf) die Freiheiten einer Selbstständigkeit und die Absicherung eines Angestelltenverhältnisses persönliche, enge und vertrauensvolle Kontakte zu Ihren Senioren (und genügend Zeit dafür!) zahlreiche Weiterbildungen, z. B. fachliche und persönliche Trainings (insbesondere auch für Quereinsteiger) die Möglichkeit für persönliches Wachstum in einem gut organisierten, jungen Familienunternehmen Ihre Aufgaben als Lebenshelfer für Senioren Als Lebenshelfer sind Sie vor allem eine Art Alltagsbetreuer. Die SeniorenLebenshilfe wird vorpflegerisch tätig. Das bedeutet, dass Sie als Lebenshelfer oder Lebenshelferin für Senioren nicht als Pflegekraft (oder als Pflegeassistent/Pflegeassistentin) arbeiten. Dementsprechend benötigen Sie nicht zwingend eine Ausbildung im sozialen Bereich, der Pflegebegleitung oder der Seniorenbetreuung (wie z. B. Altenpfleger/Altenpflegerin oder Hauswirtschafter/Hauswirtschafterin). Stattdessen bietet die SeniorenLebenshilfe Ihnen als Quereinsteiger zahlreiche Schulungen an, um Sie auf Ihre Tätigkeit als Lebenshelfer vorzubereiten. Zu Ihren Aufgaben zählen zum Beispiel: Unterstützung Ihrer Senioren als Alltagsbegleiter/Alltagsbegleiterin Begleitung zum Arzt oder zu anderen Terminen mit Ihrem PKW Einkäufe, Einlösen von Rezepten etc. Hauswirtschafter/in oder Haushaltshilfe für Senioren, z. B. Essen kochen, saubermachen Unterstützung im Kontakt mit Behörden, Krankenschwester/Krankenpfleger etc. Freizeitgestaltung und vertrauensvolle Gespräche Erstberatung bei interessierten Senioren, telefonische Beratung von Neukunden Organisation Ihres Homeoffice und Ihrer Termine eigenverantwortliche Leistungserfassung und Rechnungslegung Unser Versprechen ist eine Rundum-Seniorenbegleitung, die sich nach den Bedürfnissen unserer Kunden richtet. Ihr ideales Profil als Lebenshelfer/Lebenshelferin Vielleicht haben Sie bereits in einem sozialen Beruf gearbeitet, etwa als Krankenschwester/Krankenpfleger, Altenpfleger/Altenpflegerin oder Pflegehelfer/Pflegehelferin. Aber auch wenn Sie keine Erfahrung in einem Pflegeberuf haben, ist ein Quereinstieg für Sie möglich. Vielleicht blicken Sie auf langjährige Berufspraxis zurück und möchten neuen Sinn in Ihr Arbeitsleben bringen. Oder Sie haben sich in den letzten Jahren intensiv Ihrer Familie gewidmet und suchen einen beruflichen Wiedereinstieg? Uns ist vor allem eines wichtig: Dass Ihnen die Arbeit mit Menschen - insbesondere mit Senioren - eine Herzensangelegenheit ist. Außerdem setzen wir Folgendes voraus: eine herzliche, aufmerksame und fürsorgliche Art sehr gute kommunikative Fähigkeiten gutes Allgemeinwissen, gern im sozialen Bereich viel Ruhe und Geduld als Seniorenbetreuer selbstbewusstes und zielstrebiges Arbeiten Bereitschaft, sich selbstständig zu machen Einsatzbereitschaft, Flexibilität und Verantwortungsbewusstsein PKW-Führerschein der Klasse B Grundkenntnisse im Umgang mit PC und Internet Unterstützen Sie Senioren: Werden Sie Lebenshelfer bei der SeniorenLebenshilfe! Unsere LebenshelferINNEN betreuen deutschlandweit Senioren, die Unterstützung im Alltag benötigen. Unsere Vision: Wir ermöglichen Senioren ein würdevolles, selbstbestimmtes Leben im eigenen Zuhause. Unsere Lebenshelfer sind vertraute Ansprechpartner für unsere Senioren: Alltagsbegleiter, Hauswirtschafter und Freizeitgestalter in einer Person - einfach eine umfassende Unterstützung im gesamten sozialen Bereich. Als Lebenshelfer für Senioren sind Sie auf freiberuflicher Basis oder selbstständig tätig. Sie genießen also die Vorteile einer Selbstständigkeit, z. B. flexible Arbeitszeiten und selbstbestimmtes Arbeiten. Gleichzeitig profitieren Sie vom Franchise-Konzept der SeniorenLebenshilfe: Wir helfen Ihnen beim Aufbau Ihrer Selbständigkeit oder Freiberuflichkeit und unterstützen Sie unter anderem bei der Kundengewinnung, der finanziellen Absicherung, aber auch im Bereich Weiterbildung. Ein Einstieg als Lebenshelfer ist auch kurzfristig möglich - bei unbefristeter Vertragslaufzeit. Interessieren Sie sich für eine Tätigkeit als Lebenshelfer oder Lebenshelferin für Senioren - vielleicht auch im Quereinstieg? Dann fordern Sie jetzt unsere Broschüre mit weiteren Informationen an. Welche Lücke schließt die SeniorenLebenshilfe? Für pflegebedürftige Senioren steht mittlerweile ein breites Hilfsangebot zur Verfügung. Viele Menschen sind innerhalb der Pflege tätig: als Familienpfleger/Familienpflegerin, Hauswirtschafter/Hauswirtschafterin, Demenzbetreuer/Demenzbegleiter, als Pflegekraft in verschiedensten sozialen Bereichen. Ergänzende und unterstützende Berufe sind weiterhin z. B. Altenpflegehelfer/Altenpflegehelferin sowie Betreuungsassistent/Betreuungsassistentin und viele mehr. Doch viele Senioren, die keinen Betreuungshelfer oder Pflegebegleiter brauchen (und daher kein Anrecht darauf haben), sind dennoch auf Hilfe im Alltag angewiesen. Manchmal sind keine nahen Angehörigen in der Nähe, um diese Hilfe zu gewährleisten. Genau hier setzt die SeniorenLebenshilfe an. Wir schließen die vorpflegerische Lücke und ermöglichen es unseren Senioren auf diese Weise, länger ein selbstbestimmtes Leben in ihrer gewohnten Umgebung zu führen. Als Lebenshelfer oder Lebenshelferin für Senioren werden Sie Teil dieser Vision, die wir bereits erfolgreich leben. Was passiert, wenn die betreuten Senioren pflegebedürftig werden? Grundsätzlich sind Sie als Lebenshelfer als Alltagsbegleiter/Alltagsbegleiterin für Ihre Senioren tätig. Sie übernehmen also alltägliche, nicht pflegerische Aufgaben innerhalb der Seniorenbetreuung. Daher ist diese Tätigkeit auch für Quereinsteiger geeignet. Wenn Sie über eine Ausbildung innerhalb der Pflege oder Pflegebegleitung verfügen (z. B. Familienpfleger/Familienpflegerin, Krankenpflegehelfer/Krankenpflegehelferin, Pflegebegleiter oder Schwesternhelferin), dann steht es Ihnen natürlich frei, Ihre Senioren auch in dieser Hinsicht zu unterstützen. Außerdem können Sie auch zusätzlich zur häuslichen Pflege als Seniorenbetreuer tätig sein. Es gibt jedoch Situationen, in denen das nicht länger möglich ist. Dann können Sie Ihre Senioren insbesondere unterstützen, indem Sie Kontakte zu den entsprechenden Behörden herstellen. Sie können dann - gemeinsam mit eventuellen Angehörigen - dafür Sorge tragen, dass eine entsprechende Pflegefachkraft oder auch ein Demenzbetreuer/Demenzbegleiter zur Verfügung steht. Zu diesen Themen erhalten Sie natürlich sowohl Schulungen als auch kompetente Begleitung von der SeniorenLebenshilfe. Warum „Lebenshelfer""? Ein Lebenshelfer ist teils Seniorenbegleiter, teils Hauswirtschafter, teils Pflegehelfer und Alltagsbetreuer - aber er ist noch viel mehr. Ein Lebenshelfer für Senioren fungiert als Rundum-Ansprechpartner für alle Belange und packt dort an, wo es notwendig ist. Außerdem wird er zur Schnittstelle zwischen dem Senior und eventuell beteiligten Fachkräften (Krankenschwester/Krankenpfleger) oder Behörden. Häufig werden unsere Senioren und Lebenshelfer Freunde, denn ein Lebenshelfer teilt im Rahmen der Seniorenbegleitung auch die Höhen und Tiefen des Alltags - eben einfach das Leben. Dieses Leben auch im hohen Alter erfüllt und sinnvoll zu gestalten, ist Aufgabe unserer Lebenshelfer. Möchten Sie sich einer sinnvollen, erfüllenden selbstständigen Tätigkeit widmen und mit der SeniorenLebenshilfe zusammenarbeiten? Dann fordern Sie jetzt weitere Informationen an.",,,,healthcare,2026-10-07,https://www.jobs.de/jdp/lebenshelfer-f%C3%BCr-senioren----quereinstieg-als-alltagsbegleiter&&-altenpfleger-(m&&w&&d)-j3t0x2664ybvv920q8n,c01dc5a568640c67a498be61daa28883,Lexicon,No,,,,,Germany
"Lebenshelfer für Senioren - Quereinstieg als Alltagsbegleiter, Altenpfleger (m,w,d)",Home-based Personal Care Workers,5322,532,53,Home-based Personal Care Workers,Niedersachsen,Vechta,SeniorenLebenshilfe,,2021-03-29,Full-time,,"Lebenshelfer/in für unsere Senioren Was bietet Ihnen die SeniorenLebenshilfe? Als Lebenshelfer für Senioren sind Sie freiberuflich/auf selbstständiger Basis tätig und dennoch Teil eines deutschlandweiten Teams. Sie profitieren so zum einen von unserer jahrelangen Erfahrung in Bereichen wie Kundengewinnung, Marketing und Existenzgründung. Zum anderen geben wir Ihnen Raum, sich in diesem sozialen Beruf zu entfalten und Ihre Tatkraft und Kreativität in Ihr Arbeitsleben als Seniorenbegleiter einzubringen. Wir möchten mit Ihren Ideen und Erfahrungen unsere gemeinsame Entwicklung voranbringen. Weitere Vorteile für Sie bei der SeniorenLebenshilfe: sinnvolle, erfüllende Tätigkeit flexible, familienfreundliche Arbeitszeiten Vollzeit oder ab 25 Stunden keine Schichten und keine Wochenendarbeit Fahrzeit zum Einsatzort von max. 30 Minuten von Ihrem Wohnort aus unbefristetes Vertragsverhältnis Quereinstieg möglich (auch ohne Erfahrungen in einem sozialen Beruf) die Freiheiten einer Selbstständigkeit und die Absicherung eines Angestelltenverhältnisses persönliche, enge und vertrauensvolle Kontakte zu Ihren Senioren (und genügend Zeit dafür!) zahlreiche Weiterbildungen, z. B. fachliche und persönliche Trainings (insbesondere auch für Quereinsteiger) die Möglichkeit für persönliches Wachstum in einem gut organisierten, jungen Familienunternehmen Ihre Aufgaben als Lebenshelfer für Senioren Als Lebenshelfer sind Sie vor allem eine Art Alltagsbetreuer. Die SeniorenLebenshilfe wird vorpflegerisch tätig. Das bedeutet, dass Sie als Lebenshelfer oder Lebenshelferin für Senioren nicht als Pflegekraft (oder als Pflegeassistent/Pflegeassistentin) arbeiten. Dementsprechend benötigen Sie nicht zwingend eine Ausbildung im sozialen Bereich, der Pflegebegleitung oder der Seniorenbetreuung (wie z. B. Altenpfleger/Altenpflegerin oder Hauswirtschafter/Hauswirtschafterin). Stattdessen bietet die SeniorenLebenshilfe Ihnen als Quereinsteiger zahlreiche Schulungen an, um Sie auf Ihre Tätigkeit als Lebenshelfer vorzubereiten. Zu Ihren Aufgaben zählen zum Beispiel: Unterstützung Ihrer Senioren als Alltagsbegleiter/Alltagsbegleiterin Begleitung zum Arzt oder zu anderen Terminen mit Ihrem PKW Einkäufe, Einlösen von Rezepten etc. Hauswirtschafter/in oder Haushaltshilfe für Senioren, z. B. Essen kochen, saubermachen Unterstützung im Kontakt mit Behörden, Krankenschwester/Krankenpfleger etc. Freizeitgestaltung und vertrauensvolle Gespräche Erstberatung bei interessierten Senioren, telefonische Beratung von Neukunden Organisation Ihres Homeoffice und Ihrer Termine eigenverantwortliche Leistungserfassung und Rechnungslegung Unser Versprechen ist eine Rundum-Seniorenbegleitung, die sich nach den Bedürfnissen unserer Kunden richtet. Ihr ideales Profil als Lebenshelfer/Lebenshelferin Vielleicht haben Sie bereits in einem sozialen Beruf gearbeitet, etwa als Krankenschwester/Krankenpfleger, Altenpfleger/Altenpflegerin oder Pflegehelfer/Pflegehelferin. Aber auch wenn Sie keine Erfahrung in einem Pflegeberuf haben, ist ein Quereinstieg für Sie möglich. Vielleicht blicken Sie auf langjährige Berufspraxis zurück und möchten neuen Sinn in Ihr Arbeitsleben bringen. Oder Sie haben sich in den letzten Jahren intensiv Ihrer Familie gewidmet und suchen einen beruflichen Wiedereinstieg? Uns ist vor allem eines wichtig: Dass Ihnen die Arbeit mit Menschen - insbesondere mit Senioren - eine Herzensangelegenheit ist. Außerdem setzen wir Folgendes voraus: eine herzliche, aufmerksame und fürsorgliche Art sehr gute kommunikative Fähigkeiten gutes Allgemeinwissen, gern im sozialen Bereich viel Ruhe und Geduld als Seniorenbetreuer selbstbewusstes und zielstrebiges Arbeiten Bereitschaft, sich selbstständig zu machen Einsatzbereitschaft, Flexibilität und Verantwortungsbewusstsein PKW-Führerschein der Klasse B Grundkenntnisse im Umgang mit PC und Internet Unterstützen Sie Senioren: Werden Sie Lebenshelfer bei der SeniorenLebenshilfe! Unsere LebenshelferINNEN betreuen deutschlandweit Senioren, die Unterstützung im Alltag benötigen. Unsere Vision: Wir ermöglichen Senioren ein würdevolles, selbstbestimmtes Leben im eigenen Zuhause. Unsere Lebenshelfer sind vertraute Ansprechpartner für unsere Senioren: Alltagsbegleiter, Hauswirtschafter und Freizeitgestalter in einer Person - einfach eine umfassende Unterstützung im gesamten sozialen Bereich. Als Lebenshelfer für Senioren sind Sie auf freiberuflicher Basis oder selbstständig tätig. Sie genießen also die Vorteile einer Selbstständigkeit, z. B. flexible Arbeitszeiten und selbstbestimmtes Arbeiten. Gleichzeitig profitieren Sie vom Franchise-Konzept der SeniorenLebenshilfe: Wir helfen Ihnen beim Aufbau Ihrer Selbständigkeit oder Freiberuflichkeit und unterstützen Sie unter anderem bei der Kundengewinnung, der finanziellen Absicherung, aber auch im Bereich Weiterbildung. Ein Einstieg als Lebenshelfer ist auch kurzfristig möglich - bei unbefristeter Vertragslaufzeit. Interessieren Sie sich für eine Tätigkeit als Lebenshelfer oder Lebenshelferin für Senioren - vielleicht auch im Quereinstieg? Dann fordern Sie jetzt unsere Broschüre mit weiteren Informationen an. Welche Lücke schließt die SeniorenLebenshilfe? Für pflegebedürftige Senioren steht mittlerweile ein breites Hilfsangebot zur Verfügung. Viele Menschen sind innerhalb der Pflege tätig: als Familienpfleger/Familienpflegerin, Hauswirtschafter/Hauswirtschafterin, Demenzbetreuer/Demenzbegleiter, als Pflegekraft in verschiedensten sozialen Bereichen. Ergänzende und unterstützende Berufe sind weiterhin z. B. Altenpflegehelfer/Altenpflegehelferin sowie Betreuungsassistent/Betreuungsassistentin und viele mehr. Doch viele Senioren, die keinen Betreuungshelfer oder Pflegebegleiter brauchen (und daher kein Anrecht darauf haben), sind dennoch auf Hilfe im Alltag angewiesen. Manchmal sind keine nahen Angehörigen in der Nähe, um diese Hilfe zu gewährleisten. Genau hier setzt die SeniorenLebenshilfe an. Wir schließen die vorpflegerische Lücke und ermöglichen es unseren Senioren auf diese Weise, länger ein selbstbestimmtes Leben in ihrer gewohnten Umgebung zu führen. Als Lebenshelfer oder Lebenshelferin für Senioren werden Sie Teil dieser Vision, die wir bereits erfolgreich leben. Was passiert, wenn die betreuten Senioren pflegebedürftig werden? Grundsätzlich sind Sie als Lebenshelfer als Alltagsbegleiter/Alltagsbegleiterin für Ihre Senioren tätig. Sie übernehmen also alltägliche, nicht pflegerische Aufgaben innerhalb der Seniorenbetreuung. Daher ist diese Tätigkeit auch für Quereinsteiger geeignet. Wenn Sie über eine Ausbildung innerhalb der Pflege oder Pflegebegleitung verfügen (z. B. Familienpfleger/Familienpflegerin, Krankenpflegehelfer/Krankenpflegehelferin, Pflegebegleiter oder Schwesternhelferin), dann steht es Ihnen natürlich frei, Ihre Senioren auch in dieser Hinsicht zu unterstützen. Außerdem können Sie auch zusätzlich zur häuslichen Pflege als Seniorenbetreuer tätig sein. Es gibt jedoch Situationen, in denen das nicht länger möglich ist. Dann können Sie Ihre Senioren insbesondere unterstützen, indem Sie Kontakte zu den entsprechenden Behörden herstellen. Sie können dann - gemeinsam mit eventuellen Angehörigen - dafür Sorge tragen, dass eine entsprechende Pflegefachkraft oder auch ein Demenzbetreuer/Demenzbegleiter zur Verfügung steht. Zu diesen Themen erhalten Sie natürlich sowohl Schulungen als auch kompetente Begleitung von der SeniorenLebenshilfe. Warum „Lebenshelfer""? Ein Lebenshelfer ist teils Seniorenbegleiter, teils Hauswirtschafter, teils Pflegehelfer und Alltagsbetreuer - aber er ist noch viel mehr. Ein Lebenshelfer für Senioren fungiert als Rundum-Ansprechpartner für alle Belange und packt dort an, wo es notwendig ist. Außerdem wird er zur Schnittstelle zwischen dem Senior und eventuell beteiligten Fachkräften (Krankenschwester/Krankenpfleger) oder Behörden. Häufig werden unsere Senioren und Lebenshelfer Freunde, denn ein Lebenshelfer teilt im Rahmen der Seniorenbegleitung auch die Höhen und Tiefen des Alltags - eben einfach das Leben. Dieses Leben auch im hohen Alter erfüllt und sinnvoll zu gestalten, ist Aufgabe unserer Lebenshelfer. Möchten Sie sich einer sinnvollen, erfüllenden selbstständigen Tätigkeit widmen und mit der SeniorenLebenshilfe zusammenarbeiten? Dann fordern Sie jetzt weitere Informationen an.",,,,healthcare,2026-10-07,https://www.jobs.de/jdp/lebenshelfer-f%C3%BCr-senioren----quereinstieg-als-alltagsbegleiter&&-altenpfleger-(m&&w&&d)-j3v69j669b6zmnxb1q1,a56b29a819fdeeca4c1dbe1d797b8c44,Lexicon,No,,,,,Germany
"Lebenshelfer für Senioren - Quereinstieg als Alltagsbegleiter, Altenpfleger (m,w,d)",Home-based Personal Care Workers,5322,532,53,Home-based Personal Care Workers,Hessen,Mühlheim am Main,SeniorenLebenshilfe,,2021-03-29,Full-time,,"Lebenshelfer/in für unsere Senioren Was bietet Ihnen die SeniorenLebenshilfe? Als Lebenshelfer für Senioren sind Sie freiberuflich/auf selbstständiger Basis tätig und dennoch Teil eines deutschlandweiten Teams. Sie profitieren so zum einen von unserer jahrelangen Erfahrung in Bereichen wie Kundengewinnung, Marketing und Existenzgründung. Zum anderen geben wir Ihnen Raum, sich in diesem sozialen Beruf zu entfalten und Ihre Tatkraft und Kreativität in Ihr Arbeitsleben als Seniorenbegleiter einzubringen. Wir möchten mit Ihren Ideen und Erfahrungen unsere gemeinsame Entwicklung voranbringen. Weitere Vorteile für Sie bei der SeniorenLebenshilfe: sinnvolle, erfüllende Tätigkeit flexible, familienfreundliche Arbeitszeiten Vollzeit oder ab 25 Stunden keine Schichten und keine Wochenendarbeit Fahrzeit zum Einsatzort von max. 30 Minuten von Ihrem Wohnort aus unbefristetes Vertragsverhältnis Quereinstieg möglich (auch ohne Erfahrungen in einem sozialen Beruf) die Freiheiten einer Selbstständigkeit und die Absicherung eines Angestelltenverhältnisses persönliche, enge und vertrauensvolle Kontakte zu Ihren Senioren (und genügend Zeit dafür!) zahlreiche Weiterbildungen, z. B. fachliche und persönliche Trainings (insbesondere auch für Quereinsteiger) die Möglichkeit für persönliches Wachstum in einem gut organisierten, jungen Familienunternehmen Ihre Aufgaben als Lebenshelfer für Senioren Als Lebenshelfer sind Sie vor allem eine Art Alltagsbetreuer. Die SeniorenLebenshilfe wird vorpflegerisch tätig. Das bedeutet, dass Sie als Lebenshelfer oder Lebenshelferin für Senioren nicht als Pflegekraft (oder als Pflegeassistent/Pflegeassistentin) arbeiten. Dementsprechend benötigen Sie nicht zwingend eine Ausbildung im sozialen Bereich, der Pflegebegleitung oder der Seniorenbetreuung (wie z. B. Altenpfleger/Altenpflegerin oder Hauswirtschafter/Hauswirtschafterin). Stattdessen bietet die SeniorenLebenshilfe Ihnen als Quereinsteiger zahlreiche Schulungen an, um Sie auf Ihre Tätigkeit als Lebenshelfer vorzubereiten. Zu Ihren Aufgaben zählen zum Beispiel: Unterstützung Ihrer Senioren als Alltagsbegleiter/Alltagsbegleiterin Begleitung zum Arzt oder zu anderen Terminen mit Ihrem PKW Einkäufe, Einlösen von Rezepten etc. Hauswirtschafter/in oder Haushaltshilfe für Senioren, z. B. Essen kochen, saubermachen Unterstützung im Kontakt mit Behörden, Krankenschwester/Krankenpfleger etc. Freizeitgestaltung und vertrauensvolle Gespräche Erstberatung bei interessierten Senioren, telefonische Beratung von Neukunden Organisation Ihres Homeoffice und Ihrer Termine eigenverantwortliche Leistungserfassung und Rechnungslegung Unser Versprechen ist eine Rundum-Seniorenbegleitung, die sich nach den Bedürfnissen unserer Kunden richtet. Ihr ideales Profil als Lebenshelfer/Lebenshelferin Vielleicht haben Sie bereits in einem sozialen Beruf gearbeitet, etwa als Krankenschwester/Krankenpfleger, Altenpfleger/Altenpflegerin oder Pflegehelfer/Pflegehelferin. Aber auch wenn Sie keine Erfahrung in einem Pflegeberuf haben, ist ein Quereinstieg für Sie möglich. Vielleicht blicken Sie auf langjährige Berufspraxis zurück und möchten neuen Sinn in Ihr Arbeitsleben bringen. Oder Sie haben sich in den letzten Jahren intensiv Ihrer Familie gewidmet und suchen einen beruflichen Wiedereinstieg? Uns ist vor allem eines wichtig: Dass Ihnen die Arbeit mit Menschen - insbesondere mit Senioren - eine Herzensangelegenheit ist. Außerdem setzen wir Folgendes voraus: eine herzliche, aufmerksame und fürsorgliche Art sehr gute kommunikative Fähigkeiten gutes Allgemeinwissen, gern im sozialen Bereich viel Ruhe und Geduld als Seniorenbetreuer selbstbewusstes und zielstrebiges Arbeiten Bereitschaft, sich selbstständig zu machen Einsatzbereitschaft, Flexibilität und Verantwortungsbewusstsein PKW-Führerschein der Klasse B Grundkenntnisse im Umgang mit PC und Internet Unterstützen Sie Senioren: Werden Sie Lebenshelfer bei der SeniorenLebenshilfe! Unsere LebenshelferINNEN betreuen deutschlandweit Senioren, die Unterstützung im Alltag benötigen. Unsere Vision: Wir ermöglichen Senioren ein würdevolles, selbstbestimmtes Leben im eigenen Zuhause. Unsere Lebenshelfer sind vertraute Ansprechpartner für unsere Senioren: Alltagsbegleiter, Hauswirtschafter und Freizeitgestalter in einer Person - einfach eine umfassende Unterstützung im gesamten sozialen Bereich. Als Lebenshelfer für Senioren sind Sie auf freiberuflicher Basis oder selbstständig tätig. Sie genießen also die Vorteile einer Selbstständigkeit, z. B. flexible Arbeitszeiten und selbstbestimmtes Arbeiten. Gleichzeitig profitieren Sie vom Franchise-Konzept der SeniorenLebenshilfe: Wir helfen Ihnen beim Aufbau Ihrer Selbständigkeit oder Freiberuflichkeit und unterstützen Sie unter anderem bei der Kundengewinnung, der finanziellen Absicherung, aber auch im Bereich Weiterbildung. Ein Einstieg als Lebenshelfer ist auch kurzfristig möglich - bei unbefristeter Vertragslaufzeit. Interessieren Sie sich für eine Tätigkeit als Lebenshelfer oder Lebenshelferin für Senioren - vielleicht auch im Quereinstieg? Dann fordern Sie jetzt unsere Broschüre mit weiteren Informationen an. Welche Lücke schließt die SeniorenLebenshilfe? Für pflegebedürftige Senioren steht mittlerweile ein breites Hilfsangebot zur Verfügung. Viele Menschen sind innerhalb der Pflege tätig: als Familienpfleger/Familienpflegerin, Hauswirtschafter/Hauswirtschafterin, Demenzbetreuer/Demenzbegleiter, als Pflegekraft in verschiedensten sozialen Bereichen. Ergänzende und unterstützende Berufe sind weiterhin z. B. Altenpflegehelfer/Altenpflegehelferin sowie Betreuungsassistent/Betreuungsassistentin und viele mehr. Doch viele Senioren, die keinen Betreuungshelfer oder Pflegebegleiter brauchen (und daher kein Anrecht darauf haben), sind dennoch auf Hilfe im Alltag angewiesen. Manchmal sind keine nahen Angehörigen in der Nähe, um diese Hilfe zu gewährleisten. Genau hier setzt die SeniorenLebenshilfe an. Wir schließen die vorpflegerische Lücke und ermöglichen es unseren Senioren auf diese Weise, länger ein selbstbestimmtes Leben in ihrer gewohnten Umgebung zu führen. Als Lebenshelfer oder Lebenshelferin für Senioren werden Sie Teil dieser Vision, die wir bereits erfolgreich leben. Was passiert, wenn die betreuten Senioren pflegebedürftig werden? Grundsätzlich sind Sie als Lebenshelfer als Alltagsbegleiter/Alltagsbegleiterin für Ihre Senioren tätig. Sie übernehmen also alltägliche, nicht pflegerische Aufgaben innerhalb der Seniorenbetreuung. Daher ist diese Tätigkeit auch für Quereinsteiger geeignet. Wenn Sie über eine Ausbildung innerhalb der Pflege oder Pflegebegleitung verfügen (z. B. Familienpfleger/Familienpflegerin, Krankenpflegehelfer/Krankenpflegehelferin, Pflegebegleiter oder Schwesternhelferin), dann steht es Ihnen natürlich frei, Ihre Senioren auch in dieser Hinsicht zu unterstützen. Außerdem können Sie auch zusätzlich zur häuslichen Pflege als Seniorenbetreuer tätig sein. Es gibt jedoch Situationen, in denen das nicht länger möglich ist. Dann können Sie Ihre Senioren insbesondere unterstützen, indem Sie Kontakte zu den entsprechenden Behörden herstellen. Sie können dann - gemeinsam mit eventuellen Angehörigen - dafür Sorge tragen, dass eine entsprechende Pflegefachkraft oder auch ein Demenzbetreuer/Demenzbegleiter zur Verfügung steht. Zu diesen Themen erhalten Sie natürlich sowohl Schulungen als auch kompetente Begleitung von der SeniorenLebenshilfe. Warum „Lebenshelfer""? Ein Lebenshelfer ist teils Seniorenbegleiter, teils Hauswirtschafter, teils Pflegehelfer und Alltagsbetreuer - aber er ist noch viel mehr. Ein Lebenshelfer für Senioren fungiert als Rundum-Ansprechpartner für alle Belange und packt dort an, wo es notwendig ist. Außerdem wird er zur Schnittstelle zwischen dem Senior und eventuell beteiligten Fachkräften (Krankenschwester/Krankenpfleger) oder Behörden. Häufig werden unsere Senioren und Lebenshelfer Freunde, denn ein Lebenshelfer teilt im Rahmen der Seniorenbegleitung auch die Höhen und Tiefen des Alltags - eben einfach das Leben. Dieses Leben auch im hohen Alter erfüllt und sinnvoll zu gestalten, ist Aufgabe unserer Lebenshelfer. Möchten Sie sich einer sinnvollen, erfüllenden selbstständigen Tätigkeit widmen und mit der SeniorenLebenshilfe zusammenarbeiten? Dann fordern Sie jetzt weitere Informationen an.",,,,healthcare,2026-10-07,https://www.jobs.de/jdp/lebenshelfer-f%C3%BCr-senioren----quereinstieg-als-alltagsbegleiter&&-altenpfleger-(m&&w&&d)-j3n50f703qnpt36vnkk,a96c09a12167796579a9b7226a38f5bd,Lexicon,No,,,,,Germany
"Lebenshelfer für Senioren - Quereinstieg als Alltagsbegleiter, Altenpfleger (m,w,d)",Home-based Personal Care Workers,5322,532,53,Home-based Personal Care Workers,Mecklenburg-Vorpommern,Bad Doberan,SeniorenLebenshilfe,,2021-03-29,Full-time,,"Lebenshelfer/in für unsere Senioren Was bietet Ihnen die SeniorenLebenshilfe? Als Lebenshelfer für Senioren sind Sie freiberuflich/auf selbstständiger Basis tätig und dennoch Teil eines deutschlandweiten Teams. Sie profitieren so zum einen von unserer jahrelangen Erfahrung in Bereichen wie Kundengewinnung, Marketing und Existenzgründung. Zum anderen geben wir Ihnen Raum, sich in diesem sozialen Beruf zu entfalten und Ihre Tatkraft und Kreativität in Ihr Arbeitsleben als Seniorenbegleiter einzubringen. Wir möchten mit Ihren Ideen und Erfahrungen unsere gemeinsame Entwicklung voranbringen. Weitere Vorteile für Sie bei der SeniorenLebenshilfe: sinnvolle, erfüllende Tätigkeit flexible, familienfreundliche Arbeitszeiten Vollzeit oder ab 25 Stunden keine Schichten und keine Wochenendarbeit Fahrzeit zum Einsatzort von max. 30 Minuten von Ihrem Wohnort aus unbefristetes Vertragsverhältnis Quereinstieg möglich (auch ohne Erfahrungen in einem sozialen Beruf) die Freiheiten einer Selbstständigkeit und die Absicherung eines Angestelltenverhältnisses persönliche, enge und vertrauensvolle Kontakte zu Ihren Senioren (und genügend Zeit dafür!) zahlreiche Weiterbildungen, z. B. fachliche und persönliche Trainings (insbesondere auch für Quereinsteiger) die Möglichkeit für persönliches Wachstum in einem gut organisierten, jungen Familienunternehmen Ihre Aufgaben als Lebenshelfer für Senioren Als Lebenshelfer sind Sie vor allem eine Art Alltagsbetreuer. Die SeniorenLebenshilfe wird vorpflegerisch tätig. Das bedeutet, dass Sie als Lebenshelfer oder Lebenshelferin für Senioren nicht als Pflegekraft (oder als Pflegeassistent/Pflegeassistentin) arbeiten. Dementsprechend benötigen Sie nicht zwingend eine Ausbildung im sozialen Bereich, der Pflegebegleitung oder der Seniorenbetreuung (wie z. B. Altenpfleger/Altenpflegerin oder Hauswirtschafter/Hauswirtschafterin). Stattdessen bietet die SeniorenLebenshilfe Ihnen als Quereinsteiger zahlreiche Schulungen an, um Sie auf Ihre Tätigkeit als Lebenshelfer vorzubereiten. Zu Ihren Aufgaben zählen zum Beispiel: Unterstützung Ihrer Senioren als Alltagsbegleiter/Alltagsbegleiterin Begleitung zum Arzt oder zu anderen Terminen mit Ihrem PKW Einkäufe, Einlösen von Rezepten etc. Hauswirtschafter/in oder Haushaltshilfe für Senioren, z. B. Essen kochen, saubermachen Unterstützung im Kontakt mit Behörden, Krankenschwester/Krankenpfleger etc. Freizeitgestaltung und vertrauensvolle Gespräche Erstberatung bei interessierten Senioren, telefonische Beratung von Neukunden Organisation Ihres Homeoffice und Ihrer Termine eigenverantwortliche Leistungserfassung und Rechnungslegung Unser Versprechen ist eine Rundum-Seniorenbegleitung, die sich nach den Bedürfnissen unserer Kunden richtet. Ihr ideales Profil als Lebenshelfer/Lebenshelferin Vielleicht haben Sie bereits in einem sozialen Beruf gearbeitet, etwa als Krankenschwester/Krankenpfleger, Altenpfleger/Altenpflegerin oder Pflegehelfer/Pflegehelferin. Aber auch wenn Sie keine Erfahrung in einem Pflegeberuf haben, ist ein Quereinstieg für Sie möglich. Vielleicht blicken Sie auf langjährige Berufspraxis zurück und möchten neuen Sinn in Ihr Arbeitsleben bringen. Oder Sie haben sich in den letzten Jahren intensiv Ihrer Familie gewidmet und suchen einen beruflichen Wiedereinstieg? Uns ist vor allem eines wichtig: Dass Ihnen die Arbeit mit Menschen - insbesondere mit Senioren - eine Herzensangelegenheit ist. Außerdem setzen wir Folgendes voraus: eine herzliche, aufmerksame und fürsorgliche Art sehr gute kommunikative Fähigkeiten gutes Allgemeinwissen, gern im sozialen Bereich viel Ruhe und Geduld als Seniorenbetreuer selbstbewusstes und zielstrebiges Arbeiten Bereitschaft, sich selbstständig zu machen Einsatzbereitschaft, Flexibilität und Verantwortungsbewusstsein PKW-Führerschein der Klasse B Grundkenntnisse im Umgang mit PC und Internet Unterstützen Sie Senioren: Werden Sie Lebenshelfer bei der SeniorenLebenshilfe! Unsere LebenshelferINNEN betreuen deutschlandweit Senioren, die Unterstützung im Alltag benötigen. Unsere Vision: Wir ermöglichen Senioren ein würdevolles, selbstbestimmtes Leben im eigenen Zuhause. Unsere Lebenshelfer sind vertraute Ansprechpartner für unsere Senioren: Alltagsbegleiter, Hauswirtschafter und Freizeitgestalter in einer Person - einfach eine umfassende Unterstützung im gesamten sozialen Bereich. Als Lebenshelfer für Senioren sind Sie auf freiberuflicher Basis oder selbstständig tätig. Sie genießen also die Vorteile einer Selbstständigkeit, z. B. flexible Arbeitszeiten und selbstbestimmtes Arbeiten. Gleichzeitig profitieren Sie vom Franchise-Konzept der SeniorenLebenshilfe: Wir helfen Ihnen beim Aufbau Ihrer Selbständigkeit oder Freiberuflichkeit und unterstützen Sie unter anderem bei der Kundengewinnung, der finanziellen Absicherung, aber auch im Bereich Weiterbildung. Ein Einstieg als Lebenshelfer ist auch kurzfristig möglich - bei unbefristeter Vertragslaufzeit. Interessieren Sie sich für eine Tätigkeit als Lebenshelfer oder Lebenshelferin für Senioren - vielleicht auch im Quereinstieg? Dann fordern Sie jetzt unsere Broschüre mit weiteren Informationen an. Welche Lücke schließt die SeniorenLebenshilfe? Für pflegebedürftige Senioren steht mittlerweile ein breites Hilfsangebot zur Verfügung. Viele Menschen sind innerhalb der Pflege tätig: als Familienpfleger/Familienpflegerin, Hauswirtschafter/Hauswirtschafterin, Demenzbetreuer/Demenzbegleiter, als Pflegekraft in verschiedensten sozialen Bereichen. Ergänzende und unterstützende Berufe sind weiterhin z. B. Altenpflegehelfer/Altenpflegehelferin sowie Betreuungsassistent/Betreuungsassistentin und viele mehr. Doch viele Senioren, die keinen Betreuungshelfer oder Pflegebegleiter brauchen (und daher kein Anrecht darauf haben), sind dennoch auf Hilfe im Alltag angewiesen. Manchmal sind keine nahen Angehörigen in der Nähe, um diese Hilfe zu gewährleisten. Genau hier setzt die SeniorenLebenshilfe an. Wir schließen die vorpflegerische Lücke und ermöglichen es unseren Senioren auf diese Weise, länger ein selbstbestimmtes Leben in ihrer gewohnten Umgebung zu führen. Als Lebenshelfer oder Lebenshelferin für Senioren werden Sie Teil dieser Vision, die wir bereits erfolgreich leben. Was passiert, wenn die betreuten Senioren pflegebedürftig werden? Grundsätzlich sind Sie als Lebenshelfer als Alltagsbegleiter/Alltagsbegleiterin für Ihre Senioren tätig. Sie übernehmen also alltägliche, nicht pflegerische Aufgaben innerhalb der Seniorenbetreuung. Daher ist diese Tätigkeit auch für Quereinsteiger geeignet. Wenn Sie über eine Ausbildung innerhalb der Pflege oder Pflegebegleitung verfügen (z. B. Familienpfleger/Familienpflegerin, Krankenpflegehelfer/Krankenpflegehelferin, Pflegebegleiter oder Schwesternhelferin), dann steht es Ihnen natürlich frei, Ihre Senioren auch in dieser Hinsicht zu unterstützen. Außerdem können Sie auch zusätzlich zur häuslichen Pflege als Seniorenbetreuer tätig sein. Es gibt jedoch Situationen, in denen das nicht länger möglich ist. Dann können Sie Ihre Senioren insbesondere unterstützen, indem Sie Kontakte zu den entsprechenden Behörden herstellen. Sie können dann - gemeinsam mit eventuellen Angehörigen - dafür Sorge tragen, dass eine entsprechende Pflegefachkraft oder auch ein Demenzbetreuer/Demenzbegleiter zur Verfügung steht. Zu diesen Themen erhalten Sie natürlich sowohl Schulungen als auch kompetente Begleitung von der SeniorenLebenshilfe. Warum „Lebenshelfer""? Ein Lebenshelfer ist teils Seniorenbegleiter, teils Hauswirtschafter, teils Pflegehelfer und Alltagsbetreuer - aber er ist noch viel mehr. Ein Lebenshelfer für Senioren fungiert als Rundum-Ansprechpartner für alle Belange und packt dort an, wo es notwendig ist. Außerdem wird er zur Schnittstelle zwischen dem Senior und eventuell beteiligten Fachkräften (Krankenschwester/Krankenpfleger) oder Behörden. Häufig werden unsere Senioren und Lebenshelfer Freunde, denn ein Lebenshelfer teilt im Rahmen der Seniorenbegleitung auch die Höhen und Tiefen des Alltags - eben einfach das Leben. Dieses Leben auch im hohen Alter erfüllt und sinnvoll zu gestalten, ist Aufgabe unserer Lebenshelfer. Möchten Sie sich einer sinnvollen, erfüllenden selbstständigen Tätigkeit widmen und mit der SeniorenLebenshilfe zusammenarbeiten? Dann fordern Sie jetzt weitere Informationen an.",,,,healthcare,2026-10-07,https://www.jobs.de/jdp/lebenshelfer-f%C3%BCr-senioren----quereinstieg-als-alltagsbegleiter&&-altenpfleger-(m&&w&&d)-j3r4y7747z94xdk1ct9,1c4590ddbcd6be99d7d8007a9a6bdee8,Lexicon,No,,,,,Germany
"Lebenshelfer für Senioren - Quereinstieg als Alltagsbegleiter, Altenpfleger (m,w,d)",Home-based Personal Care Workers,5322,532,53,Home-based Personal Care Workers,Mecklenburg-Vorpommern,Brüel,SeniorenLebenshilfe,,2021-03-29,Full-time,,"Lebenshelfer/in für unsere Senioren Was bietet Ihnen die SeniorenLebenshilfe? Als Lebenshelfer für Senioren sind Sie freiberuflich/auf selbstständiger Basis tätig und dennoch Teil eines deutschlandweiten Teams. Sie profitieren so zum einen von unserer jahrelangen Erfahrung in Bereichen wie Kundengewinnung, Marketing und Existenzgründung. Zum anderen geben wir Ihnen Raum, sich in diesem sozialen Beruf zu entfalten und Ihre Tatkraft und Kreativität in Ihr Arbeitsleben als Seniorenbegleiter einzubringen. Wir möchten mit Ihren Ideen und Erfahrungen unsere gemeinsame Entwicklung voranbringen. Weitere Vorteile für Sie bei der SeniorenLebenshilfe: sinnvolle, erfüllende Tätigkeit flexible, familienfreundliche Arbeitszeiten Vollzeit oder ab 25 Stunden keine Schichten und keine Wochenendarbeit Fahrzeit zum Einsatzort von max. 30 Minuten von Ihrem Wohnort aus unbefristetes Vertragsverhältnis Quereinstieg möglich (auch ohne Erfahrungen in einem sozialen Beruf) die Freiheiten einer Selbstständigkeit und die Absicherung eines Angestelltenverhältnisses persönliche, enge und vertrauensvolle Kontakte zu Ihren Senioren (und genügend Zeit dafür!) zahlreiche Weiterbildungen, z. B. fachliche und persönliche Trainings (insbesondere auch für Quereinsteiger) die Möglichkeit für persönliches Wachstum in einem gut organisierten, jungen Familienunternehmen Ihre Aufgaben als Lebenshelfer für Senioren Als Lebenshelfer sind Sie vor allem eine Art Alltagsbetreuer. Die SeniorenLebenshilfe wird vorpflegerisch tätig. Das bedeutet, dass Sie als Lebenshelfer oder Lebenshelferin für Senioren nicht als Pflegekraft (oder als Pflegeassistent/Pflegeassistentin) arbeiten. Dementsprechend benötigen Sie nicht zwingend eine Ausbildung im sozialen Bereich, der Pflegebegleitung oder der Seniorenbetreuung (wie z. B. Altenpfleger/Altenpflegerin oder Hauswirtschafter/Hauswirtschafterin). Stattdessen bietet die SeniorenLebenshilfe Ihnen als Quereinsteiger zahlreiche Schulungen an, um Sie auf Ihre Tätigkeit als Lebenshelfer vorzubereiten. Zu Ihren Aufgaben zählen zum Beispiel: Unterstützung Ihrer Senioren als Alltagsbegleiter/Alltagsbegleiterin Begleitung zum Arzt oder zu anderen Terminen mit Ihrem PKW Einkäufe, Einlösen von Rezepten etc. Hauswirtschafter/in oder Haushaltshilfe für Senioren, z. B. Essen kochen, saubermachen Unterstützung im Kontakt mit Behörden, Krankenschwester/Krankenpfleger etc. Freizeitgestaltung und vertrauensvolle Gespräche Erstberatung bei interessierten Senioren, telefonische Beratung von Neukunden Organisation Ihres Homeoffice und Ihrer Termine eigenverantwortliche Leistungserfassung und Rechnungslegung Unser Versprechen ist eine Rundum-Seniorenbegleitung, die sich nach den Bedürfnissen unserer Kunden richtet. Ihr ideales Profil als Lebenshelfer/Lebenshelferin Vielleicht haben Sie bereits in einem sozialen Beruf gearbeitet, etwa als Krankenschwester/Krankenpfleger, Altenpfleger/Altenpflegerin oder Pflegehelfer/Pflegehelferin. Aber auch wenn Sie keine Erfahrung in einem Pflegeberuf haben, ist ein Quereinstieg für Sie möglich. Vielleicht blicken Sie auf langjährige Berufspraxis zurück und möchten neuen Sinn in Ihr Arbeitsleben bringen. Oder Sie haben sich in den letzten Jahren intensiv Ihrer Familie gewidmet und suchen einen beruflichen Wiedereinstieg? Uns ist vor allem eines wichtig: Dass Ihnen die Arbeit mit Menschen - insbesondere mit Senioren - eine Herzensangelegenheit ist. Außerdem setzen wir Folgendes voraus: eine herzliche, aufmerksame und fürsorgliche Art sehr gute kommunikative Fähigkeiten gutes Allgemeinwissen, gern im sozialen Bereich viel Ruhe und Geduld als Seniorenbetreuer selbstbewusstes und zielstrebiges Arbeiten Bereitschaft, sich selbstständig zu machen Einsatzbereitschaft, Flexibilität und Verantwortungsbewusstsein PKW-Führerschein der Klasse B Grundkenntnisse im Umgang mit PC und Internet Unterstützen Sie Senioren: Werden Sie Lebenshelfer bei der SeniorenLebenshilfe! Unsere LebenshelferINNEN betreuen deutschlandweit Senioren, die Unterstützung im Alltag benötigen. Unsere Vision: Wir ermöglichen Senioren ein würdevolles, selbstbestimmtes Leben im eigenen Zuhause. Unsere Lebenshelfer sind vertraute Ansprechpartner für unsere Senioren: Alltagsbegleiter, Hauswirtschafter und Freizeitgestalter in einer Person - einfach eine umfassende Unterstützung im gesamten sozialen Bereich. Als Lebenshelfer für Senioren sind Sie auf freiberuflicher Basis oder selbstständig tätig. Sie genießen also die Vorteile einer Selbstständigkeit, z. B. flexible Arbeitszeiten und selbstbestimmtes Arbeiten. Gleichzeitig profitieren Sie vom Franchise-Konzept der SeniorenLebenshilfe: Wir helfen Ihnen beim Aufbau Ihrer Selbständigkeit oder Freiberuflichkeit und unterstützen Sie unter anderem bei der Kundengewinnung, der finanziellen Absicherung, aber auch im Bereich Weiterbildung. Ein Einstieg als Lebenshelfer ist auch kurzfristig möglich - bei unbefristeter Vertragslaufzeit. Interessieren Sie sich für eine Tätigkeit als Lebenshelfer oder Lebenshelferin für Senioren - vielleicht auch im Quereinstieg? Dann fordern Sie jetzt unsere Broschüre mit weiteren Informationen an. Welche Lücke schließt die SeniorenLebenshilfe? Für pflegebedürftige Senioren steht mittlerweile ein breites Hilfsangebot zur Verfügung. Viele Menschen sind innerhalb der Pflege tätig: als Familienpfleger/Familienpflegerin, Hauswirtschafter/Hauswirtschafterin, Demenzbetreuer/Demenzbegleiter, als Pflegekraft in verschiedensten sozialen Bereichen. Ergänzende und unterstützende Berufe sind weiterhin z. B. Altenpflegehelfer/Altenpflegehelferin sowie Betreuungsassistent/Betreuungsassistentin und viele mehr. Doch viele Senioren, die keinen Betreuungshelfer oder Pflegebegleiter brauchen (und daher kein Anrecht darauf haben), sind dennoch auf Hilfe im Alltag angewiesen. Manchmal sind keine nahen Angehörigen in der Nähe, um diese Hilfe zu gewährleisten. Genau hier setzt die SeniorenLebenshilfe an. Wir schließen die vorpflegerische Lücke und ermöglichen es unseren Senioren auf diese Weise, länger ein selbstbestimmtes Leben in ihrer gewohnten Umgebung zu führen. Als Lebenshelfer oder Lebenshelferin für Senioren werden Sie Teil dieser Vision, die wir bereits erfolgreich leben. Was passiert, wenn die betreuten Senioren pflegebedürftig werden? Grundsätzlich sind Sie als Lebenshelfer als Alltagsbegleiter/Alltagsbegleiterin für Ihre Senioren tätig. Sie übernehmen also alltägliche, nicht pflegerische Aufgaben innerhalb der Seniorenbetreuung. Daher ist diese Tätigkeit auch für Quereinsteiger geeignet. Wenn Sie über eine Ausbildung innerhalb der Pflege oder Pflegebegleitung verfügen (z. B. Familienpfleger/Familienpflegerin, Krankenpflegehelfer/Krankenpflegehelferin, Pflegebegleiter oder Schwesternhelferin), dann steht es Ihnen natürlich frei, Ihre Senioren auch in dieser Hinsicht zu unterstützen. Außerdem können Sie auch zusätzlich zur häuslichen Pflege als Seniorenbetreuer tätig sein. Es gibt jedoch Situationen, in denen das nicht länger möglich ist. Dann können Sie Ihre Senioren insbesondere unterstützen, indem Sie Kontakte zu den entsprechenden Behörden herstellen. Sie können dann - gemeinsam mit eventuellen Angehörigen - dafür Sorge tragen, dass eine entsprechende Pflegefachkraft oder auch ein Demenzbetreuer/Demenzbegleiter zur Verfügung steht. Zu diesen Themen erhalten Sie natürlich sowohl Schulungen als auch kompetente Begleitung von der SeniorenLebenshilfe. Warum „Lebenshelfer""? Ein Lebenshelfer ist teils Seniorenbegleiter, teils Hauswirtschafter, teils Pflegehelfer und Alltagsbetreuer - aber er ist noch viel mehr. Ein Lebenshelfer für Senioren fungiert als Rundum-Ansprechpartner für alle Belange und packt dort an, wo es notwendig ist. Außerdem wird er zur Schnittstelle zwischen dem Senior und eventuell beteiligten Fachkräften (Krankenschwester/Krankenpfleger) oder Behörden. Häufig werden unsere Senioren und Lebenshelfer Freunde, denn ein Lebenshelfer teilt im Rahmen der Seniorenbegleitung auch die Höhen und Tiefen des Alltags - eben einfach das Leben. Dieses Leben auch im hohen Alter erfüllt und sinnvoll zu gestalten, ist Aufgabe unserer Lebenshelfer. Möchten Sie sich einer sinnvollen, erfüllenden selbstständigen Tätigkeit widmen und mit der SeniorenLebenshilfe zusammenarbeiten? Dann fordern Sie jetzt weitere Informationen an.",,,,healthcare,2026-10-07,https://www.jobs.de/jdp/lebenshelfer-f%C3%BCr-senioren----quereinstieg-als-alltagsbegleiter&&-altenpfleger-(m&&w&&d)-j3v6c765mw22xlp526m,ac2cb0f0ae3617e2577a3b4f760f9e9f,Lexicon,No,,,,,Germany
"Lebenshelfer für Senioren - Quereinstieg als Alltagsbegleiter, Altenpfleger (m,w,d)",Home-based Personal Care Workers,5322,532,53,Home-based Personal Care Workers,Nordrhein-Westfalen,Waldbröl,SeniorenLebenshilfe,,2021-03-29,Full-time,,"Lebenshelfer/in für unsere Senioren Was bietet Ihnen die SeniorenLebenshilfe? Als Lebenshelfer für Senioren sind Sie freiberuflich/auf selbstständiger Basis tätig und dennoch Teil eines deutschlandweiten Teams. Sie profitieren so zum einen von unserer jahrelangen Erfahrung in Bereichen wie Kundengewinnung, Marketing und Existenzgründung. Zum anderen geben wir Ihnen Raum, sich in diesem sozialen Beruf zu entfalten und Ihre Tatkraft und Kreativität in Ihr Arbeitsleben als Seniorenbegleiter einzubringen. Wir möchten mit Ihren Ideen und Erfahrungen unsere gemeinsame Entwicklung voranbringen. Weitere Vorteile für Sie bei der SeniorenLebenshilfe: sinnvolle, erfüllende Tätigkeit flexible, familienfreundliche Arbeitszeiten Vollzeit oder ab 25 Stunden keine Schichten und keine Wochenendarbeit Fahrzeit zum Einsatzort von max. 30 Minuten von Ihrem Wohnort aus unbefristetes Vertragsverhältnis Quereinstieg möglich (auch ohne Erfahrungen in einem sozialen Beruf) die Freiheiten einer Selbstständigkeit und die Absicherung eines Angestelltenverhältnisses persönliche, enge und vertrauensvolle Kontakte zu Ihren Senioren (und genügend Zeit dafür!) zahlreiche Weiterbildungen, z. B. fachliche und persönliche Trainings (insbesondere auch für Quereinsteiger) die Möglichkeit für persönliches Wachstum in einem gut organisierten, jungen Familienunternehmen Ihre Aufgaben als Lebenshelfer für Senioren Als Lebenshelfer sind Sie vor allem eine Art Alltagsbetreuer. Die SeniorenLebenshilfe wird vorpflegerisch tätig. Das bedeutet, dass Sie als Lebenshelfer oder Lebenshelferin für Senioren nicht als Pflegekraft (oder als Pflegeassistent/Pflegeassistentin) arbeiten. Dementsprechend benötigen Sie nicht zwingend eine Ausbildung im sozialen Bereich, der Pflegebegleitung oder der Seniorenbetreuung (wie z. B. Altenpfleger/Altenpflegerin oder Hauswirtschafter/Hauswirtschafterin). Stattdessen bietet die SeniorenLebenshilfe Ihnen als Quereinsteiger zahlreiche Schulungen an, um Sie auf Ihre Tätigkeit als Lebenshelfer vorzubereiten. Zu Ihren Aufgaben zählen zum Beispiel: Unterstützung Ihrer Senioren als Alltagsbegleiter/Alltagsbegleiterin Begleitung zum Arzt oder zu anderen Terminen mit Ihrem PKW Einkäufe, Einlösen von Rezepten etc. Hauswirtschafter/in oder Haushaltshilfe für Senioren, z. B. Essen kochen, saubermachen Unterstützung im Kontakt mit Behörden, Krankenschwester/Krankenpfleger etc. Freizeitgestaltung und vertrauensvolle Gespräche Erstberatung bei interessierten Senioren, telefonische Beratung von Neukunden Organisation Ihres Homeoffice und Ihrer Termine eigenverantwortliche Leistungserfassung und Rechnungslegung Unser Versprechen ist eine Rundum-Seniorenbegleitung, die sich nach den Bedürfnissen unserer Kunden richtet. Ihr ideales Profil als Lebenshelfer/Lebenshelferin Vielleicht haben Sie bereits in einem sozialen Beruf gearbeitet, etwa als Krankenschwester/Krankenpfleger, Altenpfleger/Altenpflegerin oder Pflegehelfer/Pflegehelferin. Aber auch wenn Sie keine Erfahrung in einem Pflegeberuf haben, ist ein Quereinstieg für Sie möglich. Vielleicht blicken Sie auf langjährige Berufspraxis zurück und möchten neuen Sinn in Ihr Arbeitsleben bringen. Oder Sie haben sich in den letzten Jahren intensiv Ihrer Familie gewidmet und suchen einen beruflichen Wiedereinstieg? Uns ist vor allem eines wichtig: Dass Ihnen die Arbeit mit Menschen - insbesondere mit Senioren - eine Herzensangelegenheit ist. Außerdem setzen wir Folgendes voraus: eine herzliche, aufmerksame und fürsorgliche Art sehr gute kommunikative Fähigkeiten gutes Allgemeinwissen, gern im sozialen Bereich viel Ruhe und Geduld als Seniorenbetreuer selbstbewusstes und zielstrebiges Arbeiten Bereitschaft, sich selbstständig zu machen Einsatzbereitschaft, Flexibilität und Verantwortungsbewusstsein PKW-Führerschein der Klasse B Grundkenntnisse im Umgang mit PC und Internet Unterstützen Sie Senioren: Werden Sie Lebenshelfer bei der SeniorenLebenshilfe! Unsere LebenshelferINNEN betreuen deutschlandweit Senioren, die Unterstützung im Alltag benötigen. Unsere Vision: Wir ermöglichen Senioren ein würdevolles, selbstbestimmtes Leben im eigenen Zuhause. Unsere Lebenshelfer sind vertraute Ansprechpartner für unsere Senioren: Alltagsbegleiter, Hauswirtschafter und Freizeitgestalter in einer Person - einfach eine umfassende Unterstützung im gesamten sozialen Bereich. Als Lebenshelfer für Senioren sind Sie auf freiberuflicher Basis oder selbstständig tätig. Sie genießen also die Vorteile einer Selbstständigkeit, z. B. flexible Arbeitszeiten und selbstbestimmtes Arbeiten. Gleichzeitig profitieren Sie vom Franchise-Konzept der SeniorenLebenshilfe: Wir helfen Ihnen beim Aufbau Ihrer Selbständigkeit oder Freiberuflichkeit und unterstützen Sie unter anderem bei der Kundengewinnung, der finanziellen Absicherung, aber auch im Bereich Weiterbildung. Ein Einstieg als Lebenshelfer ist auch kurzfristig möglich - bei unbefristeter Vertragslaufzeit. Interessieren Sie sich für eine Tätigkeit als Lebenshelfer oder Lebenshelferin für Senioren - vielleicht auch im Quereinstieg? Dann fordern Sie jetzt unsere Broschüre mit weiteren Informationen an. Welche Lücke schließt die SeniorenLebenshilfe? Für pflegebedürftige Senioren steht mittlerweile ein breites Hilfsangebot zur Verfügung. Viele Menschen sind innerhalb der Pflege tätig: als Familienpfleger/Familienpflegerin, Hauswirtschafter/Hauswirtschafterin, Demenzbetreuer/Demenzbegleiter, als Pflegekraft in verschiedensten sozialen Bereichen. Ergänzende und unterstützende Berufe sind weiterhin z. B. Altenpflegehelfer/Altenpflegehelferin sowie Betreuungsassistent/Betreuungsassistentin und viele mehr. Doch viele Senioren, die keinen Betreuungshelfer oder Pflegebegleiter brauchen (und daher kein Anrecht darauf haben), sind dennoch auf Hilfe im Alltag angewiesen. Manchmal sind keine nahen Angehörigen in der Nähe, um diese Hilfe zu gewährleisten. Genau hier setzt die SeniorenLebenshilfe an. Wir schließen die vorpflegerische Lücke und ermöglichen es unseren Senioren auf diese Weise, länger ein selbstbestimmtes Leben in ihrer gewohnten Umgebung zu führen. Als Lebenshelfer oder Lebenshelferin für Senioren werden Sie Teil dieser Vision, die wir bereits erfolgreich leben. Was passiert, wenn die betreuten Senioren pflegebedürftig werden? Grundsätzlich sind Sie als Lebenshelfer als Alltagsbegleiter/Alltagsbegleiterin für Ihre Senioren tätig. Sie übernehmen also alltägliche, nicht pflegerische Aufgaben innerhalb der Seniorenbetreuung. Daher ist diese Tätigkeit auch für Quereinsteiger geeignet. Wenn Sie über eine Ausbildung innerhalb der Pflege oder Pflegebegleitung verfügen (z. B. Familienpfleger/Familienpflegerin, Krankenpflegehelfer/Krankenpflegehelferin, Pflegebegleiter oder Schwesternhelferin), dann steht es Ihnen natürlich frei, Ihre Senioren auch in dieser Hinsicht zu unterstützen. Außerdem können Sie auch zusätzlich zur häuslichen Pflege als Seniorenbetreuer tätig sein. Es gibt jedoch Situationen, in denen das nicht länger möglich ist. Dann können Sie Ihre Senioren insbesondere unterstützen, indem Sie Kontakte zu den entsprechenden Behörden herstellen. Sie können dann - gemeinsam mit eventuellen Angehörigen - dafür Sorge tragen, dass eine entsprechende Pflegefachkraft oder auch ein Demenzbetreuer/Demenzbegleiter zur Verfügung steht. Zu diesen Themen erhalten Sie natürlich sowohl Schulungen als auch kompetente Begleitung von der SeniorenLebenshilfe. Warum „Lebenshelfer""? Ein Lebenshelfer ist teils Seniorenbegleiter, teils Hauswirtschafter, teils Pflegehelfer und Alltagsbetreuer - aber er ist noch viel mehr. Ein Lebenshelfer für Senioren fungiert als Rundum-Ansprechpartner für alle Belange und packt dort an, wo es notwendig ist. Außerdem wird er zur Schnittstelle zwischen dem Senior und eventuell beteiligten Fachkräften (Krankenschwester/Krankenpfleger) oder Behörden. Häufig werden unsere Senioren und Lebenshelfer Freunde, denn ein Lebenshelfer teilt im Rahmen der Seniorenbegleitung auch die Höhen und Tiefen des Alltags - eben einfach das Leben. Dieses Leben auch im hohen Alter erfüllt und sinnvoll zu gestalten, ist Aufgabe unserer Lebenshelfer. Möchten Sie sich einer sinnvollen, erfüllenden selbstständigen Tätigkeit widmen und mit der SeniorenLebenshilfe zusammenarbeiten? Dann fordern Sie jetzt weitere Informationen an.",,,,healthcare,2026-10-07,https://www.jobs.de/jdp/lebenshelfer-f%C3%BCr-senioren----quereinstieg-als-alltagsbegleiter&&-altenpfleger-(m&&w&&d)-j3s3mq73z56y4vkl9ch,cc53e15cc9ae8b3d000081f667356913,Lexicon,No,,,,,Germany
"Lebenshelfer für Senioren - Quereinstieg als Alltagsbegleiter, Altenpfleger (m,w,d)",Home-based Personal Care Workers,5322,532,53,Home-based Personal Care Workers,Rheinland-Pfalz,Prüm,SeniorenLebenshilfe,,2021-03-29,Full-time,,"Lebenshelfer/in für unsere Senioren Was bietet Ihnen die SeniorenLebenshilfe? Als Lebenshelfer für Senioren sind Sie freiberuflich/auf selbstständiger Basis tätig und dennoch Teil eines deutschlandweiten Teams. Sie profitieren so zum einen von unserer jahrelangen Erfahrung in Bereichen wie Kundengewinnung, Marketing und Existenzgründung. Zum anderen geben wir Ihnen Raum, sich in diesem sozialen Beruf zu entfalten und Ihre Tatkraft und Kreativität in Ihr Arbeitsleben als Seniorenbegleiter einzubringen. Wir möchten mit Ihren Ideen und Erfahrungen unsere gemeinsame Entwicklung voranbringen. Weitere Vorteile für Sie bei der SeniorenLebenshilfe: sinnvolle, erfüllende Tätigkeit flexible, familienfreundliche Arbeitszeiten Vollzeit oder ab 25 Stunden keine Schichten und keine Wochenendarbeit Fahrzeit zum Einsatzort von max. 30 Minuten von Ihrem Wohnort aus unbefristetes Vertragsverhältnis Quereinstieg möglich (auch ohne Erfahrungen in einem sozialen Beruf) die Freiheiten einer Selbstständigkeit und die Absicherung eines Angestelltenverhältnisses persönliche, enge und vertrauensvolle Kontakte zu Ihren Senioren (und genügend Zeit dafür!) zahlreiche Weiterbildungen, z. B. fachliche und persönliche Trainings (insbesondere auch für Quereinsteiger) die Möglichkeit für persönliches Wachstum in einem gut organisierten, jungen Familienunternehmen Ihre Aufgaben als Lebenshelfer für Senioren Als Lebenshelfer sind Sie vor allem eine Art Alltagsbetreuer. Die SeniorenLebenshilfe wird vorpflegerisch tätig. Das bedeutet, dass Sie als Lebenshelfer oder Lebenshelferin für Senioren nicht als Pflegekraft (oder als Pflegeassistent/Pflegeassistentin) arbeiten. Dementsprechend benötigen Sie nicht zwingend eine Ausbildung im sozialen Bereich, der Pflegebegleitung oder der Seniorenbetreuung (wie z. B. Altenpfleger/Altenpflegerin oder Hauswirtschafter/Hauswirtschafterin). Stattdessen bietet die SeniorenLebenshilfe Ihnen als Quereinsteiger zahlreiche Schulungen an, um Sie auf Ihre Tätigkeit als Lebenshelfer vorzubereiten. Zu Ihren Aufgaben zählen zum Beispiel: Unterstützung Ihrer Senioren als Alltagsbegleiter/Alltagsbegleiterin Begleitung zum Arzt oder zu anderen Terminen mit Ihrem PKW Einkäufe, Einlösen von Rezepten etc. Hauswirtschafter/in oder Haushaltshilfe für Senioren, z. B. Essen kochen, saubermachen Unterstützung im Kontakt mit Behörden, Krankenschwester/Krankenpfleger etc. Freizeitgestaltung und vertrauensvolle Gespräche Erstberatung bei interessierten Senioren, telefonische Beratung von Neukunden Organisation Ihres Homeoffice und Ihrer Termine eigenverantwortliche Leistungserfassung und Rechnungslegung Unser Versprechen ist eine Rundum-Seniorenbegleitung, die sich nach den Bedürfnissen unserer Kunden richtet. Ihr ideales Profil als Lebenshelfer/Lebenshelferin Vielleicht haben Sie bereits in einem sozialen Beruf gearbeitet, etwa als Krankenschwester/Krankenpfleger, Altenpfleger/Altenpflegerin oder Pflegehelfer/Pflegehelferin. Aber auch wenn Sie keine Erfahrung in einem Pflegeberuf haben, ist ein Quereinstieg für Sie möglich. Vielleicht blicken Sie auf langjährige Berufspraxis zurück und möchten neuen Sinn in Ihr Arbeitsleben bringen. Oder Sie haben sich in den letzten Jahren intensiv Ihrer Familie gewidmet und suchen einen beruflichen Wiedereinstieg? Uns ist vor allem eines wichtig: Dass Ihnen die Arbeit mit Menschen - insbesondere mit Senioren - eine Herzensangelegenheit ist. Außerdem setzen wir Folgendes voraus: eine herzliche, aufmerksame und fürsorgliche Art sehr gute kommunikative Fähigkeiten gutes Allgemeinwissen, gern im sozialen Bereich viel Ruhe und Geduld als Seniorenbetreuer selbstbewusstes und zielstrebiges Arbeiten Bereitschaft, sich selbstständig zu machen Einsatzbereitschaft, Flexibilität und Verantwortungsbewusstsein PKW-Führerschein der Klasse B Grundkenntnisse im Umgang mit PC und Internet Unterstützen Sie Senioren: Werden Sie Lebenshelfer bei der SeniorenLebenshilfe! Unsere LebenshelferINNEN betreuen deutschlandweit Senioren, die Unterstützung im Alltag benötigen. Unsere Vision: Wir ermöglichen Senioren ein würdevolles, selbstbestimmtes Leben im eigenen Zuhause. Unsere Lebenshelfer sind vertraute Ansprechpartner für unsere Senioren: Alltagsbegleiter, Hauswirtschafter und Freizeitgestalter in einer Person - einfach eine umfassende Unterstützung im gesamten sozialen Bereich. Als Lebenshelfer für Senioren sind Sie auf freiberuflicher Basis oder selbstständig tätig. Sie genießen also die Vorteile einer Selbstständigkeit, z. B. flexible Arbeitszeiten und selbstbestimmtes Arbeiten. Gleichzeitig profitieren Sie vom Franchise-Konzept der SeniorenLebenshilfe: Wir helfen Ihnen beim Aufbau Ihrer Selbständigkeit oder Freiberuflichkeit und unterstützen Sie unter anderem bei der Kundengewinnung, der finanziellen Absicherung, aber auch im Bereich Weiterbildung. Ein Einstieg als Lebenshelfer ist auch kurzfristig möglich - bei unbefristeter Vertragslaufzeit. Interessieren Sie sich für eine Tätigkeit als Lebenshelfer oder Lebenshelferin für Senioren - vielleicht auch im Quereinstieg? Dann fordern Sie jetzt unsere Broschüre mit weiteren Informationen an. Welche Lücke schließt die SeniorenLebenshilfe? Für pflegebedürftige Senioren steht mittlerweile ein breites Hilfsangebot zur Verfügung. Viele Menschen sind innerhalb der Pflege tätig: als Familienpfleger/Familienpflegerin, Hauswirtschafter/Hauswirtschafterin, Demenzbetreuer/Demenzbegleiter, als Pflegekraft in verschiedensten sozialen Bereichen. Ergänzende und unterstützende Berufe sind weiterhin z. B. Altenpflegehelfer/Altenpflegehelferin sowie Betreuungsassistent/Betreuungsassistentin und viele mehr. Doch viele Senioren, die keinen Betreuungshelfer oder Pflegebegleiter brauchen (und daher kein Anrecht darauf haben), sind dennoch auf Hilfe im Alltag angewiesen. Manchmal sind keine nahen Angehörigen in der Nähe, um diese Hilfe zu gewährleisten. Genau hier setzt die SeniorenLebenshilfe an. Wir schließen die vorpflegerische Lücke und ermöglichen es unseren Senioren auf diese Weise, länger ein selbstbestimmtes Leben in ihrer gewohnten Umgebung zu führen. Als Lebenshelfer oder Lebenshelferin für Senioren werden Sie Teil dieser Vision, die wir bereits erfolgreich leben. Was passiert, wenn die betreuten Senioren pflegebedürftig werden? Grundsätzlich sind Sie als Lebenshelfer als Alltagsbegleiter/Alltagsbegleiterin für Ihre Senioren tätig. Sie übernehmen also alltägliche, nicht pflegerische Aufgaben innerhalb der Seniorenbetreuung. Daher ist diese Tätigkeit auch für Quereinsteiger geeignet. Wenn Sie über eine Ausbildung innerhalb der Pflege oder Pflegebegleitung verfügen (z. B. Familienpfleger/Familienpflegerin, Krankenpflegehelfer/Krankenpflegehelferin, Pflegebegleiter oder Schwesternhelferin), dann steht es Ihnen natürlich frei, Ihre Senioren auch in dieser Hinsicht zu unterstützen. Außerdem können Sie auch zusätzlich zur häuslichen Pflege als Seniorenbetreuer tätig sein. Es gibt jedoch Situationen, in denen das nicht länger möglich ist. Dann können Sie Ihre Senioren insbesondere unterstützen, indem Sie Kontakte zu den entsprechenden Behörden herstellen. Sie können dann - gemeinsam mit eventuellen Angehörigen - dafür Sorge tragen, dass eine entsprechende Pflegefachkraft oder auch ein Demenzbetreuer/Demenzbegleiter zur Verfügung steht. Zu diesen Themen erhalten Sie natürlich sowohl Schulungen als auch kompetente Begleitung von der SeniorenLebenshilfe. Warum „Lebenshelfer""? Ein Lebenshelfer ist teils Seniorenbegleiter, teils Hauswirtschafter, teils Pflegehelfer und Alltagsbetreuer - aber er ist noch viel mehr. Ein Lebenshelfer für Senioren fungiert als Rundum-Ansprechpartner für alle Belange und packt dort an, wo es notwendig ist. Außerdem wird er zur Schnittstelle zwischen dem Senior und eventuell beteiligten Fachkräften (Krankenschwester/Krankenpfleger) oder Behörden. Häufig werden unsere Senioren und Lebenshelfer Freunde, denn ein Lebenshelfer teilt im Rahmen der Seniorenbegleitung auch die Höhen und Tiefen des Alltags - eben einfach das Leben. Dieses Leben auch im hohen Alter erfüllt und sinnvoll zu gestalten, ist Aufgabe unserer Lebenshelfer. Möchten Sie sich einer sinnvollen, erfüllenden selbstständigen Tätigkeit widmen und mit der SeniorenLebenshilfe zusammenarbeiten? Dann fordern Sie jetzt weitere Informationen an.",,,,healthcare,2026-10-07,https://www.jobs.de/jdp/lebenshelfer-f%C3%BCr-senioren----quereinstieg-als-alltagsbegleiter&&-altenpfleger-(m&&w&&d)-j3r6yn6shjbp4272t1b,b72826ddb48b9cbee8de6f3dc7a1282a,Lexicon,No,,,,,Germany
"Lebenshelfer für Senioren - Quereinstieg als Alltagsbegleiter, Altenpfleger (m,w,d)",Home-based Personal Care Workers,5322,532,53,Home-based Personal Care Workers,Bayern,Mindelheim,SeniorenLebenshilfe,,2021-03-29,Full-time,,"Lebenshelfer/in für unsere Senioren Was bietet Ihnen die SeniorenLebenshilfe? Als Lebenshelfer für Senioren sind Sie freiberuflich/auf selbstständiger Basis tätig und dennoch Teil eines deutschlandweiten Teams. Sie profitieren so zum einen von unserer jahrelangen Erfahrung in Bereichen wie Kundengewinnung, Marketing und Existenzgründung. Zum anderen geben wir Ihnen Raum, sich in diesem sozialen Beruf zu entfalten und Ihre Tatkraft und Kreativität in Ihr Arbeitsleben als Seniorenbegleiter einzubringen. Wir möchten mit Ihren Ideen und Erfahrungen unsere gemeinsame Entwicklung voranbringen. Weitere Vorteile für Sie bei der SeniorenLebenshilfe: sinnvolle, erfüllende Tätigkeit flexible, familienfreundliche Arbeitszeiten Vollzeit oder ab 25 Stunden keine Schichten und keine Wochenendarbeit Fahrzeit zum Einsatzort von max. 30 Minuten von Ihrem Wohnort aus unbefristetes Vertragsverhältnis Quereinstieg möglich (auch ohne Erfahrungen in einem sozialen Beruf) die Freiheiten einer Selbstständigkeit und die Absicherung eines Angestelltenverhältnisses persönliche, enge und vertrauensvolle Kontakte zu Ihren Senioren (und genügend Zeit dafür!) zahlreiche Weiterbildungen, z. B. fachliche und persönliche Trainings (insbesondere auch für Quereinsteiger) die Möglichkeit für persönliches Wachstum in einem gut organisierten, jungen Familienunternehmen Ihre Aufgaben als Lebenshelfer für Senioren Als Lebenshelfer sind Sie vor allem eine Art Alltagsbetreuer. Die SeniorenLebenshilfe wird vorpflegerisch tätig. Das bedeutet, dass Sie als Lebenshelfer oder Lebenshelferin für Senioren nicht als Pflegekraft (oder als Pflegeassistent/Pflegeassistentin) arbeiten. Dementsprechend benötigen Sie nicht zwingend eine Ausbildung im sozialen Bereich, der Pflegebegleitung oder der Seniorenbetreuung (wie z. B. Altenpfleger/Altenpflegerin oder Hauswirtschafter/Hauswirtschafterin). Stattdessen bietet die SeniorenLebenshilfe Ihnen als Quereinsteiger zahlreiche Schulungen an, um Sie auf Ihre Tätigkeit als Lebenshelfer vorzubereiten. Zu Ihren Aufgaben zählen zum Beispiel: Unterstützung Ihrer Senioren als Alltagsbegleiter/Alltagsbegleiterin Begleitung zum Arzt oder zu anderen Terminen mit Ihrem PKW Einkäufe, Einlösen von Rezepten etc. Hauswirtschafter/in oder Haushaltshilfe für Senioren, z. B. Essen kochen, saubermachen Unterstützung im Kontakt mit Behörden, Krankenschwester/Krankenpfleger etc. Freizeitgestaltung und vertrauensvolle Gespräche Erstberatung bei interessierten Senioren, telefonische Beratung von Neukunden Organisation Ihres Homeoffice und Ihrer Termine eigenverantwortliche Leistungserfassung und Rechnungslegung Unser Versprechen ist eine Rundum-Seniorenbegleitung, die sich nach den Bedürfnissen unserer Kunden richtet. Ihr ideales Profil als Lebenshelfer/Lebenshelferin Vielleicht haben Sie bereits in einem sozialen Beruf gearbeitet, etwa als Krankenschwester/Krankenpfleger, Altenpfleger/Altenpflegerin oder Pflegehelfer/Pflegehelferin. Aber auch wenn Sie keine Erfahrung in einem Pflegeberuf haben, ist ein Quereinstieg für Sie möglich. Vielleicht blicken Sie auf langjährige Berufspraxis zurück und möchten neuen Sinn in Ihr Arbeitsleben bringen. Oder Sie haben sich in den letzten Jahren intensiv Ihrer Familie gewidmet und suchen einen beruflichen Wiedereinstieg? Uns ist vor allem eines wichtig: Dass Ihnen die Arbeit mit Menschen - insbesondere mit Senioren - eine Herzensangelegenheit ist. Außerdem setzen wir Folgendes voraus: eine herzliche, aufmerksame und fürsorgliche Art sehr gute kommunikative Fähigkeiten gutes Allgemeinwissen, gern im sozialen Bereich viel Ruhe und Geduld als Seniorenbetreuer selbstbewusstes und zielstrebiges Arbeiten Bereitschaft, sich selbstständig zu machen Einsatzbereitschaft, Flexibilität und Verantwortungsbewusstsein PKW-Führerschein der Klasse B Grundkenntnisse im Umgang mit PC und Internet Unterstützen Sie Senioren: Werden Sie Lebenshelfer bei der SeniorenLebenshilfe! Unsere LebenshelferINNEN betreuen deutschlandweit Senioren, die Unterstützung im Alltag benötigen. Unsere Vision: Wir ermöglichen Senioren ein würdevolles, selbstbestimmtes Leben im eigenen Zuhause. Unsere Lebenshelfer sind vertraute Ansprechpartner für unsere Senioren: Alltagsbegleiter, Hauswirtschafter und Freizeitgestalter in einer Person - einfach eine umfassende Unterstützung im gesamten sozialen Bereich. Als Lebenshelfer für Senioren sind Sie auf freiberuflicher Basis oder selbstständig tätig. Sie genießen also die Vorteile einer Selbstständigkeit, z. B. flexible Arbeitszeiten und selbstbestimmtes Arbeiten. Gleichzeitig profitieren Sie vom Franchise-Konzept der SeniorenLebenshilfe: Wir helfen Ihnen beim Aufbau Ihrer Selbständigkeit oder Freiberuflichkeit und unterstützen Sie unter anderem bei der Kundengewinnung, der finanziellen Absicherung, aber auch im Bereich Weiterbildung. Ein Einstieg als Lebenshelfer ist auch kurzfristig möglich - bei unbefristeter Vertragslaufzeit. Interessieren Sie sich für eine Tätigkeit als Lebenshelfer oder Lebenshelferin für Senioren - vielleicht auch im Quereinstieg? Dann fordern Sie jetzt unsere Broschüre mit weiteren Informationen an. Welche Lücke schließt die SeniorenLebenshilfe? Für pflegebedürftige Senioren steht mittlerweile ein breites Hilfsangebot zur Verfügung. Viele Menschen sind innerhalb der Pflege tätig: als Familienpfleger/Familienpflegerin, Hauswirtschafter/Hauswirtschafterin, Demenzbetreuer/Demenzbegleiter, als Pflegekraft in verschiedensten sozialen Bereichen. Ergänzende und unterstützende Berufe sind weiterhin z. B. Altenpflegehelfer/Altenpflegehelferin sowie Betreuungsassistent/Betreuungsassistentin und viele mehr. Doch viele Senioren, die keinen Betreuungshelfer oder Pflegebegleiter brauchen (und daher kein Anrecht darauf haben), sind dennoch auf Hilfe im Alltag angewiesen. Manchmal sind keine nahen Angehörigen in der Nähe, um diese Hilfe zu gewährleisten. Genau hier setzt die SeniorenLebenshilfe an. Wir schließen die vorpflegerische Lücke und ermöglichen es unseren Senioren auf diese Weise, länger ein selbstbestimmtes Leben in ihrer gewohnten Umgebung zu führen. Als Lebenshelfer oder Lebenshelferin für Senioren werden Sie Teil dieser Vision, die wir bereits erfolgreich leben. Was passiert, wenn die betreuten Senioren pflegebedürftig werden? Grundsätzlich sind Sie als Lebenshelfer als Alltagsbegleiter/Alltagsbegleiterin für Ihre Senioren tätig. Sie übernehmen also alltägliche, nicht pflegerische Aufgaben innerhalb der Seniorenbetreuung. Daher ist diese Tätigkeit auch für Quereinsteiger geeignet. Wenn Sie über eine Ausbildung innerhalb der Pflege oder Pflegebegleitung verfügen (z. B. Familienpfleger/Familienpflegerin, Krankenpflegehelfer/Krankenpflegehelferin, Pflegebegleiter oder Schwesternhelferin), dann steht es Ihnen natürlich frei, Ihre Senioren auch in dieser Hinsicht zu unterstützen. Außerdem können Sie auch zusätzlich zur häuslichen Pflege als Seniorenbetreuer tätig sein. Es gibt jedoch Situationen, in denen das nicht länger möglich ist. Dann können Sie Ihre Senioren insbesondere unterstützen, indem Sie Kontakte zu den entsprechenden Behörden herstellen. Sie können dann - gemeinsam mit eventuellen Angehörigen - dafür Sorge tragen, dass eine entsprechende Pflegefachkraft oder auch ein Demenzbetreuer/Demenzbegleiter zur Verfügung steht. Zu diesen Themen erhalten Sie natürlich sowohl Schulungen als auch kompetente Begleitung von der SeniorenLebenshilfe. Warum „Lebenshelfer""? Ein Lebenshelfer ist teils Seniorenbegleiter, teils Hauswirtschafter, teils Pflegehelfer und Alltagsbetreuer - aber er ist noch viel mehr. Ein Lebenshelfer für Senioren fungiert als Rundum-Ansprechpartner für alle Belange und packt dort an, wo es notwendig ist. Außerdem wird er zur Schnittstelle zwischen dem Senior und eventuell beteiligten Fachkräften (Krankenschwester/Krankenpfleger) oder Behörden. Häufig werden unsere Senioren und Lebenshelfer Freunde, denn ein Lebenshelfer teilt im Rahmen der Seniorenbegleitung auch die Höhen und Tiefen des Alltags - eben einfach das Leben. Dieses Leben auch im hohen Alter erfüllt und sinnvoll zu gestalten, ist Aufgabe unserer Lebenshelfer. Möchten Sie sich einer sinnvollen, erfüllenden selbstständigen Tätigkeit widmen und mit der SeniorenLebenshilfe zusammenarbeiten? Dann fordern Sie jetzt weitere Informationen an.",,,,healthcare,2026-10-07,https://www.jobs.de/jdp/lebenshelfer-f%C3%BCr-senioren----quereinstieg-als-alltagsbegleiter&&-altenpfleger-(m&&w&&d)-j3s3n25yh65t96ql5qf,986c19390b65e976b9a4a8c51f36ca93,Lexicon,No,,,,,Germany
"Lebenshelfer für Senioren - Quereinstieg als Alltagsbegleiter, Altenpfleger (m,w,d)",Home-based Personal Care Workers,5322,532,53,Home-based Personal Care Workers,Sachsen,Wurzen,SeniorenLebenshilfe,,2021-03-29,Full-time,,"Lebenshelfer/in für unsere Senioren Was bietet Ihnen die SeniorenLebenshilfe? Als Lebenshelfer für Senioren sind Sie freiberuflich/auf selbstständiger Basis tätig und dennoch Teil eines deutschlandweiten Teams. Sie profitieren so zum einen von unserer jahrelangen Erfahrung in Bereichen wie Kundengewinnung, Marketing und Existenzgründung. Zum anderen geben wir Ihnen Raum, sich in diesem sozialen Beruf zu entfalten und Ihre Tatkraft und Kreativität in Ihr Arbeitsleben als Seniorenbegleiter einzubringen. Wir möchten mit Ihren Ideen und Erfahrungen unsere gemeinsame Entwicklung voranbringen. Weitere Vorteile für Sie bei der SeniorenLebenshilfe: sinnvolle, erfüllende Tätigkeit flexible, familienfreundliche Arbeitszeiten Vollzeit oder ab 25 Stunden keine Schichten und keine Wochenendarbeit Fahrzeit zum Einsatzort von max. 30 Minuten von Ihrem Wohnort aus unbefristetes Vertragsverhältnis Quereinstieg möglich (auch ohne Erfahrungen in einem sozialen Beruf) die Freiheiten einer Selbstständigkeit und die Absicherung eines Angestelltenverhältnisses persönliche, enge und vertrauensvolle Kontakte zu Ihren Senioren (und genügend Zeit dafür!) zahlreiche Weiterbildungen, z. B. fachliche und persönliche Trainings (insbesondere auch für Quereinsteiger) die Möglichkeit für persönliches Wachstum in einem gut organisierten, jungen Familienunternehmen Ihre Aufgaben als Lebenshelfer für Senioren Als Lebenshelfer sind Sie vor allem eine Art Alltagsbetreuer. Die SeniorenLebenshilfe wird vorpflegerisch tätig. Das bedeutet, dass Sie als Lebenshelfer oder Lebenshelferin für Senioren nicht als Pflegekraft (oder als Pflegeassistent/Pflegeassistentin) arbeiten. Dementsprechend benötigen Sie nicht zwingend eine Ausbildung im sozialen Bereich, der Pflegebegleitung oder der Seniorenbetreuung (wie z. B. Altenpfleger/Altenpflegerin oder Hauswirtschafter/Hauswirtschafterin). Stattdessen bietet die SeniorenLebenshilfe Ihnen als Quereinsteiger zahlreiche Schulungen an, um Sie auf Ihre Tätigkeit als Lebenshelfer vorzubereiten. Zu Ihren Aufgaben zählen zum Beispiel: Unterstützung Ihrer Senioren als Alltagsbegleiter/Alltagsbegleiterin Begleitung zum Arzt oder zu anderen Terminen mit Ihrem PKW Einkäufe, Einlösen von Rezepten etc. Hauswirtschafter/in oder Haushaltshilfe für Senioren, z. B. Essen kochen, saubermachen Unterstützung im Kontakt mit Behörden, Krankenschwester/Krankenpfleger etc. Freizeitgestaltung und vertrauensvolle Gespräche Erstberatung bei interessierten Senioren, telefonische Beratung von Neukunden Organisation Ihres Homeoffice und Ihrer Termine eigenverantwortliche Leistungserfassung und Rechnungslegung Unser Versprechen ist eine Rundum-Seniorenbegleitung, die sich nach den Bedürfnissen unserer Kunden richtet. Ihr ideales Profil als Lebenshelfer/Lebenshelferin Vielleicht haben Sie bereits in einem sozialen Beruf gearbeitet, etwa als Krankenschwester/Krankenpfleger, Altenpfleger/Altenpflegerin oder Pflegehelfer/Pflegehelferin. Aber auch wenn Sie keine Erfahrung in einem Pflegeberuf haben, ist ein Quereinstieg für Sie möglich. Vielleicht blicken Sie auf langjährige Berufspraxis zurück und möchten neuen Sinn in Ihr Arbeitsleben bringen. Oder Sie haben sich in den letzten Jahren intensiv Ihrer Familie gewidmet und suchen einen beruflichen Wiedereinstieg? Uns ist vor allem eines wichtig: Dass Ihnen die Arbeit mit Menschen - insbesondere mit Senioren - eine Herzensangelegenheit ist. Außerdem setzen wir Folgendes voraus: eine herzliche, aufmerksame und fürsorgliche Art sehr gute kommunikative Fähigkeiten gutes Allgemeinwissen, gern im sozialen Bereich viel Ruhe und Geduld als Seniorenbetreuer selbstbewusstes und zielstrebiges Arbeiten Bereitschaft, sich selbstständig zu machen Einsatzbereitschaft, Flexibilität und Verantwortungsbewusstsein PKW-Führerschein der Klasse B Grundkenntnisse im Umgang mit PC und Internet Unterstützen Sie Senioren: Werden Sie Lebenshelfer bei der SeniorenLebenshilfe! Unsere LebenshelferINNEN betreuen deutschlandweit Senioren, die Unterstützung im Alltag benötigen. Unsere Vision: Wir ermöglichen Senioren ein würdevolles, selbstbestimmtes Leben im eigenen Zuhause. Unsere Lebenshelfer sind vertraute Ansprechpartner für unsere Senioren: Alltagsbegleiter, Hauswirtschafter und Freizeitgestalter in einer Person - einfach eine umfassende Unterstützung im gesamten sozialen Bereich. Als Lebenshelfer für Senioren sind Sie auf freiberuflicher Basis oder selbstständig tätig. Sie genießen also die Vorteile einer Selbstständigkeit, z. B. flexible Arbeitszeiten und selbstbestimmtes Arbeiten. Gleichzeitig profitieren Sie vom Franchise-Konzept der SeniorenLebenshilfe: Wir helfen Ihnen beim Aufbau Ihrer Selbständigkeit oder Freiberuflichkeit und unterstützen Sie unter anderem bei der Kundengewinnung, der finanziellen Absicherung, aber auch im Bereich Weiterbildung. Ein Einstieg als Lebenshelfer ist auch kurzfristig möglich - bei unbefristeter Vertragslaufzeit. Interessieren Sie sich für eine Tätigkeit als Lebenshelfer oder Lebenshelferin für Senioren - vielleicht auch im Quereinstieg? Dann fordern Sie jetzt unsere Broschüre mit weiteren Informationen an. Welche Lücke schließt die SeniorenLebenshilfe? Für pflegebedürftige Senioren steht mittlerweile ein breites Hilfsangebot zur Verfügung. Viele Menschen sind innerhalb der Pflege tätig: als Familienpfleger/Familienpflegerin, Hauswirtschafter/Hauswirtschafterin, Demenzbetreuer/Demenzbegleiter, als Pflegekraft in verschiedensten sozialen Bereichen. Ergänzende und unterstützende Berufe sind weiterhin z. B. Altenpflegehelfer/Altenpflegehelferin sowie Betreuungsassistent/Betreuungsassistentin und viele mehr. Doch viele Senioren, die keinen Betreuungshelfer oder Pflegebegleiter brauchen (und daher kein Anrecht darauf haben), sind dennoch auf Hilfe im Alltag angewiesen. Manchmal sind keine nahen Angehörigen in der Nähe, um diese Hilfe zu gewährleisten. Genau hier setzt die SeniorenLebenshilfe an. Wir schließen die vorpflegerische Lücke und ermöglichen es unseren Senioren auf diese Weise, länger ein selbstbestimmtes Leben in ihrer gewohnten Umgebung zu führen. Als Lebenshelfer oder Lebenshelferin für Senioren werden Sie Teil dieser Vision, die wir bereits erfolgreich leben. Was passiert, wenn die betreuten Senioren pflegebedürftig werden? Grundsätzlich sind Sie als Lebenshelfer als Alltagsbegleiter/Alltagsbegleiterin für Ihre Senioren tätig. Sie übernehmen also alltägliche, nicht pflegerische Aufgaben innerhalb der Seniorenbetreuung. Daher ist diese Tätigkeit auch für Quereinsteiger geeignet. Wenn Sie über eine Ausbildung innerhalb der Pflege oder Pflegebegleitung verfügen (z. B. Familienpfleger/Familienpflegerin, Krankenpflegehelfer/Krankenpflegehelferin, Pflegebegleiter oder Schwesternhelferin), dann steht es Ihnen natürlich frei, Ihre Senioren auch in dieser Hinsicht zu unterstützen. Außerdem können Sie auch zusätzlich zur häuslichen Pflege als Seniorenbetreuer tätig sein. Es gibt jedoch Situationen, in denen das nicht länger möglich ist. Dann können Sie Ihre Senioren insbesondere unterstützen, indem Sie Kontakte zu den entsprechenden Behörden herstellen. Sie können dann - gemeinsam mit eventuellen Angehörigen - dafür Sorge tragen, dass eine entsprechende Pflegefachkraft oder auch ein Demenzbetreuer/Demenzbegleiter zur Verfügung steht. Zu diesen Themen erhalten Sie natürlich sowohl Schulungen als auch kompetente Begleitung von der SeniorenLebenshilfe. Warum „Lebenshelfer""? Ein Lebenshelfer ist teils Seniorenbegleiter, teils Hauswirtschafter, teils Pflegehelfer und Alltagsbetreuer - aber er ist noch viel mehr. Ein Lebenshelfer für Senioren fungiert als Rundum-Ansprechpartner für alle Belange und packt dort an, wo es notwendig ist. Außerdem wird er zur Schnittstelle zwischen dem Senior und eventuell beteiligten Fachkräften (Krankenschwester/Krankenpfleger) oder Behörden. Häufig werden unsere Senioren und Lebenshelfer Freunde, denn ein Lebenshelfer teilt im Rahmen der Seniorenbegleitung auch die Höhen und Tiefen des Alltags - eben einfach das Leben. Dieses Leben auch im hohen Alter erfüllt und sinnvoll zu gestalten, ist Aufgabe unserer Lebenshelfer. Möchten Sie sich einer sinnvollen, erfüllenden selbstständigen Tätigkeit widmen und mit der SeniorenLebenshilfe zusammenarbeiten? Dann fordern Sie jetzt weitere Informationen an.",,,,healthcare,2026-10-07,https://www.jobs.de/jdp/lebenshelfer-f%C3%BCr-senioren----quereinstieg-als-alltagsbegleiter&&-altenpfleger-(m&&w&&d)-j3t00c6mkvvbgky81fl,c7ed816d46dc4f85d4f949112d406b86,Lexicon,No,,,,,Germany
"Lebenshelfer für Senioren - Quereinstieg als Alltagsbegleiter, Altenpfleger (m,w,d)",Home-based Personal Care Workers,5322,532,53,Home-based Personal Care Workers,Bayern,Bad Kötzting,SeniorenLebenshilfe,,2021-03-29,Full-time,,"Lebenshelfer/in für unsere Senioren Was bietet Ihnen die SeniorenLebenshilfe? Als Lebenshelfer für Senioren sind Sie freiberuflich/auf selbstständiger Basis tätig und dennoch Teil eines deutschlandweiten Teams. Sie profitieren so zum einen von unserer jahrelangen Erfahrung in Bereichen wie Kundengewinnung, Marketing und Existenzgründung. Zum anderen geben wir Ihnen Raum, sich in diesem sozialen Beruf zu entfalten und Ihre Tatkraft und Kreativität in Ihr Arbeitsleben als Seniorenbegleiter einzubringen. Wir möchten mit Ihren Ideen und Erfahrungen unsere gemeinsame Entwicklung voranbringen. Weitere Vorteile für Sie bei der SeniorenLebenshilfe: sinnvolle, erfüllende Tätigkeit flexible, familienfreundliche Arbeitszeiten Vollzeit oder ab 25 Stunden keine Schichten und keine Wochenendarbeit Fahrzeit zum Einsatzort von max. 30 Minuten von Ihrem Wohnort aus unbefristetes Vertragsverhältnis Quereinstieg möglich (auch ohne Erfahrungen in einem sozialen Beruf) die Freiheiten einer Selbstständigkeit und die Absicherung eines Angestelltenverhältnisses persönliche, enge und vertrauensvolle Kontakte zu Ihren Senioren (und genügend Zeit dafür!) zahlreiche Weiterbildungen, z. B. fachliche und persönliche Trainings (insbesondere auch für Quereinsteiger) die Möglichkeit für persönliches Wachstum in einem gut organisierten, jungen Familienunternehmen Ihre Aufgaben als Lebenshelfer für Senioren Als Lebenshelfer sind Sie vor allem eine Art Alltagsbetreuer. Die SeniorenLebenshilfe wird vorpflegerisch tätig. Das bedeutet, dass Sie als Lebenshelfer oder Lebenshelferin für Senioren nicht als Pflegekraft (oder als Pflegeassistent/Pflegeassistentin) arbeiten. Dementsprechend benötigen Sie nicht zwingend eine Ausbildung im sozialen Bereich, der Pflegebegleitung oder der Seniorenbetreuung (wie z. B. Altenpfleger/Altenpflegerin oder Hauswirtschafter/Hauswirtschafterin). Stattdessen bietet die SeniorenLebenshilfe Ihnen als Quereinsteiger zahlreiche Schulungen an, um Sie auf Ihre Tätigkeit als Lebenshelfer vorzubereiten. Zu Ihren Aufgaben zählen zum Beispiel: Unterstützung Ihrer Senioren als Alltagsbegleiter/Alltagsbegleiterin Begleitung zum Arzt oder zu anderen Terminen mit Ihrem PKW Einkäufe, Einlösen von Rezepten etc. Hauswirtschafter/in oder Haushaltshilfe für Senioren, z. B. Essen kochen, saubermachen Unterstützung im Kontakt mit Behörden, Krankenschwester/Krankenpfleger etc. Freizeitgestaltung und vertrauensvolle Gespräche Erstberatung bei interessierten Senioren, telefonische Beratung von Neukunden Organisation Ihres Homeoffice und Ihrer Termine eigenverantwortliche Leistungserfassung und Rechnungslegung Unser Versprechen ist eine Rundum-Seniorenbegleitung, die sich nach den Bedürfnissen unserer Kunden richtet. Ihr ideales Profil als Lebenshelfer/Lebenshelferin Vielleicht haben Sie bereits in einem sozialen Beruf gearbeitet, etwa als Krankenschwester/Krankenpfleger, Altenpfleger/Altenpflegerin oder Pflegehelfer/Pflegehelferin. Aber auch wenn Sie keine Erfahrung in einem Pflegeberuf haben, ist ein Quereinstieg für Sie möglich. Vielleicht blicken Sie auf langjährige Berufspraxis zurück und möchten neuen Sinn in Ihr Arbeitsleben bringen. Oder Sie haben sich in den letzten Jahren intensiv Ihrer Familie gewidmet und suchen einen beruflichen Wiedereinstieg? Uns ist vor allem eines wichtig: Dass Ihnen die Arbeit mit Menschen - insbesondere mit Senioren - eine Herzensangelegenheit ist. Außerdem setzen wir Folgendes voraus: eine herzliche, aufmerksame und fürsorgliche Art sehr gute kommunikative Fähigkeiten gutes Allgemeinwissen, gern im sozialen Bereich viel Ruhe und Geduld als Seniorenbetreuer selbstbewusstes und zielstrebiges Arbeiten Bereitschaft, sich selbstständig zu machen Einsatzbereitschaft, Flexibilität und Verantwortungsbewusstsein PKW-Führerschein der Klasse B Grundkenntnisse im Umgang mit PC und Internet Unterstützen Sie Senioren: Werden Sie Lebenshelfer bei der SeniorenLebenshilfe! Unsere LebenshelferINNEN betreuen deutschlandweit Senioren, die Unterstützung im Alltag benötigen. Unsere Vision: Wir ermöglichen Senioren ein würdevolles, selbstbestimmtes Leben im eigenen Zuhause. Unsere Lebenshelfer sind vertraute Ansprechpartner für unsere Senioren: Alltagsbegleiter, Hauswirtschafter und Freizeitgestalter in einer Person - einfach eine umfassende Unterstützung im gesamten sozialen Bereich. Als Lebenshelfer für Senioren sind Sie auf freiberuflicher Basis oder selbstständig tätig. Sie genießen also die Vorteile einer Selbstständigkeit, z. B. flexible Arbeitszeiten und selbstbestimmtes Arbeiten. Gleichzeitig profitieren Sie vom Franchise-Konzept der SeniorenLebenshilfe: Wir helfen Ihnen beim Aufbau Ihrer Selbständigkeit oder Freiberuflichkeit und unterstützen Sie unter anderem bei der Kundengewinnung, der finanziellen Absicherung, aber auch im Bereich Weiterbildung. Ein Einstieg als Lebenshelfer ist auch kurzfristig möglich - bei unbefristeter Vertragslaufzeit. Interessieren Sie sich für eine Tätigkeit als Lebenshelfer oder Lebenshelferin für Senioren - vielleicht auch im Quereinstieg? Dann fordern Sie jetzt unsere Broschüre mit weiteren Informationen an. Welche Lücke schließt die SeniorenLebenshilfe? Für pflegebedürftige Senioren steht mittlerweile ein breites Hilfsangebot zur Verfügung. Viele Menschen sind innerhalb der Pflege tätig: als Familienpfleger/Familienpflegerin, Hauswirtschafter/Hauswirtschafterin, Demenzbetreuer/Demenzbegleiter, als Pflegekraft in verschiedensten sozialen Bereichen. Ergänzende und unterstützende Berufe sind weiterhin z. B. Altenpflegehelfer/Altenpflegehelferin sowie Betreuungsassistent/Betreuungsassistentin und viele mehr. Doch viele Senioren, die keinen Betreuungshelfer oder Pflegebegleiter brauchen (und daher kein Anrecht darauf haben), sind dennoch auf Hilfe im Alltag angewiesen. Manchmal sind keine nahen Angehörigen in der Nähe, um diese Hilfe zu gewährleisten. Genau hier setzt die SeniorenLebenshilfe an. Wir schließen die vorpflegerische Lücke und ermöglichen es unseren Senioren auf diese Weise, länger ein selbstbestimmtes Leben in ihrer gewohnten Umgebung zu führen. Als Lebenshelfer oder Lebenshelferin für Senioren werden Sie Teil dieser Vision, die wir bereits erfolgreich leben. Was passiert, wenn die betreuten Senioren pflegebedürftig werden? Grundsätzlich sind Sie als Lebenshelfer als Alltagsbegleiter/Alltagsbegleiterin für Ihre Senioren tätig. Sie übernehmen also alltägliche, nicht pflegerische Aufgaben innerhalb der Seniorenbetreuung. Daher ist diese Tätigkeit auch für Quereinsteiger geeignet. Wenn Sie über eine Ausbildung innerhalb der Pflege oder Pflegebegleitung verfügen (z. B. Familienpfleger/Familienpflegerin, Krankenpflegehelfer/Krankenpflegehelferin, Pflegebegleiter oder Schwesternhelferin), dann steht es Ihnen natürlich frei, Ihre Senioren auch in dieser Hinsicht zu unterstützen. Außerdem können Sie auch zusätzlich zur häuslichen Pflege als Seniorenbetreuer tätig sein. Es gibt jedoch Situationen, in denen das nicht länger möglich ist. Dann können Sie Ihre Senioren insbesondere unterstützen, indem Sie Kontakte zu den entsprechenden Behörden herstellen. Sie können dann - gemeinsam mit eventuellen Angehörigen - dafür Sorge tragen, dass eine entsprechende Pflegefachkraft oder auch ein Demenzbetreuer/Demenzbegleiter zur Verfügung steht. Zu diesen Themen erhalten Sie natürlich sowohl Schulungen als auch kompetente Begleitung von der SeniorenLebenshilfe. Warum „Lebenshelfer""? Ein Lebenshelfer ist teils Seniorenbegleiter, teils Hauswirtschafter, teils Pflegehelfer und Alltagsbetreuer - aber er ist noch viel mehr. Ein Lebenshelfer für Senioren fungiert als Rundum-Ansprechpartner für alle Belange und packt dort an, wo es notwendig ist. Außerdem wird er zur Schnittstelle zwischen dem Senior und eventuell beteiligten Fachkräften (Krankenschwester/Krankenpfleger) oder Behörden. Häufig werden unsere Senioren und Lebenshelfer Freunde, denn ein Lebenshelfer teilt im Rahmen der Seniorenbegleitung auch die Höhen und Tiefen des Alltags - eben einfach das Leben. Dieses Leben auch im hohen Alter erfüllt und sinnvoll zu gestalten, ist Aufgabe unserer Lebenshelfer. Möchten Sie sich einer sinnvollen, erfüllenden selbstständigen Tätigkeit widmen und mit der SeniorenLebenshilfe zusammenarbeiten? Dann fordern Sie jetzt weitere Informationen an.",,,,healthcare,2026-10-07,https://www.jobs.de/jdp/lebenshelfer-f%C3%BCr-senioren----quereinstieg-als-alltagsbegleiter&&-altenpfleger-(m&&w&&d)-j3q7r66wkcrr60f62ng,6ae2a7a025ae19ae121a381edc01aabf,Lexicon,No,,,,,Germany
"Lebenshelfer für Senioren - Quereinstieg als Alltagsbegleiter, Altenpfleger (m,w,d)",Home-based Personal Care Workers,5322,532,53,Home-based Personal Care Workers,Niedersachsen,Königslutter,SeniorenLebenshilfe,,2021-03-29,Full-time,,"Lebenshelfer/in für unsere Senioren Was bietet Ihnen die SeniorenLebenshilfe? Als Lebenshelfer für Senioren sind Sie freiberuflich/auf selbstständiger Basis tätig und dennoch Teil eines deutschlandweiten Teams. Sie profitieren so zum einen von unserer jahrelangen Erfahrung in Bereichen wie Kundengewinnung, Marketing und Existenzgründung. Zum anderen geben wir Ihnen Raum, sich in diesem sozialen Beruf zu entfalten und Ihre Tatkraft und Kreativität in Ihr Arbeitsleben als Seniorenbegleiter einzubringen. Wir möchten mit Ihren Ideen und Erfahrungen unsere gemeinsame Entwicklung voranbringen. Weitere Vorteile für Sie bei der SeniorenLebenshilfe: sinnvolle, erfüllende Tätigkeit flexible, familienfreundliche Arbeitszeiten Vollzeit oder ab 25 Stunden keine Schichten und keine Wochenendarbeit Fahrzeit zum Einsatzort von max. 30 Minuten von Ihrem Wohnort aus unbefristetes Vertragsverhältnis Quereinstieg möglich (auch ohne Erfahrungen in einem sozialen Beruf) die Freiheiten einer Selbstständigkeit und die Absicherung eines Angestelltenverhältnisses persönliche, enge und vertrauensvolle Kontakte zu Ihren Senioren (und genügend Zeit dafür!) zahlreiche Weiterbildungen, z. B. fachliche und persönliche Trainings (insbesondere auch für Quereinsteiger) die Möglichkeit für persönliches Wachstum in einem gut organisierten, jungen Familienunternehmen Ihre Aufgaben als Lebenshelfer für Senioren Als Lebenshelfer sind Sie vor allem eine Art Alltagsbetreuer. Die SeniorenLebenshilfe wird vorpflegerisch tätig. Das bedeutet, dass Sie als Lebenshelfer oder Lebenshelferin für Senioren nicht als Pflegekraft (oder als Pflegeassistent/Pflegeassistentin) arbeiten. Dementsprechend benötigen Sie nicht zwingend eine Ausbildung im sozialen Bereich, der Pflegebegleitung oder der Seniorenbetreuung (wie z. B. Altenpfleger/Altenpflegerin oder Hauswirtschafter/Hauswirtschafterin). Stattdessen bietet die SeniorenLebenshilfe Ihnen als Quereinsteiger zahlreiche Schulungen an, um Sie auf Ihre Tätigkeit als Lebenshelfer vorzubereiten. Zu Ihren Aufgaben zählen zum Beispiel: Unterstützung Ihrer Senioren als Alltagsbegleiter/Alltagsbegleiterin Begleitung zum Arzt oder zu anderen Terminen mit Ihrem PKW Einkäufe, Einlösen von Rezepten etc. Hauswirtschafter/in oder Haushaltshilfe für Senioren, z. B. Essen kochen, saubermachen Unterstützung im Kontakt mit Behörden, Krankenschwester/Krankenpfleger etc. Freizeitgestaltung und vertrauensvolle Gespräche Erstberatung bei interessierten Senioren, telefonische Beratung von Neukunden Organisation Ihres Homeoffice und Ihrer Termine eigenverantwortliche Leistungserfassung und Rechnungslegung Unser Versprechen ist eine Rundum-Seniorenbegleitung, die sich nach den Bedürfnissen unserer Kunden richtet. Ihr ideales Profil als Lebenshelfer/Lebenshelferin Vielleicht haben Sie bereits in einem sozialen Beruf gearbeitet, etwa als Krankenschwester/Krankenpfleger, Altenpfleger/Altenpflegerin oder Pflegehelfer/Pflegehelferin. Aber auch wenn Sie keine Erfahrung in einem Pflegeberuf haben, ist ein Quereinstieg für Sie möglich. Vielleicht blicken Sie auf langjährige Berufspraxis zurück und möchten neuen Sinn in Ihr Arbeitsleben bringen. Oder Sie haben sich in den letzten Jahren intensiv Ihrer Familie gewidmet und suchen einen beruflichen Wiedereinstieg? Uns ist vor allem eines wichtig: Dass Ihnen die Arbeit mit Menschen - insbesondere mit Senioren - eine Herzensangelegenheit ist. Außerdem setzen wir Folgendes voraus: eine herzliche, aufmerksame und fürsorgliche Art sehr gute kommunikative Fähigkeiten gutes Allgemeinwissen, gern im sozialen Bereich viel Ruhe und Geduld als Seniorenbetreuer selbstbewusstes und zielstrebiges Arbeiten Bereitschaft, sich selbstständig zu machen Einsatzbereitschaft, Flexibilität und Verantwortungsbewusstsein PKW-Führerschein der Klasse B Grundkenntnisse im Umgang mit PC und Internet Unterstützen Sie Senioren: Werden Sie Lebenshelfer bei der SeniorenLebenshilfe! Unsere LebenshelferINNEN betreuen deutschlandweit Senioren, die Unterstützung im Alltag benötigen. Unsere Vision: Wir ermöglichen Senioren ein würdevolles, selbstbestimmtes Leben im eigenen Zuhause. Unsere Lebenshelfer sind vertraute Ansprechpartner für unsere Senioren: Alltagsbegleiter, Hauswirtschafter und Freizeitgestalter in einer Person - einfach eine umfassende Unterstützung im gesamten sozialen Bereich. Als Lebenshelfer für Senioren sind Sie auf freiberuflicher Basis oder selbstständig tätig. Sie genießen also die Vorteile einer Selbstständigkeit, z. B. flexible Arbeitszeiten und selbstbestimmtes Arbeiten. Gleichzeitig profitieren Sie vom Franchise-Konzept der SeniorenLebenshilfe: Wir helfen Ihnen beim Aufbau Ihrer Selbständigkeit oder Freiberuflichkeit und unterstützen Sie unter anderem bei der Kundengewinnung, der finanziellen Absicherung, aber auch im Bereich Weiterbildung. Ein Einstieg als Lebenshelfer ist auch kurzfristig möglich - bei unbefristeter Vertragslaufzeit. Interessieren Sie sich für eine Tätigkeit als Lebenshelfer oder Lebenshelferin für Senioren - vielleicht auch im Quereinstieg? Dann fordern Sie jetzt unsere Broschüre mit weiteren Informationen an. Welche Lücke schließt die SeniorenLebenshilfe? Für pflegebedürftige Senioren steht mittlerweile ein breites Hilfsangebot zur Verfügung. Viele Menschen sind innerhalb der Pflege tätig: als Familienpfleger/Familienpflegerin, Hauswirtschafter/Hauswirtschafterin, Demenzbetreuer/Demenzbegleiter, als Pflegekraft in verschiedensten sozialen Bereichen. Ergänzende und unterstützende Berufe sind weiterhin z. B. Altenpflegehelfer/Altenpflegehelferin sowie Betreuungsassistent/Betreuungsassistentin und viele mehr. Doch viele Senioren, die keinen Betreuungshelfer oder Pflegebegleiter brauchen (und daher kein Anrecht darauf haben), sind dennoch auf Hilfe im Alltag angewiesen. Manchmal sind keine nahen Angehörigen in der Nähe, um diese Hilfe zu gewährleisten. Genau hier setzt die SeniorenLebenshilfe an. Wir schließen die vorpflegerische Lücke und ermöglichen es unseren Senioren auf diese Weise, länger ein selbstbestimmtes Leben in ihrer gewohnten Umgebung zu führen. Als Lebenshelfer oder Lebenshelferin für Senioren werden Sie Teil dieser Vision, die wir bereits erfolgreich leben. Was passiert, wenn die betreuten Senioren pflegebedürftig werden? Grundsätzlich sind Sie als Lebenshelfer als Alltagsbegleiter/Alltagsbegleiterin für Ihre Senioren tätig. Sie übernehmen also alltägliche, nicht pflegerische Aufgaben innerhalb der Seniorenbetreuung. Daher ist diese Tätigkeit auch für Quereinsteiger geeignet. Wenn Sie über eine Ausbildung innerhalb der Pflege oder Pflegebegleitung verfügen (z. B. Familienpfleger/Familienpflegerin, Krankenpflegehelfer/Krankenpflegehelferin, Pflegebegleiter oder Schwesternhelferin), dann steht es Ihnen natürlich frei, Ihre Senioren auch in dieser Hinsicht zu unterstützen. Außerdem können Sie auch zusätzlich zur häuslichen Pflege als Seniorenbetreuer tätig sein. Es gibt jedoch Situationen, in denen das nicht länger möglich ist. Dann können Sie Ihre Senioren insbesondere unterstützen, indem Sie Kontakte zu den entsprechenden Behörden herstellen. Sie können dann - gemeinsam mit eventuellen Angehörigen - dafür Sorge tragen, dass eine entsprechende Pflegefachkraft oder auch ein Demenzbetreuer/Demenzbegleiter zur Verfügung steht. Zu diesen Themen erhalten Sie natürlich sowohl Schulungen als auch kompetente Begleitung von der SeniorenLebenshilfe. Warum „Lebenshelfer""? Ein Lebenshelfer ist teils Seniorenbegleiter, teils Hauswirtschafter, teils Pflegehelfer und Alltagsbetreuer - aber er ist noch viel mehr. Ein Lebenshelfer für Senioren fungiert als Rundum-Ansprechpartner für alle Belange und packt dort an, wo es notwendig ist. Außerdem wird er zur Schnittstelle zwischen dem Senior und eventuell beteiligten Fachkräften (Krankenschwester/Krankenpfleger) oder Behörden. Häufig werden unsere Senioren und Lebenshelfer Freunde, denn ein Lebenshelfer teilt im Rahmen der Seniorenbegleitung auch die Höhen und Tiefen des Alltags - eben einfach das Leben. Dieses Leben auch im hohen Alter erfüllt und sinnvoll zu gestalten, ist Aufgabe unserer Lebenshelfer. Möchten Sie sich einer sinnvollen, erfüllenden selbstständigen Tätigkeit widmen und mit der SeniorenLebenshilfe zusammenarbeiten? Dann fordern Sie jetzt weitere Informationen an.",,,,healthcare,2026-10-07,https://www.jobs.de/jdp/lebenshelfer-f%C3%BCr-senioren----quereinstieg-als-alltagsbegleiter&&-altenpfleger-(m&&w&&d)-j3s2ns5wc23mrb6q048,794940c28cc59a2ae9048c9ffa2702ec,Lexicon,No,,,,,Germany
"Lebenshelfer für Senioren - Quereinstieg als Alltagsbegleiter, Altenpfleger (m,w,d)",Home-based Personal Care Workers,5322,532,53,Home-based Personal Care Workers,Sachsen,Crimmitschau,SeniorenLebenshilfe,,2021-03-29,Full-time,,"Lebenshelfer/in für unsere Senioren Was bietet Ihnen die SeniorenLebenshilfe? Als Lebenshelfer für Senioren sind Sie freiberuflich/auf selbstständiger Basis tätig und dennoch Teil eines deutschlandweiten Teams. Sie profitieren so zum einen von unserer jahrelangen Erfahrung in Bereichen wie Kundengewinnung, Marketing und Existenzgründung. Zum anderen geben wir Ihnen Raum, sich in diesem sozialen Beruf zu entfalten und Ihre Tatkraft und Kreativität in Ihr Arbeitsleben als Seniorenbegleiter einzubringen. Wir möchten mit Ihren Ideen und Erfahrungen unsere gemeinsame Entwicklung voranbringen. Weitere Vorteile für Sie bei der SeniorenLebenshilfe: sinnvolle, erfüllende Tätigkeit flexible, familienfreundliche Arbeitszeiten Vollzeit oder ab 25 Stunden keine Schichten und keine Wochenendarbeit Fahrzeit zum Einsatzort von max. 30 Minuten von Ihrem Wohnort aus unbefristetes Vertragsverhältnis Quereinstieg möglich (auch ohne Erfahrungen in einem sozialen Beruf) die Freiheiten einer Selbstständigkeit und die Absicherung eines Angestelltenverhältnisses persönliche, enge und vertrauensvolle Kontakte zu Ihren Senioren (und genügend Zeit dafür!) zahlreiche Weiterbildungen, z. B. fachliche und persönliche Trainings (insbesondere auch für Quereinsteiger) die Möglichkeit für persönliches Wachstum in einem gut organisierten, jungen Familienunternehmen Ihre Aufgaben als Lebenshelfer für Senioren Als Lebenshelfer sind Sie vor allem eine Art Alltagsbetreuer. Die SeniorenLebenshilfe wird vorpflegerisch tätig. Das bedeutet, dass Sie als Lebenshelfer oder Lebenshelferin für Senioren nicht als Pflegekraft (oder als Pflegeassistent/Pflegeassistentin) arbeiten. Dementsprechend benötigen Sie nicht zwingend eine Ausbildung im sozialen Bereich, der Pflegebegleitung oder der Seniorenbetreuung (wie z. B. Altenpfleger/Altenpflegerin oder Hauswirtschafter/Hauswirtschafterin). Stattdessen bietet die SeniorenLebenshilfe Ihnen als Quereinsteiger zahlreiche Schulungen an, um Sie auf Ihre Tätigkeit als Lebenshelfer vorzubereiten. Zu Ihren Aufgaben zählen zum Beispiel: Unterstützung Ihrer Senioren als Alltagsbegleiter/Alltagsbegleiterin Begleitung zum Arzt oder zu anderen Terminen mit Ihrem PKW Einkäufe, Einlösen von Rezepten etc. Hauswirtschafter/in oder Haushaltshilfe für Senioren, z. B. Essen kochen, saubermachen Unterstützung im Kontakt mit Behörden, Krankenschwester/Krankenpfleger etc. Freizeitgestaltung und vertrauensvolle Gespräche Erstberatung bei interessierten Senioren, telefonische Beratung von Neukunden Organisation Ihres Homeoffice und Ihrer Termine eigenverantwortliche Leistungserfassung und Rechnungslegung Unser Versprechen ist eine Rundum-Seniorenbegleitung, die sich nach den Bedürfnissen unserer Kunden richtet. Ihr ideales Profil als Lebenshelfer/Lebenshelferin Vielleicht haben Sie bereits in einem sozialen Beruf gearbeitet, etwa als Krankenschwester/Krankenpfleger, Altenpfleger/Altenpflegerin oder Pflegehelfer/Pflegehelferin. Aber auch wenn Sie keine Erfahrung in einem Pflegeberuf haben, ist ein Quereinstieg für Sie möglich. Vielleicht blicken Sie auf langjährige Berufspraxis zurück und möchten neuen Sinn in Ihr Arbeitsleben bringen. Oder Sie haben sich in den letzten Jahren intensiv Ihrer Familie gewidmet und suchen einen beruflichen Wiedereinstieg? Uns ist vor allem eines wichtig: Dass Ihnen die Arbeit mit Menschen - insbesondere mit Senioren - eine Herzensangelegenheit ist. Außerdem setzen wir Folgendes voraus: eine herzliche, aufmerksame und fürsorgliche Art sehr gute kommunikative Fähigkeiten gutes Allgemeinwissen, gern im sozialen Bereich viel Ruhe und Geduld als Seniorenbetreuer selbstbewusstes und zielstrebiges Arbeiten Bereitschaft, sich selbstständig zu machen Einsatzbereitschaft, Flexibilität und Verantwortungsbewusstsein PKW-Führerschein der Klasse B Grundkenntnisse im Umgang mit PC und Internet Unterstützen Sie Senioren: Werden Sie Lebenshelfer bei der SeniorenLebenshilfe! Unsere LebenshelferINNEN betreuen deutschlandweit Senioren, die Unterstützung im Alltag benötigen. Unsere Vision: Wir ermöglichen Senioren ein würdevolles, selbstbestimmtes Leben im eigenen Zuhause. Unsere Lebenshelfer sind vertraute Ansprechpartner für unsere Senioren: Alltagsbegleiter, Hauswirtschafter und Freizeitgestalter in einer Person - einfach eine umfassende Unterstützung im gesamten sozialen Bereich. Als Lebenshelfer für Senioren sind Sie auf freiberuflicher Basis oder selbstständig tätig. Sie genießen also die Vorteile einer Selbstständigkeit, z. B. flexible Arbeitszeiten und selbstbestimmtes Arbeiten. Gleichzeitig profitieren Sie vom Franchise-Konzept der SeniorenLebenshilfe: Wir helfen Ihnen beim Aufbau Ihrer Selbständigkeit oder Freiberuflichkeit und unterstützen Sie unter anderem bei der Kundengewinnung, der finanziellen Absicherung, aber auch im Bereich Weiterbildung. Ein Einstieg als Lebenshelfer ist auch kurzfristig möglich - bei unbefristeter Vertragslaufzeit. Interessieren Sie sich für eine Tätigkeit als Lebenshelfer oder Lebenshelferin für Senioren - vielleicht auch im Quereinstieg? Dann fordern Sie jetzt unsere Broschüre mit weiteren Informationen an. Welche Lücke schließt die SeniorenLebenshilfe? Für pflegebedürftige Senioren steht mittlerweile ein breites Hilfsangebot zur Verfügung. Viele Menschen sind innerhalb der Pflege tätig: als Familienpfleger/Familienpflegerin, Hauswirtschafter/Hauswirtschafterin, Demenzbetreuer/Demenzbegleiter, als Pflegekraft in verschiedensten sozialen Bereichen. Ergänzende und unterstützende Berufe sind weiterhin z. B. Altenpflegehelfer/Altenpflegehelferin sowie Betreuungsassistent/Betreuungsassistentin und viele mehr. Doch viele Senioren, die keinen Betreuungshelfer oder Pflegebegleiter brauchen (und daher kein Anrecht darauf haben), sind dennoch auf Hilfe im Alltag angewiesen. Manchmal sind keine nahen Angehörigen in der Nähe, um diese Hilfe zu gewährleisten. Genau hier setzt die SeniorenLebenshilfe an. Wir schließen die vorpflegerische Lücke und ermöglichen es unseren Senioren auf diese Weise, länger ein selbstbestimmtes Leben in ihrer gewohnten Umgebung zu führen. Als Lebenshelfer oder Lebenshelferin für Senioren werden Sie Teil dieser Vision, die wir bereits erfolgreich leben. Was passiert, wenn die betreuten Senioren pflegebedürftig werden? Grundsätzlich sind Sie als Lebenshelfer als Alltagsbegleiter/Alltagsbegleiterin für Ihre Senioren tätig. Sie übernehmen also alltägliche, nicht pflegerische Aufgaben innerhalb der Seniorenbetreuung. Daher ist diese Tätigkeit auch für Quereinsteiger geeignet. Wenn Sie über eine Ausbildung innerhalb der Pflege oder Pflegebegleitung verfügen (z. B. Familienpfleger/Familienpflegerin, Krankenpflegehelfer/Krankenpflegehelferin, Pflegebegleiter oder Schwesternhelferin), dann steht es Ihnen natürlich frei, Ihre Senioren auch in dieser Hinsicht zu unterstützen. Außerdem können Sie auch zusätzlich zur häuslichen Pflege als Seniorenbetreuer tätig sein. Es gibt jedoch Situationen, in denen das nicht länger möglich ist. Dann können Sie Ihre Senioren insbesondere unterstützen, indem Sie Kontakte zu den entsprechenden Behörden herstellen. Sie können dann - gemeinsam mit eventuellen Angehörigen - dafür Sorge tragen, dass eine entsprechende Pflegefachkraft oder auch ein Demenzbetreuer/Demenzbegleiter zur Verfügung steht. Zu diesen Themen erhalten Sie natürlich sowohl Schulungen als auch kompetente Begleitung von der SeniorenLebenshilfe. Warum „Lebenshelfer""? Ein Lebenshelfer ist teils Seniorenbegleiter, teils Hauswirtschafter, teils Pflegehelfer und Alltagsbetreuer - aber er ist noch viel mehr. Ein Lebenshelfer für Senioren fungiert als Rundum-Ansprechpartner für alle Belange und packt dort an, wo es notwendig ist. Außerdem wird er zur Schnittstelle zwischen dem Senior und eventuell beteiligten Fachkräften (Krankenschwester/Krankenpfleger) oder Behörden. Häufig werden unsere Senioren und Lebenshelfer Freunde, denn ein Lebenshelfer teilt im Rahmen der Seniorenbegleitung auch die Höhen und Tiefen des Alltags - eben einfach das Leben. Dieses Leben auch im hohen Alter erfüllt und sinnvoll zu gestalten, ist Aufgabe unserer Lebenshelfer. Möchten Sie sich einer sinnvollen, erfüllenden selbstständigen Tätigkeit widmen und mit der SeniorenLebenshilfe zusammenarbeiten? Dann fordern Sie jetzt weitere Informationen an.",,,,healthcare,2026-10-07,https://www.jobs.de/jdp/lebenshelfer-f%C3%BCr-senioren----quereinstieg-als-alltagsbegleiter&&-altenpfleger-(m&&w&&d)-j3q7176tmn204vwcn5d,1c28654a1320dd17700d7e1040d9874b,Lexicon,No,,,,,Germany
"Lebenshelfer für Senioren - Quereinstieg als Alltagsbegleiter, Altenpfleger (m,w,d)",Home-based Personal Care Workers,5322,532,53,Home-based Personal Care Workers,Hessen,Hattersheim am Main,SeniorenLebenshilfe,,2021-03-29,Full-time,,"Lebenshelfer/in für unsere Senioren Was bietet Ihnen die SeniorenLebenshilfe? Als Lebenshelfer für Senioren sind Sie freiberuflich/auf selbstständiger Basis tätig und dennoch Teil eines deutschlandweiten Teams. Sie profitieren so zum einen von unserer jahrelangen Erfahrung in Bereichen wie Kundengewinnung, Marketing und Existenzgründung. Zum anderen geben wir Ihnen Raum, sich in diesem sozialen Beruf zu entfalten und Ihre Tatkraft und Kreativität in Ihr Arbeitsleben als Seniorenbegleiter einzubringen. Wir möchten mit Ihren Ideen und Erfahrungen unsere gemeinsame Entwicklung voranbringen. Weitere Vorteile für Sie bei der SeniorenLebenshilfe: sinnvolle, erfüllende Tätigkeit flexible, familienfreundliche Arbeitszeiten Vollzeit oder ab 25 Stunden keine Schichten und keine Wochenendarbeit Fahrzeit zum Einsatzort von max. 30 Minuten von Ihrem Wohnort aus unbefristetes Vertragsverhältnis Quereinstieg möglich (auch ohne Erfahrungen in einem sozialen Beruf) die Freiheiten einer Selbstständigkeit und die Absicherung eines Angestelltenverhältnisses persönliche, enge und vertrauensvolle Kontakte zu Ihren Senioren (und genügend Zeit dafür!) zahlreiche Weiterbildungen, z. B. fachliche und persönliche Trainings (insbesondere auch für Quereinsteiger) die Möglichkeit für persönliches Wachstum in einem gut organisierten, jungen Familienunternehmen Ihre Aufgaben als Lebenshelfer für Senioren Als Lebenshelfer sind Sie vor allem eine Art Alltagsbetreuer. Die SeniorenLebenshilfe wird vorpflegerisch tätig. Das bedeutet, dass Sie als Lebenshelfer oder Lebenshelferin für Senioren nicht als Pflegekraft (oder als Pflegeassistent/Pflegeassistentin) arbeiten. Dementsprechend benötigen Sie nicht zwingend eine Ausbildung im sozialen Bereich, der Pflegebegleitung oder der Seniorenbetreuung (wie z. B. Altenpfleger/Altenpflegerin oder Hauswirtschafter/Hauswirtschafterin). Stattdessen bietet die SeniorenLebenshilfe Ihnen als Quereinsteiger zahlreiche Schulungen an, um Sie auf Ihre Tätigkeit als Lebenshelfer vorzubereiten. Zu Ihren Aufgaben zählen zum Beispiel: Unterstützung Ihrer Senioren als Alltagsbegleiter/Alltagsbegleiterin Begleitung zum Arzt oder zu anderen Terminen mit Ihrem PKW Einkäufe, Einlösen von Rezepten etc. Hauswirtschafter/in oder Haushaltshilfe für Senioren, z. B. Essen kochen, saubermachen Unterstützung im Kontakt mit Behörden, Krankenschwester/Krankenpfleger etc. Freizeitgestaltung und vertrauensvolle Gespräche Erstberatung bei interessierten Senioren, telefonische Beratung von Neukunden Organisation Ihres Homeoffice und Ihrer Termine eigenverantwortliche Leistungserfassung und Rechnungslegung Unser Versprechen ist eine Rundum-Seniorenbegleitung, die sich nach den Bedürfnissen unserer Kunden richtet. Ihr ideales Profil als Lebenshelfer/Lebenshelferin Vielleicht haben Sie bereits in einem sozialen Beruf gearbeitet, etwa als Krankenschwester/Krankenpfleger, Altenpfleger/Altenpflegerin oder Pflegehelfer/Pflegehelferin. Aber auch wenn Sie keine Erfahrung in einem Pflegeberuf haben, ist ein Quereinstieg für Sie möglich. Vielleicht blicken Sie auf langjährige Berufspraxis zurück und möchten neuen Sinn in Ihr Arbeitsleben bringen. Oder Sie haben sich in den letzten Jahren intensiv Ihrer Familie gewidmet und suchen einen beruflichen Wiedereinstieg? Uns ist vor allem eines wichtig: Dass Ihnen die Arbeit mit Menschen - insbesondere mit Senioren - eine Herzensangelegenheit ist. Außerdem setzen wir Folgendes voraus: eine herzliche, aufmerksame und fürsorgliche Art sehr gute kommunikative Fähigkeiten gutes Allgemeinwissen, gern im sozialen Bereich viel Ruhe und Geduld als Seniorenbetreuer selbstbewusstes und zielstrebiges Arbeiten Bereitschaft, sich selbstständig zu machen Einsatzbereitschaft, Flexibilität und Verantwortungsbewusstsein PKW-Führerschein der Klasse B Grundkenntnisse im Umgang mit PC und Internet Unterstützen Sie Senioren: Werden Sie Lebenshelfer bei der SeniorenLebenshilfe! Unsere LebenshelferINNEN betreuen deutschlandweit Senioren, die Unterstützung im Alltag benötigen. Unsere Vision: Wir ermöglichen Senioren ein würdevolles, selbstbestimmtes Leben im eigenen Zuhause. Unsere Lebenshelfer sind vertraute Ansprechpartner für unsere Senioren: Alltagsbegleiter, Hauswirtschafter und Freizeitgestalter in einer Person - einfach eine umfassende Unterstützung im gesamten sozialen Bereich. Als Lebenshelfer für Senioren sind Sie auf freiberuflicher Basis oder selbstständig tätig. Sie genießen also die Vorteile einer Selbstständigkeit, z. B. flexible Arbeitszeiten und selbstbestimmtes Arbeiten. Gleichzeitig profitieren Sie vom Franchise-Konzept der SeniorenLebenshilfe: Wir helfen Ihnen beim Aufbau Ihrer Selbständigkeit oder Freiberuflichkeit und unterstützen Sie unter anderem bei der Kundengewinnung, der finanziellen Absicherung, aber auch im Bereich Weiterbildung. Ein Einstieg als Lebenshelfer ist auch kurzfristig möglich - bei unbefristeter Vertragslaufzeit. Interessieren Sie sich für eine Tätigkeit als Lebenshelfer oder Lebenshelferin für Senioren - vielleicht auch im Quereinstieg? Dann fordern Sie jetzt unsere Broschüre mit weiteren Informationen an. Welche Lücke schließt die SeniorenLebenshilfe? Für pflegebedürftige Senioren steht mittlerweile ein breites Hilfsangebot zur Verfügung. Viele Menschen sind innerhalb der Pflege tätig: als Familienpfleger/Familienpflegerin, Hauswirtschafter/Hauswirtschafterin, Demenzbetreuer/Demenzbegleiter, als Pflegekraft in verschiedensten sozialen Bereichen. Ergänzende und unterstützende Berufe sind weiterhin z. B. Altenpflegehelfer/Altenpflegehelferin sowie Betreuungsassistent/Betreuungsassistentin und viele mehr. Doch viele Senioren, die keinen Betreuungshelfer oder Pflegebegleiter brauchen (und daher kein Anrecht darauf haben), sind dennoch auf Hilfe im Alltag angewiesen. Manchmal sind keine nahen Angehörigen in der Nähe, um diese Hilfe zu gewährleisten. Genau hier setzt die SeniorenLebenshilfe an. Wir schließen die vorpflegerische Lücke und ermöglichen es unseren Senioren auf diese Weise, länger ein selbstbestimmtes Leben in ihrer gewohnten Umgebung zu führen. Als Lebenshelfer oder Lebenshelferin für Senioren werden Sie Teil dieser Vision, die wir bereits erfolgreich leben. Was passiert, wenn die betreuten Senioren pflegebedürftig werden? Grundsätzlich sind Sie als Lebenshelfer als Alltagsbegleiter/Alltagsbegleiterin für Ihre Senioren tätig. Sie übernehmen also alltägliche, nicht pflegerische Aufgaben innerhalb der Seniorenbetreuung. Daher ist diese Tätigkeit auch für Quereinsteiger geeignet. Wenn Sie über eine Ausbildung innerhalb der Pflege oder Pflegebegleitung verfügen (z. B. Familienpfleger/Familienpflegerin, Krankenpflegehelfer/Krankenpflegehelferin, Pflegebegleiter oder Schwesternhelferin), dann steht es Ihnen natürlich frei, Ihre Senioren auch in dieser Hinsicht zu unterstützen. Außerdem können Sie auch zusätzlich zur häuslichen Pflege als Seniorenbetreuer tätig sein. Es gibt jedoch Situationen, in denen das nicht länger möglich ist. Dann können Sie Ihre Senioren insbesondere unterstützen, indem Sie Kontakte zu den entsprechenden Behörden herstellen. Sie können dann - gemeinsam mit eventuellen Angehörigen - dafür Sorge tragen, dass eine entsprechende Pflegefachkraft oder auch ein Demenzbetreuer/Demenzbegleiter zur Verfügung steht. Zu diesen Themen erhalten Sie natürlich sowohl Schulungen als auch kompetente Begleitung von der SeniorenLebenshilfe. Warum „Lebenshelfer""? Ein Lebenshelfer ist teils Seniorenbegleiter, teils Hauswirtschafter, teils Pflegehelfer und Alltagsbetreuer - aber er ist noch viel mehr. Ein Lebenshelfer für Senioren fungiert als Rundum-Ansprechpartner für alle Belange und packt dort an, wo es notwendig ist. Außerdem wird er zur Schnittstelle zwischen dem Senior und eventuell beteiligten Fachkräften (Krankenschwester/Krankenpfleger) oder Behörden. Häufig werden unsere Senioren und Lebenshelfer Freunde, denn ein Lebenshelfer teilt im Rahmen der Seniorenbegleitung auch die Höhen und Tiefen des Alltags - eben einfach das Leben. Dieses Leben auch im hohen Alter erfüllt und sinnvoll zu gestalten, ist Aufgabe unserer Lebenshelfer. Möchten Sie sich einer sinnvollen, erfüllenden selbstständigen Tätigkeit widmen und mit der SeniorenLebenshilfe zusammenarbeiten? Dann fordern Sie jetzt weitere Informationen an.",,,,healthcare,2026-10-07,https://www.jobs.de/jdp/lebenshelfer-f%C3%BCr-senioren----quereinstieg-als-alltagsbegleiter&&-altenpfleger-(m&&w&&d)-j3p1g26m48mnxb1pvc7,fe9580fa1718d8282b1172466b70a20f,Lexicon,No,,,,,Germany
"Lebenshelfer für Senioren - Quereinstieg als Alltagsbegleiter, Altenpfleger (m,w,d)",Home-based Personal Care Workers,5322,532,53,Home-based Personal Care Workers,Brandenburg,Premnitz,SeniorenLebenshilfe,,2021-03-29,Full-time,,"Lebenshelfer/in für unsere Senioren Was bietet Ihnen die SeniorenLebenshilfe? Als Lebenshelfer für Senioren sind Sie freiberuflich/auf selbstständiger Basis tätig und dennoch Teil eines deutschlandweiten Teams. Sie profitieren so zum einen von unserer jahrelangen Erfahrung in Bereichen wie Kundengewinnung, Marketing und Existenzgründung. Zum anderen geben wir Ihnen Raum, sich in diesem sozialen Beruf zu entfalten und Ihre Tatkraft und Kreativität in Ihr Arbeitsleben als Seniorenbegleiter einzubringen. Wir möchten mit Ihren Ideen und Erfahrungen unsere gemeinsame Entwicklung voranbringen. Weitere Vorteile für Sie bei der SeniorenLebenshilfe: sinnvolle, erfüllende Tätigkeit flexible, familienfreundliche Arbeitszeiten Vollzeit oder ab 25 Stunden keine Schichten und keine Wochenendarbeit Fahrzeit zum Einsatzort von max. 30 Minuten von Ihrem Wohnort aus unbefristetes Vertragsverhältnis Quereinstieg möglich (auch ohne Erfahrungen in einem sozialen Beruf) die Freiheiten einer Selbstständigkeit und die Absicherung eines Angestelltenverhältnisses persönliche, enge und vertrauensvolle Kontakte zu Ihren Senioren (und genügend Zeit dafür!) zahlreiche Weiterbildungen, z. B. fachliche und persönliche Trainings (insbesondere auch für Quereinsteiger) die Möglichkeit für persönliches Wachstum in einem gut organisierten, jungen Familienunternehmen Ihre Aufgaben als Lebenshelfer für Senioren Als Lebenshelfer sind Sie vor allem eine Art Alltagsbetreuer. Die SeniorenLebenshilfe wird vorpflegerisch tätig. Das bedeutet, dass Sie als Lebenshelfer oder Lebenshelferin für Senioren nicht als Pflegekraft (oder als Pflegeassistent/Pflegeassistentin) arbeiten. Dementsprechend benötigen Sie nicht zwingend eine Ausbildung im sozialen Bereich, der Pflegebegleitung oder der Seniorenbetreuung (wie z. B. Altenpfleger/Altenpflegerin oder Hauswirtschafter/Hauswirtschafterin). Stattdessen bietet die SeniorenLebenshilfe Ihnen als Quereinsteiger zahlreiche Schulungen an, um Sie auf Ihre Tätigkeit als Lebenshelfer vorzubereiten. Zu Ihren Aufgaben zählen zum Beispiel: Unterstützung Ihrer Senioren als Alltagsbegleiter/Alltagsbegleiterin Begleitung zum Arzt oder zu anderen Terminen mit Ihrem PKW Einkäufe, Einlösen von Rezepten etc. Hauswirtschafter/in oder Haushaltshilfe für Senioren, z. B. Essen kochen, saubermachen Unterstützung im Kontakt mit Behörden, Krankenschwester/Krankenpfleger etc. Freizeitgestaltung und vertrauensvolle Gespräche Erstberatung bei interessierten Senioren, telefonische Beratung von Neukunden Organisation Ihres Homeoffice und Ihrer Termine eigenverantwortliche Leistungserfassung und Rechnungslegung Unser Versprechen ist eine Rundum-Seniorenbegleitung, die sich nach den Bedürfnissen unserer Kunden richtet. Ihr ideales Profil als Lebenshelfer/Lebenshelferin Vielleicht haben Sie bereits in einem sozialen Beruf gearbeitet, etwa als Krankenschwester/Krankenpfleger, Altenpfleger/Altenpflegerin oder Pflegehelfer/Pflegehelferin. Aber auch wenn Sie keine Erfahrung in einem Pflegeberuf haben, ist ein Quereinstieg für Sie möglich. Vielleicht blicken Sie auf langjährige Berufspraxis zurück und möchten neuen Sinn in Ihr Arbeitsleben bringen. Oder Sie haben sich in den letzten Jahren intensiv Ihrer Familie gewidmet und suchen einen beruflichen Wiedereinstieg? Uns ist vor allem eines wichtig: Dass Ihnen die Arbeit mit Menschen - insbesondere mit Senioren - eine Herzensangelegenheit ist. Außerdem setzen wir Folgendes voraus: eine herzliche, aufmerksame und fürsorgliche Art sehr gute kommunikative Fähigkeiten gutes Allgemeinwissen, gern im sozialen Bereich viel Ruhe und Geduld als Seniorenbetreuer selbstbewusstes und zielstrebiges Arbeiten Bereitschaft, sich selbstständig zu machen Einsatzbereitschaft, Flexibilität und Verantwortungsbewusstsein PKW-Führerschein der Klasse B Grundkenntnisse im Umgang mit PC und Internet Unterstützen Sie Senioren: Werden Sie Lebenshelfer bei der SeniorenLebenshilfe! Unsere LebenshelferINNEN betreuen deutschlandweit Senioren, die Unterstützung im Alltag benötigen. Unsere Vision: Wir ermöglichen Senioren ein würdevolles, selbstbestimmtes Leben im eigenen Zuhause. Unsere Lebenshelfer sind vertraute Ansprechpartner für unsere Senioren: Alltagsbegleiter, Hauswirtschafter und Freizeitgestalter in einer Person - einfach eine umfassende Unterstützung im gesamten sozialen Bereich. Als Lebenshelfer für Senioren sind Sie auf freiberuflicher Basis oder selbstständig tätig. Sie genießen also die Vorteile einer Selbstständigkeit, z. B. flexible Arbeitszeiten und selbstbestimmtes Arbeiten. Gleichzeitig profitieren Sie vom Franchise-Konzept der SeniorenLebenshilfe: Wir helfen Ihnen beim Aufbau Ihrer Selbständigkeit oder Freiberuflichkeit und unterstützen Sie unter anderem bei der Kundengewinnung, der finanziellen Absicherung, aber auch im Bereich Weiterbildung. Ein Einstieg als Lebenshelfer ist auch kurzfristig möglich - bei unbefristeter Vertragslaufzeit. Interessieren Sie sich für eine Tätigkeit als Lebenshelfer oder Lebenshelferin für Senioren - vielleicht auch im Quereinstieg? Dann fordern Sie jetzt unsere Broschüre mit weiteren Informationen an. Welche Lücke schließt die SeniorenLebenshilfe? Für pflegebedürftige Senioren steht mittlerweile ein breites Hilfsangebot zur Verfügung. Viele Menschen sind innerhalb der Pflege tätig: als Familienpfleger/Familienpflegerin, Hauswirtschafter/Hauswirtschafterin, Demenzbetreuer/Demenzbegleiter, als Pflegekraft in verschiedensten sozialen Bereichen. Ergänzende und unterstützende Berufe sind weiterhin z. B. Altenpflegehelfer/Altenpflegehelferin sowie Betreuungsassistent/Betreuungsassistentin und viele mehr. Doch viele Senioren, die keinen Betreuungshelfer oder Pflegebegleiter brauchen (und daher kein Anrecht darauf haben), sind dennoch auf Hilfe im Alltag angewiesen. Manchmal sind keine nahen Angehörigen in der Nähe, um diese Hilfe zu gewährleisten. Genau hier setzt die SeniorenLebenshilfe an. Wir schließen die vorpflegerische Lücke und ermöglichen es unseren Senioren auf diese Weise, länger ein selbstbestimmtes Leben in ihrer gewohnten Umgebung zu führen. Als Lebenshelfer oder Lebenshelferin für Senioren werden Sie Teil dieser Vision, die wir bereits erfolgreich leben. Was passiert, wenn die betreuten Senioren pflegebedürftig werden? Grundsätzlich sind Sie als Lebenshelfer als Alltagsbegleiter/Alltagsbegleiterin für Ihre Senioren tätig. Sie übernehmen also alltägliche, nicht pflegerische Aufgaben innerhalb der Seniorenbetreuung. Daher ist diese Tätigkeit auch für Quereinsteiger geeignet. Wenn Sie über eine Ausbildung innerhalb der Pflege oder Pflegebegleitung verfügen (z. B. Familienpfleger/Familienpflegerin, Krankenpflegehelfer/Krankenpflegehelferin, Pflegebegleiter oder Schwesternhelferin), dann steht es Ihnen natürlich frei, Ihre Senioren auch in dieser Hinsicht zu unterstützen. Außerdem können Sie auch zusätzlich zur häuslichen Pflege als Seniorenbetreuer tätig sein. Es gibt jedoch Situationen, in denen das nicht länger möglich ist. Dann können Sie Ihre Senioren insbesondere unterstützen, indem Sie Kontakte zu den entsprechenden Behörden herstellen. Sie können dann - gemeinsam mit eventuellen Angehörigen - dafür Sorge tragen, dass eine entsprechende Pflegefachkraft oder auch ein Demenzbetreuer/Demenzbegleiter zur Verfügung steht. Zu diesen Themen erhalten Sie natürlich sowohl Schulungen als auch kompetente Begleitung von der SeniorenLebenshilfe. Warum „Lebenshelfer""? Ein Lebenshelfer ist teils Seniorenbegleiter, teils Hauswirtschafter, teils Pflegehelfer und Alltagsbetreuer - aber er ist noch viel mehr. Ein Lebenshelfer für Senioren fungiert als Rundum-Ansprechpartner für alle Belange und packt dort an, wo es notwendig ist. Außerdem wird er zur Schnittstelle zwischen dem Senior und eventuell beteiligten Fachkräften (Krankenschwester/Krankenpfleger) oder Behörden. Häufig werden unsere Senioren und Lebenshelfer Freunde, denn ein Lebenshelfer teilt im Rahmen der Seniorenbegleitung auch die Höhen und Tiefen des Alltags - eben einfach das Leben. Dieses Leben auch im hohen Alter erfüllt und sinnvoll zu gestalten, ist Aufgabe unserer Lebenshelfer. Möchten Sie sich einer sinnvollen, erfüllenden selbstständigen Tätigkeit widmen und mit der SeniorenLebenshilfe zusammenarbeiten? Dann fordern Sie jetzt weitere Informationen an.",,,,healthcare,2026-10-07,https://www.jobs.de/jdp/lebenshelfer-f%C3%BCr-senioren----quereinstieg-als-alltagsbegleiter&&-altenpfleger-(m&&w&&d)-j3w7py637vy5zv4pp8t,be2852c296dd3bb7610518ff131af559,Lexicon,No,,,,,Germany
"Lebenshelfer für Senioren - Quereinstieg als Alltagsbegleiter, Altenpfleger (m,w,d)",Home-based Personal Care Workers,5322,532,53,Home-based Personal Care Workers,Rheinland-Pfalz,Kirchen (Sieg),SeniorenLebenshilfe,,2021-03-29,Full-time,,"Lebenshelfer/in für unsere Senioren Was bietet Ihnen die SeniorenLebenshilfe? Als Lebenshelfer für Senioren sind Sie freiberuflich/auf selbstständiger Basis tätig und dennoch Teil eines deutschlandweiten Teams. Sie profitieren so zum einen von unserer jahrelangen Erfahrung in Bereichen wie Kundengewinnung, Marketing und Existenzgründung. Zum anderen geben wir Ihnen Raum, sich in diesem sozialen Beruf zu entfalten und Ihre Tatkraft und Kreativität in Ihr Arbeitsleben als Seniorenbegleiter einzubringen. Wir möchten mit Ihren Ideen und Erfahrungen unsere gemeinsame Entwicklung voranbringen. Weitere Vorteile für Sie bei der SeniorenLebenshilfe: sinnvolle, erfüllende Tätigkeit flexible, familienfreundliche Arbeitszeiten Vollzeit oder ab 25 Stunden keine Schichten und keine Wochenendarbeit Fahrzeit zum Einsatzort von max. 30 Minuten von Ihrem Wohnort aus unbefristetes Vertragsverhältnis Quereinstieg möglich (auch ohne Erfahrungen in einem sozialen Beruf) die Freiheiten einer Selbstständigkeit und die Absicherung eines Angestelltenverhältnisses persönliche, enge und vertrauensvolle Kontakte zu Ihren Senioren (und genügend Zeit dafür!) zahlreiche Weiterbildungen, z. B. fachliche und persönliche Trainings (insbesondere auch für Quereinsteiger) die Möglichkeit für persönliches Wachstum in einem gut organisierten, jungen Familienunternehmen Ihre Aufgaben als Lebenshelfer für Senioren Als Lebenshelfer sind Sie vor allem eine Art Alltagsbetreuer. Die SeniorenLebenshilfe wird vorpflegerisch tätig. Das bedeutet, dass Sie als Lebenshelfer oder Lebenshelferin für Senioren nicht als Pflegekraft (oder als Pflegeassistent/Pflegeassistentin) arbeiten. Dementsprechend benötigen Sie nicht zwingend eine Ausbildung im sozialen Bereich, der Pflegebegleitung oder der Seniorenbetreuung (wie z. B. Altenpfleger/Altenpflegerin oder Hauswirtschafter/Hauswirtschafterin). Stattdessen bietet die SeniorenLebenshilfe Ihnen als Quereinsteiger zahlreiche Schulungen an, um Sie auf Ihre Tätigkeit als Lebenshelfer vorzubereiten. Zu Ihren Aufgaben zählen zum Beispiel: Unterstützung Ihrer Senioren als Alltagsbegleiter/Alltagsbegleiterin Begleitung zum Arzt oder zu anderen Terminen mit Ihrem PKW Einkäufe, Einlösen von Rezepten etc. Hauswirtschafter/in oder Haushaltshilfe für Senioren, z. B. Essen kochen, saubermachen Unterstützung im Kontakt mit Behörden, Krankenschwester/Krankenpfleger etc. Freizeitgestaltung und vertrauensvolle Gespräche Erstberatung bei interessierten Senioren, telefonische Beratung von Neukunden Organisation Ihres Homeoffice und Ihrer Termine eigenverantwortliche Leistungserfassung und Rechnungslegung Unser Versprechen ist eine Rundum-Seniorenbegleitung, die sich nach den Bedürfnissen unserer Kunden richtet. Ihr ideales Profil als Lebenshelfer/Lebenshelferin Vielleicht haben Sie bereits in einem sozialen Beruf gearbeitet, etwa als Krankenschwester/Krankenpfleger, Altenpfleger/Altenpflegerin oder Pflegehelfer/Pflegehelferin. Aber auch wenn Sie keine Erfahrung in einem Pflegeberuf haben, ist ein Quereinstieg für Sie möglich. Vielleicht blicken Sie auf langjährige Berufspraxis zurück und möchten neuen Sinn in Ihr Arbeitsleben bringen. Oder Sie haben sich in den letzten Jahren intensiv Ihrer Familie gewidmet und suchen einen beruflichen Wiedereinstieg? Uns ist vor allem eines wichtig: Dass Ihnen die Arbeit mit Menschen - insbesondere mit Senioren - eine Herzensangelegenheit ist. Außerdem setzen wir Folgendes voraus: eine herzliche, aufmerksame und fürsorgliche Art sehr gute kommunikative Fähigkeiten gutes Allgemeinwissen, gern im sozialen Bereich viel Ruhe und Geduld als Seniorenbetreuer selbstbewusstes und zielstrebiges Arbeiten Bereitschaft, sich selbstständig zu machen Einsatzbereitschaft, Flexibilität und Verantwortungsbewusstsein PKW-Führerschein der Klasse B Grundkenntnisse im Umgang mit PC und Internet Unterstützen Sie Senioren: Werden Sie Lebenshelfer bei der SeniorenLebenshilfe! Unsere LebenshelferINNEN betreuen deutschlandweit Senioren, die Unterstützung im Alltag benötigen. Unsere Vision: Wir ermöglichen Senioren ein würdevolles, selbstbestimmtes Leben im eigenen Zuhause. Unsere Lebenshelfer sind vertraute Ansprechpartner für unsere Senioren: Alltagsbegleiter, Hauswirtschafter und Freizeitgestalter in einer Person - einfach eine umfassende Unterstützung im gesamten sozialen Bereich. Als Lebenshelfer für Senioren sind Sie auf freiberuflicher Basis oder selbstständig tätig. Sie genießen also die Vorteile einer Selbstständigkeit, z. B. flexible Arbeitszeiten und selbstbestimmtes Arbeiten. Gleichzeitig profitieren Sie vom Franchise-Konzept der SeniorenLebenshilfe: Wir helfen Ihnen beim Aufbau Ihrer Selbständigkeit oder Freiberuflichkeit und unterstützen Sie unter anderem bei der Kundengewinnung, der finanziellen Absicherung, aber auch im Bereich Weiterbildung. Ein Einstieg als Lebenshelfer ist auch kurzfristig möglich - bei unbefristeter Vertragslaufzeit. Interessieren Sie sich für eine Tätigkeit als Lebenshelfer oder Lebenshelferin für Senioren - vielleicht auch im Quereinstieg? Dann fordern Sie jetzt unsere Broschüre mit weiteren Informationen an. Welche Lücke schließt die SeniorenLebenshilfe? Für pflegebedürftige Senioren steht mittlerweile ein breites Hilfsangebot zur Verfügung. Viele Menschen sind innerhalb der Pflege tätig: als Familienpfleger/Familienpflegerin, Hauswirtschafter/Hauswirtschafterin, Demenzbetreuer/Demenzbegleiter, als Pflegekraft in verschiedensten sozialen Bereichen. Ergänzende und unterstützende Berufe sind weiterhin z. B. Altenpflegehelfer/Altenpflegehelferin sowie Betreuungsassistent/Betreuungsassistentin und viele mehr. Doch viele Senioren, die keinen Betreuungshelfer oder Pflegebegleiter brauchen (und daher kein Anrecht darauf haben), sind dennoch auf Hilfe im Alltag angewiesen. Manchmal sind keine nahen Angehörigen in der Nähe, um diese Hilfe zu gewährleisten. Genau hier setzt die SeniorenLebenshilfe an. Wir schließen die vorpflegerische Lücke und ermöglichen es unseren Senioren auf diese Weise, länger ein selbstbestimmtes Leben in ihrer gewohnten Umgebung zu führen. Als Lebenshelfer oder Lebenshelferin für Senioren werden Sie Teil dieser Vision, die wir bereits erfolgreich leben. Was passiert, wenn die betreuten Senioren pflegebedürftig werden? Grundsätzlich sind Sie als Lebenshelfer als Alltagsbegleiter/Alltagsbegleiterin für Ihre Senioren tätig. Sie übernehmen also alltägliche, nicht pflegerische Aufgaben innerhalb der Seniorenbetreuung. Daher ist diese Tätigkeit auch für Quereinsteiger geeignet. Wenn Sie über eine Ausbildung innerhalb der Pflege oder Pflegebegleitung verfügen (z. B. Familienpfleger/Familienpflegerin, Krankenpflegehelfer/Krankenpflegehelferin, Pflegebegleiter oder Schwesternhelferin), dann steht es Ihnen natürlich frei, Ihre Senioren auch in dieser Hinsicht zu unterstützen. Außerdem können Sie auch zusätzlich zur häuslichen Pflege als Seniorenbetreuer tätig sein. Es gibt jedoch Situationen, in denen das nicht länger möglich ist. Dann können Sie Ihre Senioren insbesondere unterstützen, indem Sie Kontakte zu den entsprechenden Behörden herstellen. Sie können dann - gemeinsam mit eventuellen Angehörigen - dafür Sorge tragen, dass eine entsprechende Pflegefachkraft oder auch ein Demenzbetreuer/Demenzbegleiter zur Verfügung steht. Zu diesen Themen erhalten Sie natürlich sowohl Schulungen als auch kompetente Begleitung von der SeniorenLebenshilfe. Warum „Lebenshelfer""? Ein Lebenshelfer ist teils Seniorenbegleiter, teils Hauswirtschafter, teils Pflegehelfer und Alltagsbetreuer - aber er ist noch viel mehr. Ein Lebenshelfer für Senioren fungiert als Rundum-Ansprechpartner für alle Belange und packt dort an, wo es notwendig ist. Außerdem wird er zur Schnittstelle zwischen dem Senior und eventuell beteiligten Fachkräften (Krankenschwester/Krankenpfleger) oder Behörden. Häufig werden unsere Senioren und Lebenshelfer Freunde, denn ein Lebenshelfer teilt im Rahmen der Seniorenbegleitung auch die Höhen und Tiefen des Alltags - eben einfach das Leben. Dieses Leben auch im hohen Alter erfüllt und sinnvoll zu gestalten, ist Aufgabe unserer Lebenshelfer. Möchten Sie sich einer sinnvollen, erfüllenden selbstständigen Tätigkeit widmen und mit der SeniorenLebenshilfe zusammenarbeiten? Dann fordern Sie jetzt weitere Informationen an.",,,,healthcare,2026-10-07,https://www.jobs.de/jdp/lebenshelfer-f%C3%BCr-senioren----quereinstieg-als-alltagsbegleiter&&-altenpfleger-(m&&w&&d)-j3r19d5xtnnz2rkw6q2,70a0ac7d5ee3c4ff69af8fd2ffb66fec,Lexicon,No,,,,,Germany
"Lebenshelfer für Senioren - Quereinstieg als Alltagsbegleiter, Altenpfleger (m,w,d)",Home-based Personal Care Workers,5322,532,53,Home-based Personal Care Workers,Baden-Württemberg,Dornhan,SeniorenLebenshilfe,,2021-03-29,Full-time,,"Lebenshelfer/in für unsere Senioren Was bietet Ihnen die SeniorenLebenshilfe? Als Lebenshelfer für Senioren sind Sie freiberuflich/auf selbstständiger Basis tätig und dennoch Teil eines deutschlandweiten Teams. Sie profitieren so zum einen von unserer jahrelangen Erfahrung in Bereichen wie Kundengewinnung, Marketing und Existenzgründung. Zum anderen geben wir Ihnen Raum, sich in diesem sozialen Beruf zu entfalten und Ihre Tatkraft und Kreativität in Ihr Arbeitsleben als Seniorenbegleiter einzubringen. Wir möchten mit Ihren Ideen und Erfahrungen unsere gemeinsame Entwicklung voranbringen. Weitere Vorteile für Sie bei der SeniorenLebenshilfe: sinnvolle, erfüllende Tätigkeit flexible, familienfreundliche Arbeitszeiten Vollzeit oder ab 25 Stunden keine Schichten und keine Wochenendarbeit Fahrzeit zum Einsatzort von max. 30 Minuten von Ihrem Wohnort aus unbefristetes Vertragsverhältnis Quereinstieg möglich (auch ohne Erfahrungen in einem sozialen Beruf) die Freiheiten einer Selbstständigkeit und die Absicherung eines Angestelltenverhältnisses persönliche, enge und vertrauensvolle Kontakte zu Ihren Senioren (und genügend Zeit dafür!) zahlreiche Weiterbildungen, z. B. fachliche und persönliche Trainings (insbesondere auch für Quereinsteiger) die Möglichkeit für persönliches Wachstum in einem gut organisierten, jungen Familienunternehmen Ihre Aufgaben als Lebenshelfer für Senioren Als Lebenshelfer sind Sie vor allem eine Art Alltagsbetreuer. Die SeniorenLebenshilfe wird vorpflegerisch tätig. Das bedeutet, dass Sie als Lebenshelfer oder Lebenshelferin für Senioren nicht als Pflegekraft (oder als Pflegeassistent/Pflegeassistentin) arbeiten. Dementsprechend benötigen Sie nicht zwingend eine Ausbildung im sozialen Bereich, der Pflegebegleitung oder der Seniorenbetreuung (wie z. B. Altenpfleger/Altenpflegerin oder Hauswirtschafter/Hauswirtschafterin). Stattdessen bietet die SeniorenLebenshilfe Ihnen als Quereinsteiger zahlreiche Schulungen an, um Sie auf Ihre Tätigkeit als Lebenshelfer vorzubereiten. Zu Ihren Aufgaben zählen zum Beispiel: Unterstützung Ihrer Senioren als Alltagsbegleiter/Alltagsbegleiterin Begleitung zum Arzt oder zu anderen Terminen mit Ihrem PKW Einkäufe, Einlösen von Rezepten etc. Hauswirtschafter/in oder Haushaltshilfe für Senioren, z. B. Essen kochen, saubermachen Unterstützung im Kontakt mit Behörden, Krankenschwester/Krankenpfleger etc. Freizeitgestaltung und vertrauensvolle Gespräche Erstberatung bei interessierten Senioren, telefonische Beratung von Neukunden Organisation Ihres Homeoffice und Ihrer Termine eigenverantwortliche Leistungserfassung und Rechnungslegung Unser Versprechen ist eine Rundum-Seniorenbegleitung, die sich nach den Bedürfnissen unserer Kunden richtet. Ihr ideales Profil als Lebenshelfer/Lebenshelferin Vielleicht haben Sie bereits in einem sozialen Beruf gearbeitet, etwa als Krankenschwester/Krankenpfleger, Altenpfleger/Altenpflegerin oder Pflegehelfer/Pflegehelferin. Aber auch wenn Sie keine Erfahrung in einem Pflegeberuf haben, ist ein Quereinstieg für Sie möglich. Vielleicht blicken Sie auf langjährige Berufspraxis zurück und möchten neuen Sinn in Ihr Arbeitsleben bringen. Oder Sie haben sich in den letzten Jahren intensiv Ihrer Familie gewidmet und suchen einen beruflichen Wiedereinstieg? Uns ist vor allem eines wichtig: Dass Ihnen die Arbeit mit Menschen - insbesondere mit Senioren - eine Herzensangelegenheit ist. Außerdem setzen wir Folgendes voraus: eine herzliche, aufmerksame und fürsorgliche Art sehr gute kommunikative Fähigkeiten gutes Allgemeinwissen, gern im sozialen Bereich viel Ruhe und Geduld als Seniorenbetreuer selbstbewusstes und zielstrebiges Arbeiten Bereitschaft, sich selbstständig zu machen Einsatzbereitschaft, Flexibilität und Verantwortungsbewusstsein PKW-Führerschein der Klasse B Grundkenntnisse im Umgang mit PC und Internet Unterstützen Sie Senioren: Werden Sie Lebenshelfer bei der SeniorenLebenshilfe! Unsere LebenshelferINNEN betreuen deutschlandweit Senioren, die Unterstützung im Alltag benötigen. Unsere Vision: Wir ermöglichen Senioren ein würdevolles, selbstbestimmtes Leben im eigenen Zuhause. Unsere Lebenshelfer sind vertraute Ansprechpartner für unsere Senioren: Alltagsbegleiter, Hauswirtschafter und Freizeitgestalter in einer Person - einfach eine umfassende Unterstützung im gesamten sozialen Bereich. Als Lebenshelfer für Senioren sind Sie auf freiberuflicher Basis oder selbstständig tätig. Sie genießen also die Vorteile einer Selbstständigkeit, z. B. flexible Arbeitszeiten und selbstbestimmtes Arbeiten. Gleichzeitig profitieren Sie vom Franchise-Konzept der SeniorenLebenshilfe: Wir helfen Ihnen beim Aufbau Ihrer Selbständigkeit oder Freiberuflichkeit und unterstützen Sie unter anderem bei der Kundengewinnung, der finanziellen Absicherung, aber auch im Bereich Weiterbildung. Ein Einstieg als Lebenshelfer ist auch kurzfristig möglich - bei unbefristeter Vertragslaufzeit. Interessieren Sie sich für eine Tätigkeit als Lebenshelfer oder Lebenshelferin für Senioren - vielleicht auch im Quereinstieg? Dann fordern Sie jetzt unsere Broschüre mit weiteren Informationen an. Welche Lücke schließt die SeniorenLebenshilfe? Für pflegebedürftige Senioren steht mittlerweile ein breites Hilfsangebot zur Verfügung. Viele Menschen sind innerhalb der Pflege tätig: als Familienpfleger/Familienpflegerin, Hauswirtschafter/Hauswirtschafterin, Demenzbetreuer/Demenzbegleiter, als Pflegekraft in verschiedensten sozialen Bereichen. Ergänzende und unterstützende Berufe sind weiterhin z. B. Altenpflegehelfer/Altenpflegehelferin sowie Betreuungsassistent/Betreuungsassistentin und viele mehr. Doch viele Senioren, die keinen Betreuungshelfer oder Pflegebegleiter brauchen (und daher kein Anrecht darauf haben), sind dennoch auf Hilfe im Alltag angewiesen. Manchmal sind keine nahen Angehörigen in der Nähe, um diese Hilfe zu gewährleisten. Genau hier setzt die SeniorenLebenshilfe an. Wir schließen die vorpflegerische Lücke und ermöglichen es unseren Senioren auf diese Weise, länger ein selbstbestimmtes Leben in ihrer gewohnten Umgebung zu führen. Als Lebenshelfer oder Lebenshelferin für Senioren werden Sie Teil dieser Vision, die wir bereits erfolgreich leben. Was passiert, wenn die betreuten Senioren pflegebedürftig werden? Grundsätzlich sind Sie als Lebenshelfer als Alltagsbegleiter/Alltagsbegleiterin für Ihre Senioren tätig. Sie übernehmen also alltägliche, nicht pflegerische Aufgaben innerhalb der Seniorenbetreuung. Daher ist diese Tätigkeit auch für Quereinsteiger geeignet. Wenn Sie über eine Ausbildung innerhalb der Pflege oder Pflegebegleitung verfügen (z. B. Familienpfleger/Familienpflegerin, Krankenpflegehelfer/Krankenpflegehelferin, Pflegebegleiter oder Schwesternhelferin), dann steht es Ihnen natürlich frei, Ihre Senioren auch in dieser Hinsicht zu unterstützen. Außerdem können Sie auch zusätzlich zur häuslichen Pflege als Seniorenbetreuer tätig sein. Es gibt jedoch Situationen, in denen das nicht länger möglich ist. Dann können Sie Ihre Senioren insbesondere unterstützen, indem Sie Kontakte zu den entsprechenden Behörden herstellen. Sie können dann - gemeinsam mit eventuellen Angehörigen - dafür Sorge tragen, dass eine entsprechende Pflegefachkraft oder auch ein Demenzbetreuer/Demenzbegleiter zur Verfügung steht. Zu diesen Themen erhalten Sie natürlich sowohl Schulungen als auch kompetente Begleitung von der SeniorenLebenshilfe. Warum „Lebenshelfer""? Ein Lebenshelfer ist teils Seniorenbegleiter, teils Hauswirtschafter, teils Pflegehelfer und Alltagsbetreuer - aber er ist noch viel mehr. Ein Lebenshelfer für Senioren fungiert als Rundum-Ansprechpartner für alle Belange und packt dort an, wo es notwendig ist. Außerdem wird er zur Schnittstelle zwischen dem Senior und eventuell beteiligten Fachkräften (Krankenschwester/Krankenpfleger) oder Behörden. Häufig werden unsere Senioren und Lebenshelfer Freunde, denn ein Lebenshelfer teilt im Rahmen der Seniorenbegleitung auch die Höhen und Tiefen des Alltags - eben einfach das Leben. Dieses Leben auch im hohen Alter erfüllt und sinnvoll zu gestalten, ist Aufgabe unserer Lebenshelfer. Möchten Sie sich einer sinnvollen, erfüllenden selbstständigen Tätigkeit widmen und mit der SeniorenLebenshilfe zusammenarbeiten? Dann fordern Sie jetzt weitere Informationen an.",,,,healthcare,2026-10-07,https://www.jobs.de/jdp/lebenshelfer-f%C3%BCr-senioren----quereinstieg-als-alltagsbegleiter&&-altenpfleger-(m&&w&&d)-j3w2dg670xrhq99jtb2,3143413e487cfdb5fc702e72cdf2c161,Lexicon,No,,,,,Germany
"Lebenshelfer für Senioren - Quereinstieg als Alltagsbegleiter, Altenpfleger (m,w,d)",Home-based Personal Care Workers,5322,532,53,Home-based Personal Care Workers,Mecklenburg-Vorpommern,Barth,SeniorenLebenshilfe,,2021-03-29,Full-time,,"Lebenshelfer/in für unsere Senioren Was bietet Ihnen die SeniorenLebenshilfe? Als Lebenshelfer für Senioren sind Sie freiberuflich/auf selbstständiger Basis tätig und dennoch Teil eines deutschlandweiten Teams. Sie profitieren so zum einen von unserer jahrelangen Erfahrung in Bereichen wie Kundengewinnung, Marketing und Existenzgründung. Zum anderen geben wir Ihnen Raum, sich in diesem sozialen Beruf zu entfalten und Ihre Tatkraft und Kreativität in Ihr Arbeitsleben als Seniorenbegleiter einzubringen. Wir möchten mit Ihren Ideen und Erfahrungen unsere gemeinsame Entwicklung voranbringen. Weitere Vorteile für Sie bei der SeniorenLebenshilfe: sinnvolle, erfüllende Tätigkeit flexible, familienfreundliche Arbeitszeiten Vollzeit oder ab 25 Stunden keine Schichten und keine Wochenendarbeit Fahrzeit zum Einsatzort von max. 30 Minuten von Ihrem Wohnort aus unbefristetes Vertragsverhältnis Quereinstieg möglich (auch ohne Erfahrungen in einem sozialen Beruf) die Freiheiten einer Selbstständigkeit und die Absicherung eines Angestelltenverhältnisses persönliche, enge und vertrauensvolle Kontakte zu Ihren Senioren (und genügend Zeit dafür!) zahlreiche Weiterbildungen, z. B. fachliche und persönliche Trainings (insbesondere auch für Quereinsteiger) die Möglichkeit für persönliches Wachstum in einem gut organisierten, jungen Familienunternehmen Ihre Aufgaben als Lebenshelfer für Senioren Als Lebenshelfer sind Sie vor allem eine Art Alltagsbetreuer. Die SeniorenLebenshilfe wird vorpflegerisch tätig. Das bedeutet, dass Sie als Lebenshelfer oder Lebenshelferin für Senioren nicht als Pflegekraft (oder als Pflegeassistent/Pflegeassistentin) arbeiten. Dementsprechend benötigen Sie nicht zwingend eine Ausbildung im sozialen Bereich, der Pflegebegleitung oder der Seniorenbetreuung (wie z. B. Altenpfleger/Altenpflegerin oder Hauswirtschafter/Hauswirtschafterin). Stattdessen bietet die SeniorenLebenshilfe Ihnen als Quereinsteiger zahlreiche Schulungen an, um Sie auf Ihre Tätigkeit als Lebenshelfer vorzubereiten. Zu Ihren Aufgaben zählen zum Beispiel: Unterstützung Ihrer Senioren als Alltagsbegleiter/Alltagsbegleiterin Begleitung zum Arzt oder zu anderen Terminen mit Ihrem PKW Einkäufe, Einlösen von Rezepten etc. Hauswirtschafter/in oder Haushaltshilfe für Senioren, z. B. Essen kochen, saubermachen Unterstützung im Kontakt mit Behörden, Krankenschwester/Krankenpfleger etc. Freizeitgestaltung und vertrauensvolle Gespräche Erstberatung bei interessierten Senioren, telefonische Beratung von Neukunden Organisation Ihres Homeoffice und Ihrer Termine eigenverantwortliche Leistungserfassung und Rechnungslegung Unser Versprechen ist eine Rundum-Seniorenbegleitung, die sich nach den Bedürfnissen unserer Kunden richtet. Ihr ideales Profil als Lebenshelfer/Lebenshelferin Vielleicht haben Sie bereits in einem sozialen Beruf gearbeitet, etwa als Krankenschwester/Krankenpfleger, Altenpfleger/Altenpflegerin oder Pflegehelfer/Pflegehelferin. Aber auch wenn Sie keine Erfahrung in einem Pflegeberuf haben, ist ein Quereinstieg für Sie möglich. Vielleicht blicken Sie auf langjährige Berufspraxis zurück und möchten neuen Sinn in Ihr Arbeitsleben bringen. Oder Sie haben sich in den letzten Jahren intensiv Ihrer Familie gewidmet und suchen einen beruflichen Wiedereinstieg? Uns ist vor allem eines wichtig: Dass Ihnen die Arbeit mit Menschen - insbesondere mit Senioren - eine Herzensangelegenheit ist. Außerdem setzen wir Folgendes voraus: eine herzliche, aufmerksame und fürsorgliche Art sehr gute kommunikative Fähigkeiten gutes Allgemeinwissen, gern im sozialen Bereich viel Ruhe und Geduld als Seniorenbetreuer selbstbewusstes und zielstrebiges Arbeiten Bereitschaft, sich selbstständig zu machen Einsatzbereitschaft, Flexibilität und Verantwortungsbewusstsein PKW-Führerschein der Klasse B Grundkenntnisse im Umgang mit PC und Internet Unterstützen Sie Senioren: Werden Sie Lebenshelfer bei der SeniorenLebenshilfe! Unsere LebenshelferINNEN betreuen deutschlandweit Senioren, die Unterstützung im Alltag benötigen. Unsere Vision: Wir ermöglichen Senioren ein würdevolles, selbstbestimmtes Leben im eigenen Zuhause. Unsere Lebenshelfer sind vertraute Ansprechpartner für unsere Senioren: Alltagsbegleiter, Hauswirtschafter und Freizeitgestalter in einer Person - einfach eine umfassende Unterstützung im gesamten sozialen Bereich. Als Lebenshelfer für Senioren sind Sie auf freiberuflicher Basis oder selbstständig tätig. Sie genießen also die Vorteile einer Selbstständigkeit, z. B. flexible Arbeitszeiten und selbstbestimmtes Arbeiten. Gleichzeitig profitieren Sie vom Franchise-Konzept der SeniorenLebenshilfe: Wir helfen Ihnen beim Aufbau Ihrer Selbständigkeit oder Freiberuflichkeit und unterstützen Sie unter anderem bei der Kundengewinnung, der finanziellen Absicherung, aber auch im Bereich Weiterbildung. Ein Einstieg als Lebenshelfer ist auch kurzfristig möglich - bei unbefristeter Vertragslaufzeit. Interessieren Sie sich für eine Tätigkeit als Lebenshelfer oder Lebenshelferin für Senioren - vielleicht auch im Quereinstieg? Dann fordern Sie jetzt unsere Broschüre mit weiteren Informationen an. Welche Lücke schließt die SeniorenLebenshilfe? Für pflegebedürftige Senioren steht mittlerweile ein breites Hilfsangebot zur Verfügung. Viele Menschen sind innerhalb der Pflege tätig: als Familienpfleger/Familienpflegerin, Hauswirtschafter/Hauswirtschafterin, Demenzbetreuer/Demenzbegleiter, als Pflegekraft in verschiedensten sozialen Bereichen. Ergänzende und unterstützende Berufe sind weiterhin z. B. Altenpflegehelfer/Altenpflegehelferin sowie Betreuungsassistent/Betreuungsassistentin und viele mehr. Doch viele Senioren, die keinen Betreuungshelfer oder Pflegebegleiter brauchen (und daher kein Anrecht darauf haben), sind dennoch auf Hilfe im Alltag angewiesen. Manchmal sind keine nahen Angehörigen in der Nähe, um diese Hilfe zu gewährleisten. Genau hier setzt die SeniorenLebenshilfe an. Wir schließen die vorpflegerische Lücke und ermöglichen es unseren Senioren auf diese Weise, länger ein selbstbestimmtes Leben in ihrer gewohnten Umgebung zu führen. Als Lebenshelfer oder Lebenshelferin für Senioren werden Sie Teil dieser Vision, die wir bereits erfolgreich leben. Was passiert, wenn die betreuten Senioren pflegebedürftig werden? Grundsätzlich sind Sie als Lebenshelfer als Alltagsbegleiter/Alltagsbegleiterin für Ihre Senioren tätig. Sie übernehmen also alltägliche, nicht pflegerische Aufgaben innerhalb der Seniorenbetreuung. Daher ist diese Tätigkeit auch für Quereinsteiger geeignet. Wenn Sie über eine Ausbildung innerhalb der Pflege oder Pflegebegleitung verfügen (z. B. Familienpfleger/Familienpflegerin, Krankenpflegehelfer/Krankenpflegehelferin, Pflegebegleiter oder Schwesternhelferin), dann steht es Ihnen natürlich frei, Ihre Senioren auch in dieser Hinsicht zu unterstützen. Außerdem können Sie auch zusätzlich zur häuslichen Pflege als Seniorenbetreuer tätig sein. Es gibt jedoch Situationen, in denen das nicht länger möglich ist. Dann können Sie Ihre Senioren insbesondere unterstützen, indem Sie Kontakte zu den entsprechenden Behörden herstellen. Sie können dann - gemeinsam mit eventuellen Angehörigen - dafür Sorge tragen, dass eine entsprechende Pflegefachkraft oder auch ein Demenzbetreuer/Demenzbegleiter zur Verfügung steht. Zu diesen Themen erhalten Sie natürlich sowohl Schulungen als auch kompetente Begleitung von der SeniorenLebenshilfe. Warum „Lebenshelfer""? Ein Lebenshelfer ist teils Seniorenbegleiter, teils Hauswirtschafter, teils Pflegehelfer und Alltagsbetreuer - aber er ist noch viel mehr. Ein Lebenshelfer für Senioren fungiert als Rundum-Ansprechpartner für alle Belange und packt dort an, wo es notwendig ist. Außerdem wird er zur Schnittstelle zwischen dem Senior und eventuell beteiligten Fachkräften (Krankenschwester/Krankenpfleger) oder Behörden. Häufig werden unsere Senioren und Lebenshelfer Freunde, denn ein Lebenshelfer teilt im Rahmen der Seniorenbegleitung auch die Höhen und Tiefen des Alltags - eben einfach das Leben. Dieses Leben auch im hohen Alter erfüllt und sinnvoll zu gestalten, ist Aufgabe unserer Lebenshelfer. Möchten Sie sich einer sinnvollen, erfüllenden selbstständigen Tätigkeit widmen und mit der SeniorenLebenshilfe zusammenarbeiten? Dann fordern Sie jetzt weitere Informationen an.",,,,healthcare,2026-10-07,https://www.jobs.de/jdp/lebenshelfer-f%C3%BCr-senioren----quereinstieg-als-alltagsbegleiter&&-altenpfleger-(m&&w&&d)-j3n2yd66jfqjhggly9w,8c1f962e44ee92997be14462a71a05a8,Lexicon,No,,,,,Germany
"Lebenshelfer für Senioren - Quereinstieg als Alltagsbegleiter, Altenpfleger (m,w,d)",Home-based Personal Care Workers,5322,532,53,Home-based Personal Care Workers,Nordrhein-Westfalen,Iserlohn,SeniorenLebenshilfe,,2021-03-29,Full-time,,"Lebenshelfer/in für unsere Senioren Was bietet Ihnen die SeniorenLebenshilfe? Als Lebenshelfer für Senioren sind Sie freiberuflich/auf selbstständiger Basis tätig und dennoch Teil eines deutschlandweiten Teams. Sie profitieren so zum einen von unserer jahrelangen Erfahrung in Bereichen wie Kundengewinnung, Marketing und Existenzgründung. Zum anderen geben wir Ihnen Raum, sich in diesem sozialen Beruf zu entfalten und Ihre Tatkraft und Kreativität in Ihr Arbeitsleben als Seniorenbegleiter einzubringen. Wir möchten mit Ihren Ideen und Erfahrungen unsere gemeinsame Entwicklung voranbringen. Weitere Vorteile für Sie bei der SeniorenLebenshilfe: sinnvolle, erfüllende Tätigkeit flexible, familienfreundliche Arbeitszeiten Vollzeit oder ab 25 Stunden keine Schichten und keine Wochenendarbeit Fahrzeit zum Einsatzort von max. 30 Minuten von Ihrem Wohnort aus unbefristetes Vertragsverhältnis Quereinstieg möglich (auch ohne Erfahrungen in einem sozialen Beruf) die Freiheiten einer Selbstständigkeit und die Absicherung eines Angestelltenverhältnisses persönliche, enge und vertrauensvolle Kontakte zu Ihren Senioren (und genügend Zeit dafür!) zahlreiche Weiterbildungen, z. B. fachliche und persönliche Trainings (insbesondere auch für Quereinsteiger) die Möglichkeit für persönliches Wachstum in einem gut organisierten, jungen Familienunternehmen Ihre Aufgaben als Lebenshelfer für Senioren Als Lebenshelfer sind Sie vor allem eine Art Alltagsbetreuer. Die SeniorenLebenshilfe wird vorpflegerisch tätig. Das bedeutet, dass Sie als Lebenshelfer oder Lebenshelferin für Senioren nicht als Pflegekraft (oder als Pflegeassistent/Pflegeassistentin) arbeiten. Dementsprechend benötigen Sie nicht zwingend eine Ausbildung im sozialen Bereich, der Pflegebegleitung oder der Seniorenbetreuung (wie z. B. Altenpfleger/Altenpflegerin oder Hauswirtschafter/Hauswirtschafterin). Stattdessen bietet die SeniorenLebenshilfe Ihnen als Quereinsteiger zahlreiche Schulungen an, um Sie auf Ihre Tätigkeit als Lebenshelfer vorzubereiten. Zu Ihren Aufgaben zählen zum Beispiel: Unterstützung Ihrer Senioren als Alltagsbegleiter/Alltagsbegleiterin Begleitung zum Arzt oder zu anderen Terminen mit Ihrem PKW Einkäufe, Einlösen von Rezepten etc. Hauswirtschafter/in oder Haushaltshilfe für Senioren, z. B. Essen kochen, saubermachen Unterstützung im Kontakt mit Behörden, Krankenschwester/Krankenpfleger etc. Freizeitgestaltung und vertrauensvolle Gespräche Erstberatung bei interessierten Senioren, telefonische Beratung von Neukunden Organisation Ihres Homeoffice und Ihrer Termine eigenverantwortliche Leistungserfassung und Rechnungslegung Unser Versprechen ist eine Rundum-Seniorenbegleitung, die sich nach den Bedürfnissen unserer Kunden richtet. Ihr ideales Profil als Lebenshelfer/Lebenshelferin Vielleicht haben Sie bereits in einem sozialen Beruf gearbeitet, etwa als Krankenschwester/Krankenpfleger, Altenpfleger/Altenpflegerin oder Pflegehelfer/Pflegehelferin. Aber auch wenn Sie keine Erfahrung in einem Pflegeberuf haben, ist ein Quereinstieg für Sie möglich. Vielleicht blicken Sie auf langjährige Berufspraxis zurück und möchten neuen Sinn in Ihr Arbeitsleben bringen. Oder Sie haben sich in den letzten Jahren intensiv Ihrer Familie gewidmet und suchen einen beruflichen Wiedereinstieg? Uns ist vor allem eines wichtig: Dass Ihnen die Arbeit mit Menschen - insbesondere mit Senioren - eine Herzensangelegenheit ist. Außerdem setzen wir Folgendes voraus: eine herzliche, aufmerksame und fürsorgliche Art sehr gute kommunikative Fähigkeiten gutes Allgemeinwissen, gern im sozialen Bereich viel Ruhe und Geduld als Seniorenbetreuer selbstbewusstes und zielstrebiges Arbeiten Bereitschaft, sich selbstständig zu machen Einsatzbereitschaft, Flexibilität und Verantwortungsbewusstsein PKW-Führerschein der Klasse B Grundkenntnisse im Umgang mit PC und Internet Unterstützen Sie Senioren: Werden Sie Lebenshelfer bei der SeniorenLebenshilfe! Unsere LebenshelferINNEN betreuen deutschlandweit Senioren, die Unterstützung im Alltag benötigen. Unsere Vision: Wir ermöglichen Senioren ein würdevolles, selbstbestimmtes Leben im eigenen Zuhause. Unsere Lebenshelfer sind vertraute Ansprechpartner für unsere Senioren: Alltagsbegleiter, Hauswirtschafter und Freizeitgestalter in einer Person - einfach eine umfassende Unterstützung im gesamten sozialen Bereich. Als Lebenshelfer für Senioren sind Sie auf freiberuflicher Basis oder selbstständig tätig. Sie genießen also die Vorteile einer Selbstständigkeit, z. B. flexible Arbeitszeiten und selbstbestimmtes Arbeiten. Gleichzeitig profitieren Sie vom Franchise-Konzept der SeniorenLebenshilfe: Wir helfen Ihnen beim Aufbau Ihrer Selbständigkeit oder Freiberuflichkeit und unterstützen Sie unter anderem bei der Kundengewinnung, der finanziellen Absicherung, aber auch im Bereich Weiterbildung. Ein Einstieg als Lebenshelfer ist auch kurzfristig möglich - bei unbefristeter Vertragslaufzeit. Interessieren Sie sich für eine Tätigkeit als Lebenshelfer oder Lebenshelferin für Senioren - vielleicht auch im Quereinstieg? Dann fordern Sie jetzt unsere Broschüre mit weiteren Informationen an. Welche Lücke schließt die SeniorenLebenshilfe? Für pflegebedürftige Senioren steht mittlerweile ein breites Hilfsangebot zur Verfügung. Viele Menschen sind innerhalb der Pflege tätig: als Familienpfleger/Familienpflegerin, Hauswirtschafter/Hauswirtschafterin, Demenzbetreuer/Demenzbegleiter, als Pflegekraft in verschiedensten sozialen Bereichen. Ergänzende und unterstützende Berufe sind weiterhin z. B. Altenpflegehelfer/Altenpflegehelferin sowie Betreuungsassistent/Betreuungsassistentin und viele mehr. Doch viele Senioren, die keinen Betreuungshelfer oder Pflegebegleiter brauchen (und daher kein Anrecht darauf haben), sind dennoch auf Hilfe im Alltag angewiesen. Manchmal sind keine nahen Angehörigen in der Nähe, um diese Hilfe zu gewährleisten. Genau hier setzt die SeniorenLebenshilfe an. Wir schließen die vorpflegerische Lücke und ermöglichen es unseren Senioren auf diese Weise, länger ein selbstbestimmtes Leben in ihrer gewohnten Umgebung zu führen. Als Lebenshelfer oder Lebenshelferin für Senioren werden Sie Teil dieser Vision, die wir bereits erfolgreich leben. Was passiert, wenn die betreuten Senioren pflegebedürftig werden? Grundsätzlich sind Sie als Lebenshelfer als Alltagsbegleiter/Alltagsbegleiterin für Ihre Senioren tätig. Sie übernehmen also alltägliche, nicht pflegerische Aufgaben innerhalb der Seniorenbetreuung. Daher ist diese Tätigkeit auch für Quereinsteiger geeignet. Wenn Sie über eine Ausbildung innerhalb der Pflege oder Pflegebegleitung verfügen (z. B. Familienpfleger/Familienpflegerin, Krankenpflegehelfer/Krankenpflegehelferin, Pflegebegleiter oder Schwesternhelferin), dann steht es Ihnen natürlich frei, Ihre Senioren auch in dieser Hinsicht zu unterstützen. Außerdem können Sie auch zusätzlich zur häuslichen Pflege als Seniorenbetreuer tätig sein. Es gibt jedoch Situationen, in denen das nicht länger möglich ist. Dann können Sie Ihre Senioren insbesondere unterstützen, indem Sie Kontakte zu den entsprechenden Behörden herstellen. Sie können dann - gemeinsam mit eventuellen Angehörigen - dafür Sorge tragen, dass eine entsprechende Pflegefachkraft oder auch ein Demenzbetreuer/Demenzbegleiter zur Verfügung steht. Zu diesen Themen erhalten Sie natürlich sowohl Schulungen als auch kompetente Begleitung von der SeniorenLebenshilfe. Warum „Lebenshelfer""? Ein Lebenshelfer ist teils Seniorenbegleiter, teils Hauswirtschafter, teils Pflegehelfer und Alltagsbetreuer - aber er ist noch viel mehr. Ein Lebenshelfer für Senioren fungiert als Rundum-Ansprechpartner für alle Belange und packt dort an, wo es notwendig ist. Außerdem wird er zur Schnittstelle zwischen dem Senior und eventuell beteiligten Fachkräften (Krankenschwester/Krankenpfleger) oder Behörden. Häufig werden unsere Senioren und Lebenshelfer Freunde, denn ein Lebenshelfer teilt im Rahmen der Seniorenbegleitung auch die Höhen und Tiefen des Alltags - eben einfach das Leben. Dieses Leben auch im hohen Alter erfüllt und sinnvoll zu gestalten, ist Aufgabe unserer Lebenshelfer. Möchten Sie sich einer sinnvollen, erfüllenden selbstständigen Tätigkeit widmen und mit der SeniorenLebenshilfe zusammenarbeiten? Dann fordern Sie jetzt weitere Informationen an.",,,,healthcare,2026-10-07,https://www.jobs.de/jdp/lebenshelfer-f%C3%BCr-senioren----quereinstieg-als-alltagsbegleiter&&-altenpfleger-(m&&w&&d)-j3r4nx6025v4pxhg1pd,90ce6e34632f34f7a9c0a508c8f5ee73,Lexicon,No,,,,,Germany
"Lebenshelfer für Senioren - Quereinstieg als Alltagsbegleiter, Altenpfleger (m,w,d)",Home-based Personal Care Workers,5322,532,53,Home-based Personal Care Workers,Hessen,Gießen,SeniorenLebenshilfe,,2021-03-29,Full-time,,"Lebenshelfer/in für unsere Senioren Was bietet Ihnen die SeniorenLebenshilfe? Als Lebenshelfer für Senioren sind Sie freiberuflich/auf selbstständiger Basis tätig und dennoch Teil eines deutschlandweiten Teams. Sie profitieren so zum einen von unserer jahrelangen Erfahrung in Bereichen wie Kundengewinnung, Marketing und Existenzgründung. Zum anderen geben wir Ihnen Raum, sich in diesem sozialen Beruf zu entfalten und Ihre Tatkraft und Kreativität in Ihr Arbeitsleben als Seniorenbegleiter einzubringen. Wir möchten mit Ihren Ideen und Erfahrungen unsere gemeinsame Entwicklung voranbringen. Weitere Vorteile für Sie bei der SeniorenLebenshilfe: sinnvolle, erfüllende Tätigkeit flexible, familienfreundliche Arbeitszeiten Vollzeit oder ab 25 Stunden keine Schichten und keine Wochenendarbeit Fahrzeit zum Einsatzort von max. 30 Minuten von Ihrem Wohnort aus unbefristetes Vertragsverhältnis Quereinstieg möglich (auch ohne Erfahrungen in einem sozialen Beruf) die Freiheiten einer Selbstständigkeit und die Absicherung eines Angestelltenverhältnisses persönliche, enge und vertrauensvolle Kontakte zu Ihren Senioren (und genügend Zeit dafür!) zahlreiche Weiterbildungen, z. B. fachliche und persönliche Trainings (insbesondere auch für Quereinsteiger) die Möglichkeit für persönliches Wachstum in einem gut organisierten, jungen Familienunternehmen Ihre Aufgaben als Lebenshelfer für Senioren Als Lebenshelfer sind Sie vor allem eine Art Alltagsbetreuer. Die SeniorenLebenshilfe wird vorpflegerisch tätig. Das bedeutet, dass Sie als Lebenshelfer oder Lebenshelferin für Senioren nicht als Pflegekraft (oder als Pflegeassistent/Pflegeassistentin) arbeiten. Dementsprechend benötigen Sie nicht zwingend eine Ausbildung im sozialen Bereich, der Pflegebegleitung oder der Seniorenbetreuung (wie z. B. Altenpfleger/Altenpflegerin oder Hauswirtschafter/Hauswirtschafterin). Stattdessen bietet die SeniorenLebenshilfe Ihnen als Quereinsteiger zahlreiche Schulungen an, um Sie auf Ihre Tätigkeit als Lebenshelfer vorzubereiten. Zu Ihren Aufgaben zählen zum Beispiel: Unterstützung Ihrer Senioren als Alltagsbegleiter/Alltagsbegleiterin Begleitung zum Arzt oder zu anderen Terminen mit Ihrem PKW Einkäufe, Einlösen von Rezepten etc. Hauswirtschafter/in oder Haushaltshilfe für Senioren, z. B. Essen kochen, saubermachen Unterstützung im Kontakt mit Behörden, Krankenschwester/Krankenpfleger etc. Freizeitgestaltung und vertrauensvolle Gespräche Erstberatung bei interessierten Senioren, telefonische Beratung von Neukunden Organisation Ihres Homeoffice und Ihrer Termine eigenverantwortliche Leistungserfassung und Rechnungslegung Unser Versprechen ist eine Rundum-Seniorenbegleitung, die sich nach den Bedürfnissen unserer Kunden richtet. Ihr ideales Profil als Lebenshelfer/Lebenshelferin Vielleicht haben Sie bereits in einem sozialen Beruf gearbeitet, etwa als Krankenschwester/Krankenpfleger, Altenpfleger/Altenpflegerin oder Pflegehelfer/Pflegehelferin. Aber auch wenn Sie keine Erfahrung in einem Pflegeberuf haben, ist ein Quereinstieg für Sie möglich. Vielleicht blicken Sie auf langjährige Berufspraxis zurück und möchten neuen Sinn in Ihr Arbeitsleben bringen. Oder Sie haben sich in den letzten Jahren intensiv Ihrer Familie gewidmet und suchen einen beruflichen Wiedereinstieg? Uns ist vor allem eines wichtig: Dass Ihnen die Arbeit mit Menschen - insbesondere mit Senioren - eine Herzensangelegenheit ist. Außerdem setzen wir Folgendes voraus: eine herzliche, aufmerksame und fürsorgliche Art sehr gute kommunikative Fähigkeiten gutes Allgemeinwissen, gern im sozialen Bereich viel Ruhe und Geduld als Seniorenbetreuer selbstbewusstes und zielstrebiges Arbeiten Bereitschaft, sich selbstständig zu machen Einsatzbereitschaft, Flexibilität und Verantwortungsbewusstsein PKW-Führerschein der Klasse B Grundkenntnisse im Umgang mit PC und Internet Unterstützen Sie Senioren: Werden Sie Lebenshelfer bei der SeniorenLebenshilfe! Unsere LebenshelferINNEN betreuen deutschlandweit Senioren, die Unterstützung im Alltag benötigen. Unsere Vision: Wir ermöglichen Senioren ein würdevolles, selbstbestimmtes Leben im eigenen Zuhause. Unsere Lebenshelfer sind vertraute Ansprechpartner für unsere Senioren: Alltagsbegleiter, Hauswirtschafter und Freizeitgestalter in einer Person - einfach eine umfassende Unterstützung im gesamten sozialen Bereich. Als Lebenshelfer für Senioren sind Sie auf freiberuflicher Basis oder selbstständig tätig. Sie genießen also die Vorteile einer Selbstständigkeit, z. B. flexible Arbeitszeiten und selbstbestimmtes Arbeiten. Gleichzeitig profitieren Sie vom Franchise-Konzept der SeniorenLebenshilfe: Wir helfen Ihnen beim Aufbau Ihrer Selbständigkeit oder Freiberuflichkeit und unterstützen Sie unter anderem bei der Kundengewinnung, der finanziellen Absicherung, aber auch im Bereich Weiterbildung. Ein Einstieg als Lebenshelfer ist auch kurzfristig möglich - bei unbefristeter Vertragslaufzeit. Interessieren Sie sich für eine Tätigkeit als Lebenshelfer oder Lebenshelferin für Senioren - vielleicht auch im Quereinstieg? Dann fordern Sie jetzt unsere Broschüre mit weiteren Informationen an. Welche Lücke schließt die SeniorenLebenshilfe? Für pflegebedürftige Senioren steht mittlerweile ein breites Hilfsangebot zur Verfügung. Viele Menschen sind innerhalb der Pflege tätig: als Familienpfleger/Familienpflegerin, Hauswirtschafter/Hauswirtschafterin, Demenzbetreuer/Demenzbegleiter, als Pflegekraft in verschiedensten sozialen Bereichen. Ergänzende und unterstützende Berufe sind weiterhin z. B. Altenpflegehelfer/Altenpflegehelferin sowie Betreuungsassistent/Betreuungsassistentin und viele mehr. Doch viele Senioren, die keinen Betreuungshelfer oder Pflegebegleiter brauchen (und daher kein Anrecht darauf haben), sind dennoch auf Hilfe im Alltag angewiesen. Manchmal sind keine nahen Angehörigen in der Nähe, um diese Hilfe zu gewährleisten. Genau hier setzt die SeniorenLebenshilfe an. Wir schließen die vorpflegerische Lücke und ermöglichen es unseren Senioren auf diese Weise, länger ein selbstbestimmtes Leben in ihrer gewohnten Umgebung zu führen. Als Lebenshelfer oder Lebenshelferin für Senioren werden Sie Teil dieser Vision, die wir bereits erfolgreich leben. Was passiert, wenn die betreuten Senioren pflegebedürftig werden? Grundsätzlich sind Sie als Lebenshelfer als Alltagsbegleiter/Alltagsbegleiterin für Ihre Senioren tätig. Sie übernehmen also alltägliche, nicht pflegerische Aufgaben innerhalb der Seniorenbetreuung. Daher ist diese Tätigkeit auch für Quereinsteiger geeignet. Wenn Sie über eine Ausbildung innerhalb der Pflege oder Pflegebegleitung verfügen (z. B. Familienpfleger/Familienpflegerin, Krankenpflegehelfer/Krankenpflegehelferin, Pflegebegleiter oder Schwesternhelferin), dann steht es Ihnen natürlich frei, Ihre Senioren auch in dieser Hinsicht zu unterstützen. Außerdem können Sie auch zusätzlich zur häuslichen Pflege als Seniorenbetreuer tätig sein. Es gibt jedoch Situationen, in denen das nicht länger möglich ist. Dann können Sie Ihre Senioren insbesondere unterstützen, indem Sie Kontakte zu den entsprechenden Behörden herstellen. Sie können dann - gemeinsam mit eventuellen Angehörigen - dafür Sorge tragen, dass eine entsprechende Pflegefachkraft oder auch ein Demenzbetreuer/Demenzbegleiter zur Verfügung steht. Zu diesen Themen erhalten Sie natürlich sowohl Schulungen als auch kompetente Begleitung von der SeniorenLebenshilfe. Warum „Lebenshelfer""? Ein Lebenshelfer ist teils Seniorenbegleiter, teils Hauswirtschafter, teils Pflegehelfer und Alltagsbetreuer - aber er ist noch viel mehr. Ein Lebenshelfer für Senioren fungiert als Rundum-Ansprechpartner für alle Belange und packt dort an, wo es notwendig ist. Außerdem wird er zur Schnittstelle zwischen dem Senior und eventuell beteiligten Fachkräften (Krankenschwester/Krankenpfleger) oder Behörden. Häufig werden unsere Senioren und Lebenshelfer Freunde, denn ein Lebenshelfer teilt im Rahmen der Seniorenbegleitung auch die Höhen und Tiefen des Alltags - eben einfach das Leben. Dieses Leben auch im hohen Alter erfüllt und sinnvoll zu gestalten, ist Aufgabe unserer Lebenshelfer. Möchten Sie sich einer sinnvollen, erfüllenden selbstständigen Tätigkeit widmen und mit der SeniorenLebenshilfe zusammenarbeiten? Dann fordern Sie jetzt weitere Informationen an.",,,,healthcare,2026-10-07,https://www.jobs.de/jdp/lebenshelfer-f%C3%BCr-senioren----quereinstieg-als-alltagsbegleiter&&-altenpfleger-(m&&w&&d)-j3m5w86gj12s9slpf4q,6de4dfd90a79415b188245769a30aff4,Lexicon,No,,,,,Germany
"Lebenshelfer für Senioren - Quereinstieg als Alltagsbegleiter, Altenpfleger (m,w,d)",Home-based Personal Care Workers,5322,532,53,Home-based Personal Care Workers,Nordrhein-Westfalen,Stadtlohn,SeniorenLebenshilfe,,2021-03-29,Full-time,,"Lebenshelfer/in für unsere Senioren Was bietet Ihnen die SeniorenLebenshilfe? Als Lebenshelfer für Senioren sind Sie freiberuflich/auf selbstständiger Basis tätig und dennoch Teil eines deutschlandweiten Teams. Sie profitieren so zum einen von unserer jahrelangen Erfahrung in Bereichen wie Kundengewinnung, Marketing und Existenzgründung. Zum anderen geben wir Ihnen Raum, sich in diesem sozialen Beruf zu entfalten und Ihre Tatkraft und Kreativität in Ihr Arbeitsleben als Seniorenbegleiter einzubringen. Wir möchten mit Ihren Ideen und Erfahrungen unsere gemeinsame Entwicklung voranbringen. Weitere Vorteile für Sie bei der SeniorenLebenshilfe: sinnvolle, erfüllende Tätigkeit flexible, familienfreundliche Arbeitszeiten Vollzeit oder ab 25 Stunden keine Schichten und keine Wochenendarbeit Fahrzeit zum Einsatzort von max. 30 Minuten von Ihrem Wohnort aus unbefristetes Vertragsverhältnis Quereinstieg möglich (auch ohne Erfahrungen in einem sozialen Beruf) die Freiheiten einer Selbstständigkeit und die Absicherung eines Angestelltenverhältnisses persönliche, enge und vertrauensvolle Kontakte zu Ihren Senioren (und genügend Zeit dafür!) zahlreiche Weiterbildungen, z. B. fachliche und persönliche Trainings (insbesondere auch für Quereinsteiger) die Möglichkeit für persönliches Wachstum in einem gut organisierten, jungen Familienunternehmen Ihre Aufgaben als Lebenshelfer für Senioren Als Lebenshelfer sind Sie vor allem eine Art Alltagsbetreuer. Die SeniorenLebenshilfe wird vorpflegerisch tätig. Das bedeutet, dass Sie als Lebenshelfer oder Lebenshelferin für Senioren nicht als Pflegekraft (oder als Pflegeassistent/Pflegeassistentin) arbeiten. Dementsprechend benötigen Sie nicht zwingend eine Ausbildung im sozialen Bereich, der Pflegebegleitung oder der Seniorenbetreuung (wie z. B. Altenpfleger/Altenpflegerin oder Hauswirtschafter/Hauswirtschafterin). Stattdessen bietet die SeniorenLebenshilfe Ihnen als Quereinsteiger zahlreiche Schulungen an, um Sie auf Ihre Tätigkeit als Lebenshelfer vorzubereiten. Zu Ihren Aufgaben zählen zum Beispiel: Unterstützung Ihrer Senioren als Alltagsbegleiter/Alltagsbegleiterin Begleitung zum Arzt oder zu anderen Terminen mit Ihrem PKW Einkäufe, Einlösen von Rezepten etc. Hauswirtschafter/in oder Haushaltshilfe für Senioren, z. B. Essen kochen, saubermachen Unterstützung im Kontakt mit Behörden, Krankenschwester/Krankenpfleger etc. Freizeitgestaltung und vertrauensvolle Gespräche Erstberatung bei interessierten Senioren, telefonische Beratung von Neukunden Organisation Ihres Homeoffice und Ihrer Termine eigenverantwortliche Leistungserfassung und Rechnungslegung Unser Versprechen ist eine Rundum-Seniorenbegleitung, die sich nach den Bedürfnissen unserer Kunden richtet. Ihr ideales Profil als Lebenshelfer/Lebenshelferin Vielleicht haben Sie bereits in einem sozialen Beruf gearbeitet, etwa als Krankenschwester/Krankenpfleger, Altenpfleger/Altenpflegerin oder Pflegehelfer/Pflegehelferin. Aber auch wenn Sie keine Erfahrung in einem Pflegeberuf haben, ist ein Quereinstieg für Sie möglich. Vielleicht blicken Sie auf langjährige Berufspraxis zurück und möchten neuen Sinn in Ihr Arbeitsleben bringen. Oder Sie haben sich in den letzten Jahren intensiv Ihrer Familie gewidmet und suchen einen beruflichen Wiedereinstieg? Uns ist vor allem eines wichtig: Dass Ihnen die Arbeit mit Menschen - insbesondere mit Senioren - eine Herzensangelegenheit ist. Außerdem setzen wir Folgendes voraus: eine herzliche, aufmerksame und fürsorgliche Art sehr gute kommunikative Fähigkeiten gutes Allgemeinwissen, gern im sozialen Bereich viel Ruhe und Geduld als Seniorenbetreuer selbstbewusstes und zielstrebiges Arbeiten Bereitschaft, sich selbstständig zu machen Einsatzbereitschaft, Flexibilität und Verantwortungsbewusstsein PKW-Führerschein der Klasse B Grundkenntnisse im Umgang mit PC und Internet Unterstützen Sie Senioren: Werden Sie Lebenshelfer bei der SeniorenLebenshilfe! Unsere LebenshelferINNEN betreuen deutschlandweit Senioren, die Unterstützung im Alltag benötigen. Unsere Vision: Wir ermöglichen Senioren ein würdevolles, selbstbestimmtes Leben im eigenen Zuhause. Unsere Lebenshelfer sind vertraute Ansprechpartner für unsere Senioren: Alltagsbegleiter, Hauswirtschafter und Freizeitgestalter in einer Person - einfach eine umfassende Unterstützung im gesamten sozialen Bereich. Als Lebenshelfer für Senioren sind Sie auf freiberuflicher Basis oder selbstständig tätig. Sie genießen also die Vorteile einer Selbstständigkeit, z. B. flexible Arbeitszeiten und selbstbestimmtes Arbeiten. Gleichzeitig profitieren Sie vom Franchise-Konzept der SeniorenLebenshilfe: Wir helfen Ihnen beim Aufbau Ihrer Selbständigkeit oder Freiberuflichkeit und unterstützen Sie unter anderem bei der Kundengewinnung, der finanziellen Absicherung, aber auch im Bereich Weiterbildung. Ein Einstieg als Lebenshelfer ist auch kurzfristig möglich - bei unbefristeter Vertragslaufzeit. Interessieren Sie sich für eine Tätigkeit als Lebenshelfer oder Lebenshelferin für Senioren - vielleicht auch im Quereinstieg? Dann fordern Sie jetzt unsere Broschüre mit weiteren Informationen an. Welche Lücke schließt die SeniorenLebenshilfe? Für pflegebedürftige Senioren steht mittlerweile ein breites Hilfsangebot zur Verfügung. Viele Menschen sind innerhalb der Pflege tätig: als Familienpfleger/Familienpflegerin, Hauswirtschafter/Hauswirtschafterin, Demenzbetreuer/Demenzbegleiter, als Pflegekraft in verschiedensten sozialen Bereichen. Ergänzende und unterstützende Berufe sind weiterhin z. B. Altenpflegehelfer/Altenpflegehelferin sowie Betreuungsassistent/Betreuungsassistentin und viele mehr. Doch viele Senioren, die keinen Betreuungshelfer oder Pflegebegleiter brauchen (und daher kein Anrecht darauf haben), sind dennoch auf Hilfe im Alltag angewiesen. Manchmal sind keine nahen Angehörigen in der Nähe, um diese Hilfe zu gewährleisten. Genau hier setzt die SeniorenLebenshilfe an. Wir schließen die vorpflegerische Lücke und ermöglichen es unseren Senioren auf diese Weise, länger ein selbstbestimmtes Leben in ihrer gewohnten Umgebung zu führen. Als Lebenshelfer oder Lebenshelferin für Senioren werden Sie Teil dieser Vision, die wir bereits erfolgreich leben. Was passiert, wenn die betreuten Senioren pflegebedürftig werden? Grundsätzlich sind Sie als Lebenshelfer als Alltagsbegleiter/Alltagsbegleiterin für Ihre Senioren tätig. Sie übernehmen also alltägliche, nicht pflegerische Aufgaben innerhalb der Seniorenbetreuung. Daher ist diese Tätigkeit auch für Quereinsteiger geeignet. Wenn Sie über eine Ausbildung innerhalb der Pflege oder Pflegebegleitung verfügen (z. B. Familienpfleger/Familienpflegerin, Krankenpflegehelfer/Krankenpflegehelferin, Pflegebegleiter oder Schwesternhelferin), dann steht es Ihnen natürlich frei, Ihre Senioren auch in dieser Hinsicht zu unterstützen. Außerdem können Sie auch zusätzlich zur häuslichen Pflege als Seniorenbetreuer tätig sein. Es gibt jedoch Situationen, in denen das nicht länger möglich ist. Dann können Sie Ihre Senioren insbesondere unterstützen, indem Sie Kontakte zu den entsprechenden Behörden herstellen. Sie können dann - gemeinsam mit eventuellen Angehörigen - dafür Sorge tragen, dass eine entsprechende Pflegefachkraft oder auch ein Demenzbetreuer/Demenzbegleiter zur Verfügung steht. Zu diesen Themen erhalten Sie natürlich sowohl Schulungen als auch kompetente Begleitung von der SeniorenLebenshilfe. Warum „Lebenshelfer""? Ein Lebenshelfer ist teils Seniorenbegleiter, teils Hauswirtschafter, teils Pflegehelfer und Alltagsbetreuer - aber er ist noch viel mehr. Ein Lebenshelfer für Senioren fungiert als Rundum-Ansprechpartner für alle Belange und packt dort an, wo es notwendig ist. Außerdem wird er zur Schnittstelle zwischen dem Senior und eventuell beteiligten Fachkräften (Krankenschwester/Krankenpfleger) oder Behörden. Häufig werden unsere Senioren und Lebenshelfer Freunde, denn ein Lebenshelfer teilt im Rahmen der Seniorenbegleitung auch die Höhen und Tiefen des Alltags - eben einfach das Leben. Dieses Leben auch im hohen Alter erfüllt und sinnvoll zu gestalten, ist Aufgabe unserer Lebenshelfer. Möchten Sie sich einer sinnvollen, erfüllenden selbstständigen Tätigkeit widmen und mit der SeniorenLebenshilfe zusammenarbeiten? Dann fordern Sie jetzt weitere Informationen an.",,,,healthcare,2026-10-07,https://www.jobs.de/jdp/lebenshelfer-f%C3%BCr-senioren----quereinstieg-als-alltagsbegleiter&&-altenpfleger-(m&&w&&d)-j3r4dt74k91f8bwf14n,504f720193d593811d5f64467936bd2c,Lexicon,No,,,,,Germany
"Lebenshelfer für Senioren - Quereinstieg als Alltagsbegleiter, Altenpfleger (m,w,d)",Home-based Personal Care Workers,5322,532,53,Home-based Personal Care Workers,Bayern,Bad Staffelstein,SeniorenLebenshilfe,,2021-03-29,Full-time,,"Lebenshelfer/in für unsere Senioren Was bietet Ihnen die SeniorenLebenshilfe? Als Lebenshelfer für Senioren sind Sie freiberuflich/auf selbstständiger Basis tätig und dennoch Teil eines deutschlandweiten Teams. Sie profitieren so zum einen von unserer jahrelangen Erfahrung in Bereichen wie Kundengewinnung, Marketing und Existenzgründung. Zum anderen geben wir Ihnen Raum, sich in diesem sozialen Beruf zu entfalten und Ihre Tatkraft und Kreativität in Ihr Arbeitsleben als Seniorenbegleiter einzubringen. Wir möchten mit Ihren Ideen und Erfahrungen unsere gemeinsame Entwicklung voranbringen. Weitere Vorteile für Sie bei der SeniorenLebenshilfe: sinnvolle, erfüllende Tätigkeit flexible, familienfreundliche Arbeitszeiten Vollzeit oder ab 25 Stunden keine Schichten und keine Wochenendarbeit Fahrzeit zum Einsatzort von max. 30 Minuten von Ihrem Wohnort aus unbefristetes Vertragsverhältnis Quereinstieg möglich (auch ohne Erfahrungen in einem sozialen Beruf) die Freiheiten einer Selbstständigkeit und die Absicherung eines Angestelltenverhältnisses persönliche, enge und vertrauensvolle Kontakte zu Ihren Senioren (und genügend Zeit dafür!) zahlreiche Weiterbildungen, z. B. fachliche und persönliche Trainings (insbesondere auch für Quereinsteiger) die Möglichkeit für persönliches Wachstum in einem gut organisierten, jungen Familienunternehmen Ihre Aufgaben als Lebenshelfer für Senioren Als Lebenshelfer sind Sie vor allem eine Art Alltagsbetreuer. Die SeniorenLebenshilfe wird vorpflegerisch tätig. Das bedeutet, dass Sie als Lebenshelfer oder Lebenshelferin für Senioren nicht als Pflegekraft (oder als Pflegeassistent/Pflegeassistentin) arbeiten. Dementsprechend benötigen Sie nicht zwingend eine Ausbildung im sozialen Bereich, der Pflegebegleitung oder der Seniorenbetreuung (wie z. B. Altenpfleger/Altenpflegerin oder Hauswirtschafter/Hauswirtschafterin). Stattdessen bietet die SeniorenLebenshilfe Ihnen als Quereinsteiger zahlreiche Schulungen an, um Sie auf Ihre Tätigkeit als Lebenshelfer vorzubereiten. Zu Ihren Aufgaben zählen zum Beispiel: Unterstützung Ihrer Senioren als Alltagsbegleiter/Alltagsbegleiterin Begleitung zum Arzt oder zu anderen Terminen mit Ihrem PKW Einkäufe, Einlösen von Rezepten etc. Hauswirtschafter/in oder Haushaltshilfe für Senioren, z. B. Essen kochen, saubermachen Unterstützung im Kontakt mit Behörden, Krankenschwester/Krankenpfleger etc. Freizeitgestaltung und vertrauensvolle Gespräche Erstberatung bei interessierten Senioren, telefonische Beratung von Neukunden Organisation Ihres Homeoffice und Ihrer Termine eigenverantwortliche Leistungserfassung und Rechnungslegung Unser Versprechen ist eine Rundum-Seniorenbegleitung, die sich nach den Bedürfnissen unserer Kunden richtet. Ihr ideales Profil als Lebenshelfer/Lebenshelferin Vielleicht haben Sie bereits in einem sozialen Beruf gearbeitet, etwa als Krankenschwester/Krankenpfleger, Altenpfleger/Altenpflegerin oder Pflegehelfer/Pflegehelferin. Aber auch wenn Sie keine Erfahrung in einem Pflegeberuf haben, ist ein Quereinstieg für Sie möglich. Vielleicht blicken Sie auf langjährige Berufspraxis zurück und möchten neuen Sinn in Ihr Arbeitsleben bringen. Oder Sie haben sich in den letzten Jahren intensiv Ihrer Familie gewidmet und suchen einen beruflichen Wiedereinstieg? Uns ist vor allem eines wichtig: Dass Ihnen die Arbeit mit Menschen - insbesondere mit Senioren - eine Herzensangelegenheit ist. Außerdem setzen wir Folgendes voraus: eine herzliche, aufmerksame und fürsorgliche Art sehr gute kommunikative Fähigkeiten gutes Allgemeinwissen, gern im sozialen Bereich viel Ruhe und Geduld als Seniorenbetreuer selbstbewusstes und zielstrebiges Arbeiten Bereitschaft, sich selbstständig zu machen Einsatzbereitschaft, Flexibilität und Verantwortungsbewusstsein PKW-Führerschein der Klasse B Grundkenntnisse im Umgang mit PC und Internet Unterstützen Sie Senioren: Werden Sie Lebenshelfer bei der SeniorenLebenshilfe! Unsere LebenshelferINNEN betreuen deutschlandweit Senioren, die Unterstützung im Alltag benötigen. Unsere Vision: Wir ermöglichen Senioren ein würdevolles, selbstbestimmtes Leben im eigenen Zuhause. Unsere Lebenshelfer sind vertraute Ansprechpartner für unsere Senioren: Alltagsbegleiter, Hauswirtschafter und Freizeitgestalter in einer Person - einfach eine umfassende Unterstützung im gesamten sozialen Bereich. Als Lebenshelfer für Senioren sind Sie auf freiberuflicher Basis oder selbstständig tätig. Sie genießen also die Vorteile einer Selbstständigkeit, z. B. flexible Arbeitszeiten und selbstbestimmtes Arbeiten. Gleichzeitig profitieren Sie vom Franchise-Konzept der SeniorenLebenshilfe: Wir helfen Ihnen beim Aufbau Ihrer Selbständigkeit oder Freiberuflichkeit und unterstützen Sie unter anderem bei der Kundengewinnung, der finanziellen Absicherung, aber auch im Bereich Weiterbildung. Ein Einstieg als Lebenshelfer ist auch kurzfristig möglich - bei unbefristeter Vertragslaufzeit. Interessieren Sie sich für eine Tätigkeit als Lebenshelfer oder Lebenshelferin für Senioren - vielleicht auch im Quereinstieg? Dann fordern Sie jetzt unsere Broschüre mit weiteren Informationen an. Welche Lücke schließt die SeniorenLebenshilfe? Für pflegebedürftige Senioren steht mittlerweile ein breites Hilfsangebot zur Verfügung. Viele Menschen sind innerhalb der Pflege tätig: als Familienpfleger/Familienpflegerin, Hauswirtschafter/Hauswirtschafterin, Demenzbetreuer/Demenzbegleiter, als Pflegekraft in verschiedensten sozialen Bereichen. Ergänzende und unterstützende Berufe sind weiterhin z. B. Altenpflegehelfer/Altenpflegehelferin sowie Betreuungsassistent/Betreuungsassistentin und viele mehr. Doch viele Senioren, die keinen Betreuungshelfer oder Pflegebegleiter brauchen (und daher kein Anrecht darauf haben), sind dennoch auf Hilfe im Alltag angewiesen. Manchmal sind keine nahen Angehörigen in der Nähe, um diese Hilfe zu gewährleisten. Genau hier setzt die SeniorenLebenshilfe an. Wir schließen die vorpflegerische Lücke und ermöglichen es unseren Senioren auf diese Weise, länger ein selbstbestimmtes Leben in ihrer gewohnten Umgebung zu führen. Als Lebenshelfer oder Lebenshelferin für Senioren werden Sie Teil dieser Vision, die wir bereits erfolgreich leben. Was passiert, wenn die betreuten Senioren pflegebedürftig werden? Grundsätzlich sind Sie als Lebenshelfer als Alltagsbegleiter/Alltagsbegleiterin für Ihre Senioren tätig. Sie übernehmen also alltägliche, nicht pflegerische Aufgaben innerhalb der Seniorenbetreuung. Daher ist diese Tätigkeit auch für Quereinsteiger geeignet. Wenn Sie über eine Ausbildung innerhalb der Pflege oder Pflegebegleitung verfügen (z. B. Familienpfleger/Familienpflegerin, Krankenpflegehelfer/Krankenpflegehelferin, Pflegebegleiter oder Schwesternhelferin), dann steht es Ihnen natürlich frei, Ihre Senioren auch in dieser Hinsicht zu unterstützen. Außerdem können Sie auch zusätzlich zur häuslichen Pflege als Seniorenbetreuer tätig sein. Es gibt jedoch Situationen, in denen das nicht länger möglich ist. Dann können Sie Ihre Senioren insbesondere unterstützen, indem Sie Kontakte zu den entsprechenden Behörden herstellen. Sie können dann - gemeinsam mit eventuellen Angehörigen - dafür Sorge tragen, dass eine entsprechende Pflegefachkraft oder auch ein Demenzbetreuer/Demenzbegleiter zur Verfügung steht. Zu diesen Themen erhalten Sie natürlich sowohl Schulungen als auch kompetente Begleitung von der SeniorenLebenshilfe. Warum „Lebenshelfer""? Ein Lebenshelfer ist teils Seniorenbegleiter, teils Hauswirtschafter, teils Pflegehelfer und Alltagsbetreuer - aber er ist noch viel mehr. Ein Lebenshelfer für Senioren fungiert als Rundum-Ansprechpartner für alle Belange und packt dort an, wo es notwendig ist. Außerdem wird er zur Schnittstelle zwischen dem Senior und eventuell beteiligten Fachkräften (Krankenschwester/Krankenpfleger) oder Behörden. Häufig werden unsere Senioren und Lebenshelfer Freunde, denn ein Lebenshelfer teilt im Rahmen der Seniorenbegleitung auch die Höhen und Tiefen des Alltags - eben einfach das Leben. Dieses Leben auch im hohen Alter erfüllt und sinnvoll zu gestalten, ist Aufgabe unserer Lebenshelfer. Möchten Sie sich einer sinnvollen, erfüllenden selbstständigen Tätigkeit widmen und mit der SeniorenLebenshilfe zusammenarbeiten? Dann fordern Sie jetzt weitere Informationen an.",,,,healthcare,2026-10-07,https://www.jobs.de/jdp/lebenshelfer-f%C3%BCr-senioren----quereinstieg-als-alltagsbegleiter&&-altenpfleger-(m&&w&&d)-j3r1lv5zbl3wk4vcj7k,e8d5cc98b26cdd558de908194397196b,Lexicon,No,,,,,Germany
"Lebenshelfer für Senioren - Quereinstieg als Alltagsbegleiter, Altenpfleger (m,w,d)",Home-based Personal Care Workers,5322,532,53,Home-based Personal Care Workers,Bayern,Heideck,SeniorenLebenshilfe,,2021-03-29,Full-time,,"Lebenshelfer/in für unsere Senioren Was bietet Ihnen die SeniorenLebenshilfe? Als Lebenshelfer für Senioren sind Sie freiberuflich/auf selbstständiger Basis tätig und dennoch Teil eines deutschlandweiten Teams. Sie profitieren so zum einen von unserer jahrelangen Erfahrung in Bereichen wie Kundengewinnung, Marketing und Existenzgründung. Zum anderen geben wir Ihnen Raum, sich in diesem sozialen Beruf zu entfalten und Ihre Tatkraft und Kreativität in Ihr Arbeitsleben als Seniorenbegleiter einzubringen. Wir möchten mit Ihren Ideen und Erfahrungen unsere gemeinsame Entwicklung voranbringen. Weitere Vorteile für Sie bei der SeniorenLebenshilfe: sinnvolle, erfüllende Tätigkeit flexible, familienfreundliche Arbeitszeiten Vollzeit oder ab 25 Stunden keine Schichten und keine Wochenendarbeit Fahrzeit zum Einsatzort von max. 30 Minuten von Ihrem Wohnort aus unbefristetes Vertragsverhältnis Quereinstieg möglich (auch ohne Erfahrungen in einem sozialen Beruf) die Freiheiten einer Selbstständigkeit und die Absicherung eines Angestelltenverhältnisses persönliche, enge und vertrauensvolle Kontakte zu Ihren Senioren (und genügend Zeit dafür!) zahlreiche Weiterbildungen, z. B. fachliche und persönliche Trainings (insbesondere auch für Quereinsteiger) die Möglichkeit für persönliches Wachstum in einem gut organisierten, jungen Familienunternehmen Ihre Aufgaben als Lebenshelfer für Senioren Als Lebenshelfer sind Sie vor allem eine Art Alltagsbetreuer. Die SeniorenLebenshilfe wird vorpflegerisch tätig. Das bedeutet, dass Sie als Lebenshelfer oder Lebenshelferin für Senioren nicht als Pflegekraft (oder als Pflegeassistent/Pflegeassistentin) arbeiten. Dementsprechend benötigen Sie nicht zwingend eine Ausbildung im sozialen Bereich, der Pflegebegleitung oder der Seniorenbetreuung (wie z. B. Altenpfleger/Altenpflegerin oder Hauswirtschafter/Hauswirtschafterin). Stattdessen bietet die SeniorenLebenshilfe Ihnen als Quereinsteiger zahlreiche Schulungen an, um Sie auf Ihre Tätigkeit als Lebenshelfer vorzubereiten. Zu Ihren Aufgaben zählen zum Beispiel: Unterstützung Ihrer Senioren als Alltagsbegleiter/Alltagsbegleiterin Begleitung zum Arzt oder zu anderen Terminen mit Ihrem PKW Einkäufe, Einlösen von Rezepten etc. Hauswirtschafter/in oder Haushaltshilfe für Senioren, z. B. Essen kochen, saubermachen Unterstützung im Kontakt mit Behörden, Krankenschwester/Krankenpfleger etc. Freizeitgestaltung und vertrauensvolle Gespräche Erstberatung bei interessierten Senioren, telefonische Beratung von Neukunden Organisation Ihres Homeoffice und Ihrer Termine eigenverantwortliche Leistungserfassung und Rechnungslegung Unser Versprechen ist eine Rundum-Seniorenbegleitung, die sich nach den Bedürfnissen unserer Kunden richtet. Ihr ideales Profil als Lebenshelfer/Lebenshelferin Vielleicht haben Sie bereits in einem sozialen Beruf gearbeitet, etwa als Krankenschwester/Krankenpfleger, Altenpfleger/Altenpflegerin oder Pflegehelfer/Pflegehelferin. Aber auch wenn Sie keine Erfahrung in einem Pflegeberuf haben, ist ein Quereinstieg für Sie möglich. Vielleicht blicken Sie auf langjährige Berufspraxis zurück und möchten neuen Sinn in Ihr Arbeitsleben bringen. Oder Sie haben sich in den letzten Jahren intensiv Ihrer Familie gewidmet und suchen einen beruflichen Wiedereinstieg? Uns ist vor allem eines wichtig: Dass Ihnen die Arbeit mit Menschen - insbesondere mit Senioren - eine Herzensangelegenheit ist. Außerdem setzen wir Folgendes voraus: eine herzliche, aufmerksame und fürsorgliche Art sehr gute kommunikative Fähigkeiten gutes Allgemeinwissen, gern im sozialen Bereich viel Ruhe und Geduld als Seniorenbetreuer selbstbewusstes und zielstrebiges Arbeiten Bereitschaft, sich selbstständig zu machen Einsatzbereitschaft, Flexibilität und Verantwortungsbewusstsein PKW-Führerschein der Klasse B Grundkenntnisse im Umgang mit PC und Internet Unterstützen Sie Senioren: Werden Sie Lebenshelfer bei der SeniorenLebenshilfe! Unsere LebenshelferINNEN betreuen deutschlandweit Senioren, die Unterstützung im Alltag benötigen. Unsere Vision: Wir ermöglichen Senioren ein würdevolles, selbstbestimmtes Leben im eigenen Zuhause. Unsere Lebenshelfer sind vertraute Ansprechpartner für unsere Senioren: Alltagsbegleiter, Hauswirtschafter und Freizeitgestalter in einer Person - einfach eine umfassende Unterstützung im gesamten sozialen Bereich. Als Lebenshelfer für Senioren sind Sie auf freiberuflicher Basis oder selbstständig tätig. Sie genießen also die Vorteile einer Selbstständigkeit, z. B. flexible Arbeitszeiten und selbstbestimmtes Arbeiten. Gleichzeitig profitieren Sie vom Franchise-Konzept der SeniorenLebenshilfe: Wir helfen Ihnen beim Aufbau Ihrer Selbständigkeit oder Freiberuflichkeit und unterstützen Sie unter anderem bei der Kundengewinnung, der finanziellen Absicherung, aber auch im Bereich Weiterbildung. Ein Einstieg als Lebenshelfer ist auch kurzfristig möglich - bei unbefristeter Vertragslaufzeit. Interessieren Sie sich für eine Tätigkeit als Lebenshelfer oder Lebenshelferin für Senioren - vielleicht auch im Quereinstieg? Dann fordern Sie jetzt unsere Broschüre mit weiteren Informationen an. Welche Lücke schließt die SeniorenLebenshilfe? Für pflegebedürftige Senioren steht mittlerweile ein breites Hilfsangebot zur Verfügung. Viele Menschen sind innerhalb der Pflege tätig: als Familienpfleger/Familienpflegerin, Hauswirtschafter/Hauswirtschafterin, Demenzbetreuer/Demenzbegleiter, als Pflegekraft in verschiedensten sozialen Bereichen. Ergänzende und unterstützende Berufe sind weiterhin z. B. Altenpflegehelfer/Altenpflegehelferin sowie Betreuungsassistent/Betreuungsassistentin und viele mehr. Doch viele Senioren, die keinen Betreuungshelfer oder Pflegebegleiter brauchen (und daher kein Anrecht darauf haben), sind dennoch auf Hilfe im Alltag angewiesen. Manchmal sind keine nahen Angehörigen in der Nähe, um diese Hilfe zu gewährleisten. Genau hier setzt die SeniorenLebenshilfe an. Wir schließen die vorpflegerische Lücke und ermöglichen es unseren Senioren auf diese Weise, länger ein selbstbestimmtes Leben in ihrer gewohnten Umgebung zu führen. Als Lebenshelfer oder Lebenshelferin für Senioren werden Sie Teil dieser Vision, die wir bereits erfolgreich leben. Was passiert, wenn die betreuten Senioren pflegebedürftig werden? Grundsätzlich sind Sie als Lebenshelfer als Alltagsbegleiter/Alltagsbegleiterin für Ihre Senioren tätig. Sie übernehmen also alltägliche, nicht pflegerische Aufgaben innerhalb der Seniorenbetreuung. Daher ist diese Tätigkeit auch für Quereinsteiger geeignet. Wenn Sie über eine Ausbildung innerhalb der Pflege oder Pflegebegleitung verfügen (z. B. Familienpfleger/Familienpflegerin, Krankenpflegehelfer/Krankenpflegehelferin, Pflegebegleiter oder Schwesternhelferin), dann steht es Ihnen natürlich frei, Ihre Senioren auch in dieser Hinsicht zu unterstützen. Außerdem können Sie auch zusätzlich zur häuslichen Pflege als Seniorenbetreuer tätig sein. Es gibt jedoch Situationen, in denen das nicht länger möglich ist. Dann können Sie Ihre Senioren insbesondere unterstützen, indem Sie Kontakte zu den entsprechenden Behörden herstellen. Sie können dann - gemeinsam mit eventuellen Angehörigen - dafür Sorge tragen, dass eine entsprechende Pflegefachkraft oder auch ein Demenzbetreuer/Demenzbegleiter zur Verfügung steht. Zu diesen Themen erhalten Sie natürlich sowohl Schulungen als auch kompetente Begleitung von der SeniorenLebenshilfe. Warum „Lebenshelfer""? Ein Lebenshelfer ist teils Seniorenbegleiter, teils Hauswirtschafter, teils Pflegehelfer und Alltagsbetreuer - aber er ist noch viel mehr. Ein Lebenshelfer für Senioren fungiert als Rundum-Ansprechpartner für alle Belange und packt dort an, wo es notwendig ist. Außerdem wird er zur Schnittstelle zwischen dem Senior und eventuell beteiligten Fachkräften (Krankenschwester/Krankenpfleger) oder Behörden. Häufig werden unsere Senioren und Lebenshelfer Freunde, denn ein Lebenshelfer teilt im Rahmen der Seniorenbegleitung auch die Höhen und Tiefen des Alltags - eben einfach das Leben. Dieses Leben auch im hohen Alter erfüllt und sinnvoll zu gestalten, ist Aufgabe unserer Lebenshelfer. Möchten Sie sich einer sinnvollen, erfüllenden selbstständigen Tätigkeit widmen und mit der SeniorenLebenshilfe zusammenarbeiten? Dann fordern Sie jetzt weitere Informationen an.",,,,healthcare,2026-10-07,https://www.jobs.de/jdp/lebenshelfer-f%C3%BCr-senioren----quereinstieg-als-alltagsbegleiter&&-altenpfleger-(m&&w&&d)-j3m59t6wc0q4w4fz152,4dba99db14fd1c4a0fbd17e5b820e66a,Lexicon,No,,,,,Germany
"Lebenshelfer für Senioren - Quereinstieg als Alltagsbegleiter, Altenpfleger (m,w,d)",Home-based Personal Care Workers,5322,532,53,Home-based Personal Care Workers,Hessen,Eschwege,SeniorenLebenshilfe,,2021-03-29,Full-time,,"Lebenshelfer/in für unsere Senioren Was bietet Ihnen die SeniorenLebenshilfe? Als Lebenshelfer für Senioren sind Sie freiberuflich/auf selbstständiger Basis tätig und dennoch Teil eines deutschlandweiten Teams. Sie profitieren so zum einen von unserer jahrelangen Erfahrung in Bereichen wie Kundengewinnung, Marketing und Existenzgründung. Zum anderen geben wir Ihnen Raum, sich in diesem sozialen Beruf zu entfalten und Ihre Tatkraft und Kreativität in Ihr Arbeitsleben als Seniorenbegleiter einzubringen. Wir möchten mit Ihren Ideen und Erfahrungen unsere gemeinsame Entwicklung voranbringen. Weitere Vorteile für Sie bei der SeniorenLebenshilfe: sinnvolle, erfüllende Tätigkeit flexible, familienfreundliche Arbeitszeiten Vollzeit oder ab 25 Stunden keine Schichten und keine Wochenendarbeit Fahrzeit zum Einsatzort von max. 30 Minuten von Ihrem Wohnort aus unbefristetes Vertragsverhältnis Quereinstieg möglich (auch ohne Erfahrungen in einem sozialen Beruf) die Freiheiten einer Selbstständigkeit und die Absicherung eines Angestelltenverhältnisses persönliche, enge und vertrauensvolle Kontakte zu Ihren Senioren (und genügend Zeit dafür!) zahlreiche Weiterbildungen, z. B. fachliche und persönliche Trainings (insbesondere auch für Quereinsteiger) die Möglichkeit für persönliches Wachstum in einem gut organisierten, jungen Familienunternehmen Ihre Aufgaben als Lebenshelfer für Senioren Als Lebenshelfer sind Sie vor allem eine Art Alltagsbetreuer. Die SeniorenLebenshilfe wird vorpflegerisch tätig. Das bedeutet, dass Sie als Lebenshelfer oder Lebenshelferin für Senioren nicht als Pflegekraft (oder als Pflegeassistent/Pflegeassistentin) arbeiten. Dementsprechend benötigen Sie nicht zwingend eine Ausbildung im sozialen Bereich, der Pflegebegleitung oder der Seniorenbetreuung (wie z. B. Altenpfleger/Altenpflegerin oder Hauswirtschafter/Hauswirtschafterin). Stattdessen bietet die SeniorenLebenshilfe Ihnen als Quereinsteiger zahlreiche Schulungen an, um Sie auf Ihre Tätigkeit als Lebenshelfer vorzubereiten. Zu Ihren Aufgaben zählen zum Beispiel: Unterstützung Ihrer Senioren als Alltagsbegleiter/Alltagsbegleiterin Begleitung zum Arzt oder zu anderen Terminen mit Ihrem PKW Einkäufe, Einlösen von Rezepten etc. Hauswirtschafter/in oder Haushaltshilfe für Senioren, z. B. Essen kochen, saubermachen Unterstützung im Kontakt mit Behörden, Krankenschwester/Krankenpfleger etc. Freizeitgestaltung und vertrauensvolle Gespräche Erstberatung bei interessierten Senioren, telefonische Beratung von Neukunden Organisation Ihres Homeoffice und Ihrer Termine eigenverantwortliche Leistungserfassung und Rechnungslegung Unser Versprechen ist eine Rundum-Seniorenbegleitung, die sich nach den Bedürfnissen unserer Kunden richtet. Ihr ideales Profil als Lebenshelfer/Lebenshelferin Vielleicht haben Sie bereits in einem sozialen Beruf gearbeitet, etwa als Krankenschwester/Krankenpfleger, Altenpfleger/Altenpflegerin oder Pflegehelfer/Pflegehelferin. Aber auch wenn Sie keine Erfahrung in einem Pflegeberuf haben, ist ein Quereinstieg für Sie möglich. Vielleicht blicken Sie auf langjährige Berufspraxis zurück und möchten neuen Sinn in Ihr Arbeitsleben bringen. Oder Sie haben sich in den letzten Jahren intensiv Ihrer Familie gewidmet und suchen einen beruflichen Wiedereinstieg? Uns ist vor allem eines wichtig: Dass Ihnen die Arbeit mit Menschen - insbesondere mit Senioren - eine Herzensangelegenheit ist. Außerdem setzen wir Folgendes voraus: eine herzliche, aufmerksame und fürsorgliche Art sehr gute kommunikative Fähigkeiten gutes Allgemeinwissen, gern im sozialen Bereich viel Ruhe und Geduld als Seniorenbetreuer selbstbewusstes und zielstrebiges Arbeiten Bereitschaft, sich selbstständig zu machen Einsatzbereitschaft, Flexibilität und Verantwortungsbewusstsein PKW-Führerschein der Klasse B Grundkenntnisse im Umgang mit PC und Internet Unterstützen Sie Senioren: Werden Sie Lebenshelfer bei der SeniorenLebenshilfe! Unsere LebenshelferINNEN betreuen deutschlandweit Senioren, die Unterstützung im Alltag benötigen. Unsere Vision: Wir ermöglichen Senioren ein würdevolles, selbstbestimmtes Leben im eigenen Zuhause. Unsere Lebenshelfer sind vertraute Ansprechpartner für unsere Senioren: Alltagsbegleiter, Hauswirtschafter und Freizeitgestalter in einer Person - einfach eine umfassende Unterstützung im gesamten sozialen Bereich. Als Lebenshelfer für Senioren sind Sie auf freiberuflicher Basis oder selbstständig tätig. Sie genießen also die Vorteile einer Selbstständigkeit, z. B. flexible Arbeitszeiten und selbstbestimmtes Arbeiten. Gleichzeitig profitieren Sie vom Franchise-Konzept der SeniorenLebenshilfe: Wir helfen Ihnen beim Aufbau Ihrer Selbständigkeit oder Freiberuflichkeit und unterstützen Sie unter anderem bei der Kundengewinnung, der finanziellen Absicherung, aber auch im Bereich Weiterbildung. Ein Einstieg als Lebenshelfer ist auch kurzfristig möglich - bei unbefristeter Vertragslaufzeit. Interessieren Sie sich für eine Tätigkeit als Lebenshelfer oder Lebenshelferin für Senioren - vielleicht auch im Quereinstieg? Dann fordern Sie jetzt unsere Broschüre mit weiteren Informationen an. Welche Lücke schließt die SeniorenLebenshilfe? Für pflegebedürftige Senioren steht mittlerweile ein breites Hilfsangebot zur Verfügung. Viele Menschen sind innerhalb der Pflege tätig: als Familienpfleger/Familienpflegerin, Hauswirtschafter/Hauswirtschafterin, Demenzbetreuer/Demenzbegleiter, als Pflegekraft in verschiedensten sozialen Bereichen. Ergänzende und unterstützende Berufe sind weiterhin z. B. Altenpflegehelfer/Altenpflegehelferin sowie Betreuungsassistent/Betreuungsassistentin und viele mehr. Doch viele Senioren, die keinen Betreuungshelfer oder Pflegebegleiter brauchen (und daher kein Anrecht darauf haben), sind dennoch auf Hilfe im Alltag angewiesen. Manchmal sind keine nahen Angehörigen in der Nähe, um diese Hilfe zu gewährleisten. Genau hier setzt die SeniorenLebenshilfe an. Wir schließen die vorpflegerische Lücke und ermöglichen es unseren Senioren auf diese Weise, länger ein selbstbestimmtes Leben in ihrer gewohnten Umgebung zu führen. Als Lebenshelfer oder Lebenshelferin für Senioren werden Sie Teil dieser Vision, die wir bereits erfolgreich leben. Was passiert, wenn die betreuten Senioren pflegebedürftig werden? Grundsätzlich sind Sie als Lebenshelfer als Alltagsbegleiter/Alltagsbegleiterin für Ihre Senioren tätig. Sie übernehmen also alltägliche, nicht pflegerische Aufgaben innerhalb der Seniorenbetreuung. Daher ist diese Tätigkeit auch für Quereinsteiger geeignet. Wenn Sie über eine Ausbildung innerhalb der Pflege oder Pflegebegleitung verfügen (z. B. Familienpfleger/Familienpflegerin, Krankenpflegehelfer/Krankenpflegehelferin, Pflegebegleiter oder Schwesternhelferin), dann steht es Ihnen natürlich frei, Ihre Senioren auch in dieser Hinsicht zu unterstützen. Außerdem können Sie auch zusätzlich zur häuslichen Pflege als Seniorenbetreuer tätig sein. Es gibt jedoch Situationen, in denen das nicht länger möglich ist. Dann können Sie Ihre Senioren insbesondere unterstützen, indem Sie Kontakte zu den entsprechenden Behörden herstellen. Sie können dann - gemeinsam mit eventuellen Angehörigen - dafür Sorge tragen, dass eine entsprechende Pflegefachkraft oder auch ein Demenzbetreuer/Demenzbegleiter zur Verfügung steht. Zu diesen Themen erhalten Sie natürlich sowohl Schulungen als auch kompetente Begleitung von der SeniorenLebenshilfe. Warum „Lebenshelfer""? Ein Lebenshelfer ist teils Seniorenbegleiter, teils Hauswirtschafter, teils Pflegehelfer und Alltagsbetreuer - aber er ist noch viel mehr. Ein Lebenshelfer für Senioren fungiert als Rundum-Ansprechpartner für alle Belange und packt dort an, wo es notwendig ist. Außerdem wird er zur Schnittstelle zwischen dem Senior und eventuell beteiligten Fachkräften (Krankenschwester/Krankenpfleger) oder Behörden. Häufig werden unsere Senioren und Lebenshelfer Freunde, denn ein Lebenshelfer teilt im Rahmen der Seniorenbegleitung auch die Höhen und Tiefen des Alltags - eben einfach das Leben. Dieses Leben auch im hohen Alter erfüllt und sinnvoll zu gestalten, ist Aufgabe unserer Lebenshelfer. Möchten Sie sich einer sinnvollen, erfüllenden selbstständigen Tätigkeit widmen und mit der SeniorenLebenshilfe zusammenarbeiten? Dann fordern Sie jetzt weitere Informationen an.",,,,healthcare,2026-10-07,https://www.jobs.de/jdp/lebenshelfer-f%C3%BCr-senioren----quereinstieg-als-alltagsbegleiter&&-altenpfleger-(m&&w&&d)-j3w7876q20nj693xxnx,873e20c64ab01c47328e59e6112035e7,Lexicon,No,,,,,Germany
"Lebenshelfer für Senioren - Quereinstieg als Alltagsbegleiter, Altenpfleger (m,w,d)",Home-based Personal Care Workers,5322,532,53,Home-based Personal Care Workers,Baden-Württemberg,Donaueschingen,SeniorenLebenshilfe,,2021-03-29,Full-time,,"Lebenshelfer/in für unsere Senioren Was bietet Ihnen die SeniorenLebenshilfe? Als Lebenshelfer für Senioren sind Sie freiberuflich/auf selbstständiger Basis tätig und dennoch Teil eines deutschlandweiten Teams. Sie profitieren so zum einen von unserer jahrelangen Erfahrung in Bereichen wie Kundengewinnung, Marketing und Existenzgründung. Zum anderen geben wir Ihnen Raum, sich in diesem sozialen Beruf zu entfalten und Ihre Tatkraft und Kreativität in Ihr Arbeitsleben als Seniorenbegleiter einzubringen. Wir möchten mit Ihren Ideen und Erfahrungen unsere gemeinsame Entwicklung voranbringen. Weitere Vorteile für Sie bei der SeniorenLebenshilfe: sinnvolle, erfüllende Tätigkeit flexible, familienfreundliche Arbeitszeiten Vollzeit oder ab 25 Stunden keine Schichten und keine Wochenendarbeit Fahrzeit zum Einsatzort von max. 30 Minuten von Ihrem Wohnort aus unbefristetes Vertragsverhältnis Quereinstieg möglich (auch ohne Erfahrungen in einem sozialen Beruf) die Freiheiten einer Selbstständigkeit und die Absicherung eines Angestelltenverhältnisses persönliche, enge und vertrauensvolle Kontakte zu Ihren Senioren (und genügend Zeit dafür!) zahlreiche Weiterbildungen, z. B. fachliche und persönliche Trainings (insbesondere auch für Quereinsteiger) die Möglichkeit für persönliches Wachstum in einem gut organisierten, jungen Familienunternehmen Ihre Aufgaben als Lebenshelfer für Senioren Als Lebenshelfer sind Sie vor allem eine Art Alltagsbetreuer. Die SeniorenLebenshilfe wird vorpflegerisch tätig. Das bedeutet, dass Sie als Lebenshelfer oder Lebenshelferin für Senioren nicht als Pflegekraft (oder als Pflegeassistent/Pflegeassistentin) arbeiten. Dementsprechend benötigen Sie nicht zwingend eine Ausbildung im sozialen Bereich, der Pflegebegleitung oder der Seniorenbetreuung (wie z. B. Altenpfleger/Altenpflegerin oder Hauswirtschafter/Hauswirtschafterin). Stattdessen bietet die SeniorenLebenshilfe Ihnen als Quereinsteiger zahlreiche Schulungen an, um Sie auf Ihre Tätigkeit als Lebenshelfer vorzubereiten. Zu Ihren Aufgaben zählen zum Beispiel: Unterstützung Ihrer Senioren als Alltagsbegleiter/Alltagsbegleiterin Begleitung zum Arzt oder zu anderen Terminen mit Ihrem PKW Einkäufe, Einlösen von Rezepten etc. Hauswirtschafter/in oder Haushaltshilfe für Senioren, z. B. Essen kochen, saubermachen Unterstützung im Kontakt mit Behörden, Krankenschwester/Krankenpfleger etc. Freizeitgestaltung und vertrauensvolle Gespräche Erstberatung bei interessierten Senioren, telefonische Beratung von Neukunden Organisation Ihres Homeoffice und Ihrer Termine eigenverantwortliche Leistungserfassung und Rechnungslegung Unser Versprechen ist eine Rundum-Seniorenbegleitung, die sich nach den Bedürfnissen unserer Kunden richtet. Ihr ideales Profil als Lebenshelfer/Lebenshelferin Vielleicht haben Sie bereits in einem sozialen Beruf gearbeitet, etwa als Krankenschwester/Krankenpfleger, Altenpfleger/Altenpflegerin oder Pflegehelfer/Pflegehelferin. Aber auch wenn Sie keine Erfahrung in einem Pflegeberuf haben, ist ein Quereinstieg für Sie möglich. Vielleicht blicken Sie auf langjährige Berufspraxis zurück und möchten neuen Sinn in Ihr Arbeitsleben bringen. Oder Sie haben sich in den letzten Jahren intensiv Ihrer Familie gewidmet und suchen einen beruflichen Wiedereinstieg? Uns ist vor allem eines wichtig: Dass Ihnen die Arbeit mit Menschen - insbesondere mit Senioren - eine Herzensangelegenheit ist. Außerdem setzen wir Folgendes voraus: eine herzliche, aufmerksame und fürsorgliche Art sehr gute kommunikative Fähigkeiten gutes Allgemeinwissen, gern im sozialen Bereich viel Ruhe und Geduld als Seniorenbetreuer selbstbewusstes und zielstrebiges Arbeiten Bereitschaft, sich selbstständig zu machen Einsatzbereitschaft, Flexibilität und Verantwortungsbewusstsein PKW-Führerschein der Klasse B Grundkenntnisse im Umgang mit PC und Internet Unterstützen Sie Senioren: Werden Sie Lebenshelfer bei der SeniorenLebenshilfe! Unsere LebenshelferINNEN betreuen deutschlandweit Senioren, die Unterstützung im Alltag benötigen. Unsere Vision: Wir ermöglichen Senioren ein würdevolles, selbstbestimmtes Leben im eigenen Zuhause. Unsere Lebenshelfer sind vertraute Ansprechpartner für unsere Senioren: Alltagsbegleiter, Hauswirtschafter und Freizeitgestalter in einer Person - einfach eine umfassende Unterstützung im gesamten sozialen Bereich. Als Lebenshelfer für Senioren sind Sie auf freiberuflicher Basis oder selbstständig tätig. Sie genießen also die Vorteile einer Selbstständigkeit, z. B. flexible Arbeitszeiten und selbstbestimmtes Arbeiten. Gleichzeitig profitieren Sie vom Franchise-Konzept der SeniorenLebenshilfe: Wir helfen Ihnen beim Aufbau Ihrer Selbständigkeit oder Freiberuflichkeit und unterstützen Sie unter anderem bei der Kundengewinnung, der finanziellen Absicherung, aber auch im Bereich Weiterbildung. Ein Einstieg als Lebenshelfer ist auch kurzfristig möglich - bei unbefristeter Vertragslaufzeit. Interessieren Sie sich für eine Tätigkeit als Lebenshelfer oder Lebenshelferin für Senioren - vielleicht auch im Quereinstieg? Dann fordern Sie jetzt unsere Broschüre mit weiteren Informationen an. Welche Lücke schließt die SeniorenLebenshilfe? Für pflegebedürftige Senioren steht mittlerweile ein breites Hilfsangebot zur Verfügung. Viele Menschen sind innerhalb der Pflege tätig: als Familienpfleger/Familienpflegerin, Hauswirtschafter/Hauswirtschafterin, Demenzbetreuer/Demenzbegleiter, als Pflegekraft in verschiedensten sozialen Bereichen. Ergänzende und unterstützende Berufe sind weiterhin z. B. Altenpflegehelfer/Altenpflegehelferin sowie Betreuungsassistent/Betreuungsassistentin und viele mehr. Doch viele Senioren, die keinen Betreuungshelfer oder Pflegebegleiter brauchen (und daher kein Anrecht darauf haben), sind dennoch auf Hilfe im Alltag angewiesen. Manchmal sind keine nahen Angehörigen in der Nähe, um diese Hilfe zu gewährleisten. Genau hier setzt die SeniorenLebenshilfe an. Wir schließen die vorpflegerische Lücke und ermöglichen es unseren Senioren auf diese Weise, länger ein selbstbestimmtes Leben in ihrer gewohnten Umgebung zu führen. Als Lebenshelfer oder Lebenshelferin für Senioren werden Sie Teil dieser Vision, die wir bereits erfolgreich leben. Was passiert, wenn die betreuten Senioren pflegebedürftig werden? Grundsätzlich sind Sie als Lebenshelfer als Alltagsbegleiter/Alltagsbegleiterin für Ihre Senioren tätig. Sie übernehmen also alltägliche, nicht pflegerische Aufgaben innerhalb der Seniorenbetreuung. Daher ist diese Tätigkeit auch für Quereinsteiger geeignet. Wenn Sie über eine Ausbildung innerhalb der Pflege oder Pflegebegleitung verfügen (z. B. Familienpfleger/Familienpflegerin, Krankenpflegehelfer/Krankenpflegehelferin, Pflegebegleiter oder Schwesternhelferin), dann steht es Ihnen natürlich frei, Ihre Senioren auch in dieser Hinsicht zu unterstützen. Außerdem können Sie auch zusätzlich zur häuslichen Pflege als Seniorenbetreuer tätig sein. Es gibt jedoch Situationen, in denen das nicht länger möglich ist. Dann können Sie Ihre Senioren insbesondere unterstützen, indem Sie Kontakte zu den entsprechenden Behörden herstellen. Sie können dann - gemeinsam mit eventuellen Angehörigen - dafür Sorge tragen, dass eine entsprechende Pflegefachkraft oder auch ein Demenzbetreuer/Demenzbegleiter zur Verfügung steht. Zu diesen Themen erhalten Sie natürlich sowohl Schulungen als auch kompetente Begleitung von der SeniorenLebenshilfe. Warum „Lebenshelfer""? Ein Lebenshelfer ist teils Seniorenbegleiter, teils Hauswirtschafter, teils Pflegehelfer und Alltagsbetreuer - aber er ist noch viel mehr. Ein Lebenshelfer für Senioren fungiert als Rundum-Ansprechpartner für alle Belange und packt dort an, wo es notwendig ist. Außerdem wird er zur Schnittstelle zwischen dem Senior und eventuell beteiligten Fachkräften (Krankenschwester/Krankenpfleger) oder Behörden. Häufig werden unsere Senioren und Lebenshelfer Freunde, denn ein Lebenshelfer teilt im Rahmen der Seniorenbegleitung auch die Höhen und Tiefen des Alltags - eben einfach das Leben. Dieses Leben auch im hohen Alter erfüllt und sinnvoll zu gestalten, ist Aufgabe unserer Lebenshelfer. Möchten Sie sich einer sinnvollen, erfüllenden selbstständigen Tätigkeit widmen und mit der SeniorenLebenshilfe zusammenarbeiten? Dann fordern Sie jetzt weitere Informationen an.",,,,healthcare,2026-10-07,https://www.jobs.de/jdp/lebenshelfer-f%C3%BCr-senioren----quereinstieg-als-alltagsbegleiter&&-altenpfleger-(m&&w&&d)-j3s1q263sg1576pf8hk,aee98f4cf8f5854b9be6aeb60beeddba,Lexicon,No,,,,,Germany
"Lebenshelfer für Senioren - Quereinstieg als Alltagsbegleiter, Altenpfleger (m,w,d)",Home-based Personal Care Workers,5322,532,53,Home-based Personal Care Workers,Nordrhein-Westfalen,Datteln,SeniorenLebenshilfe,,2021-03-29,Full-time,,"Lebenshelfer/in für unsere Senioren Was bietet Ihnen die SeniorenLebenshilfe? Als Lebenshelfer für Senioren sind Sie freiberuflich/auf selbstständiger Basis tätig und dennoch Teil eines deutschlandweiten Teams. Sie profitieren so zum einen von unserer jahrelangen Erfahrung in Bereichen wie Kundengewinnung, Marketing und Existenzgründung. Zum anderen geben wir Ihnen Raum, sich in diesem sozialen Beruf zu entfalten und Ihre Tatkraft und Kreativität in Ihr Arbeitsleben als Seniorenbegleiter einzubringen. Wir möchten mit Ihren Ideen und Erfahrungen unsere gemeinsame Entwicklung voranbringen. Weitere Vorteile für Sie bei der SeniorenLebenshilfe: sinnvolle, erfüllende Tätigkeit flexible, familienfreundliche Arbeitszeiten Vollzeit oder ab 25 Stunden keine Schichten und keine Wochenendarbeit Fahrzeit zum Einsatzort von max. 30 Minuten von Ihrem Wohnort aus unbefristetes Vertragsverhältnis Quereinstieg möglich (auch ohne Erfahrungen in einem sozialen Beruf) die Freiheiten einer Selbstständigkeit und die Absicherung eines Angestelltenverhältnisses persönliche, enge und vertrauensvolle Kontakte zu Ihren Senioren (und genügend Zeit dafür!) zahlreiche Weiterbildungen, z. B. fachliche und persönliche Trainings (insbesondere auch für Quereinsteiger) die Möglichkeit für persönliches Wachstum in einem gut organisierten, jungen Familienunternehmen Ihre Aufgaben als Lebenshelfer für Senioren Als Lebenshelfer sind Sie vor allem eine Art Alltagsbetreuer. Die SeniorenLebenshilfe wird vorpflegerisch tätig. Das bedeutet, dass Sie als Lebenshelfer oder Lebenshelferin für Senioren nicht als Pflegekraft (oder als Pflegeassistent/Pflegeassistentin) arbeiten. Dementsprechend benötigen Sie nicht zwingend eine Ausbildung im sozialen Bereich, der Pflegebegleitung oder der Seniorenbetreuung (wie z. B. Altenpfleger/Altenpflegerin oder Hauswirtschafter/Hauswirtschafterin). Stattdessen bietet die SeniorenLebenshilfe Ihnen als Quereinsteiger zahlreiche Schulungen an, um Sie auf Ihre Tätigkeit als Lebenshelfer vorzubereiten. Zu Ihren Aufgaben zählen zum Beispiel: Unterstützung Ihrer Senioren als Alltagsbegleiter/Alltagsbegleiterin Begleitung zum Arzt oder zu anderen Terminen mit Ihrem PKW Einkäufe, Einlösen von Rezepten etc. Hauswirtschafter/in oder Haushaltshilfe für Senioren, z. B. Essen kochen, saubermachen Unterstützung im Kontakt mit Behörden, Krankenschwester/Krankenpfleger etc. Freizeitgestaltung und vertrauensvolle Gespräche Erstberatung bei interessierten Senioren, telefonische Beratung von Neukunden Organisation Ihres Homeoffice und Ihrer Termine eigenverantwortliche Leistungserfassung und Rechnungslegung Unser Versprechen ist eine Rundum-Seniorenbegleitung, die sich nach den Bedürfnissen unserer Kunden richtet. Ihr ideales Profil als Lebenshelfer/Lebenshelferin Vielleicht haben Sie bereits in einem sozialen Beruf gearbeitet, etwa als Krankenschwester/Krankenpfleger, Altenpfleger/Altenpflegerin oder Pflegehelfer/Pflegehelferin. Aber auch wenn Sie keine Erfahrung in einem Pflegeberuf haben, ist ein Quereinstieg für Sie möglich. Vielleicht blicken Sie auf langjährige Berufspraxis zurück und möchten neuen Sinn in Ihr Arbeitsleben bringen. Oder Sie haben sich in den letzten Jahren intensiv Ihrer Familie gewidmet und suchen einen beruflichen Wiedereinstieg? Uns ist vor allem eines wichtig: Dass Ihnen die Arbeit mit Menschen - insbesondere mit Senioren - eine Herzensangelegenheit ist. Außerdem setzen wir Folgendes voraus: eine herzliche, aufmerksame und fürsorgliche Art sehr gute kommunikative Fähigkeiten gutes Allgemeinwissen, gern im sozialen Bereich viel Ruhe und Geduld als Seniorenbetreuer selbstbewusstes und zielstrebiges Arbeiten Bereitschaft, sich selbstständig zu machen Einsatzbereitschaft, Flexibilität und Verantwortungsbewusstsein PKW-Führerschein der Klasse B Grundkenntnisse im Umgang mit PC und Internet Unterstützen Sie Senioren: Werden Sie Lebenshelfer bei der SeniorenLebenshilfe! Unsere LebenshelferINNEN betreuen deutschlandweit Senioren, die Unterstützung im Alltag benötigen. Unsere Vision: Wir ermöglichen Senioren ein würdevolles, selbstbestimmtes Leben im eigenen Zuhause. Unsere Lebenshelfer sind vertraute Ansprechpartner für unsere Senioren: Alltagsbegleiter, Hauswirtschafter und Freizeitgestalter in einer Person - einfach eine umfassende Unterstützung im gesamten sozialen Bereich. Als Lebenshelfer für Senioren sind Sie auf freiberuflicher Basis oder selbstständig tätig. Sie genießen also die Vorteile einer Selbstständigkeit, z. B. flexible Arbeitszeiten und selbstbestimmtes Arbeiten. Gleichzeitig profitieren Sie vom Franchise-Konzept der SeniorenLebenshilfe: Wir helfen Ihnen beim Aufbau Ihrer Selbständigkeit oder Freiberuflichkeit und unterstützen Sie unter anderem bei der Kundengewinnung, der finanziellen Absicherung, aber auch im Bereich Weiterbildung. Ein Einstieg als Lebenshelfer ist auch kurzfristig möglich - bei unbefristeter Vertragslaufzeit. Interessieren Sie sich für eine Tätigkeit als Lebenshelfer oder Lebenshelferin für Senioren - vielleicht auch im Quereinstieg? Dann fordern Sie jetzt unsere Broschüre mit weiteren Informationen an. Welche Lücke schließt die SeniorenLebenshilfe? Für pflegebedürftige Senioren steht mittlerweile ein breites Hilfsangebot zur Verfügung. Viele Menschen sind innerhalb der Pflege tätig: als Familienpfleger/Familienpflegerin, Hauswirtschafter/Hauswirtschafterin, Demenzbetreuer/Demenzbegleiter, als Pflegekraft in verschiedensten sozialen Bereichen. Ergänzende und unterstützende Berufe sind weiterhin z. B. Altenpflegehelfer/Altenpflegehelferin sowie Betreuungsassistent/Betreuungsassistentin und viele mehr. Doch viele Senioren, die keinen Betreuungshelfer oder Pflegebegleiter brauchen (und daher kein Anrecht darauf haben), sind dennoch auf Hilfe im Alltag angewiesen. Manchmal sind keine nahen Angehörigen in der Nähe, um diese Hilfe zu gewährleisten. Genau hier setzt die SeniorenLebenshilfe an. Wir schließen die vorpflegerische Lücke und ermöglichen es unseren Senioren auf diese Weise, länger ein selbstbestimmtes Leben in ihrer gewohnten Umgebung zu führen. Als Lebenshelfer oder Lebenshelferin für Senioren werden Sie Teil dieser Vision, die wir bereits erfolgreich leben. Was passiert, wenn die betreuten Senioren pflegebedürftig werden? Grundsätzlich sind Sie als Lebenshelfer als Alltagsbegleiter/Alltagsbegleiterin für Ihre Senioren tätig. Sie übernehmen also alltägliche, nicht pflegerische Aufgaben innerhalb der Seniorenbetreuung. Daher ist diese Tätigkeit auch für Quereinsteiger geeignet. Wenn Sie über eine Ausbildung innerhalb der Pflege oder Pflegebegleitung verfügen (z. B. Familienpfleger/Familienpflegerin, Krankenpflegehelfer/Krankenpflegehelferin, Pflegebegleiter oder Schwesternhelferin), dann steht es Ihnen natürlich frei, Ihre Senioren auch in dieser Hinsicht zu unterstützen. Außerdem können Sie auch zusätzlich zur häuslichen Pflege als Seniorenbetreuer tätig sein. Es gibt jedoch Situationen, in denen das nicht länger möglich ist. Dann können Sie Ihre Senioren insbesondere unterstützen, indem Sie Kontakte zu den entsprechenden Behörden herstellen. Sie können dann - gemeinsam mit eventuellen Angehörigen - dafür Sorge tragen, dass eine entsprechende Pflegefachkraft oder auch ein Demenzbetreuer/Demenzbegleiter zur Verfügung steht. Zu diesen Themen erhalten Sie natürlich sowohl Schulungen als auch kompetente Begleitung von der SeniorenLebenshilfe. Warum „Lebenshelfer""? Ein Lebenshelfer ist teils Seniorenbegleiter, teils Hauswirtschafter, teils Pflegehelfer und Alltagsbetreuer - aber er ist noch viel mehr. Ein Lebenshelfer für Senioren fungiert als Rundum-Ansprechpartner für alle Belange und packt dort an, wo es notwendig ist. Außerdem wird er zur Schnittstelle zwischen dem Senior und eventuell beteiligten Fachkräften (Krankenschwester/Krankenpfleger) oder Behörden. Häufig werden unsere Senioren und Lebenshelfer Freunde, denn ein Lebenshelfer teilt im Rahmen der Seniorenbegleitung auch die Höhen und Tiefen des Alltags - eben einfach das Leben. Dieses Leben auch im hohen Alter erfüllt und sinnvoll zu gestalten, ist Aufgabe unserer Lebenshelfer. Möchten Sie sich einer sinnvollen, erfüllenden selbstständigen Tätigkeit widmen und mit der SeniorenLebenshilfe zusammenarbeiten? Dann fordern Sie jetzt weitere Informationen an.",,,,healthcare,2026-10-07,https://www.jobs.de/jdp/lebenshelfer-f%C3%BCr-senioren----quereinstieg-als-alltagsbegleiter&&-altenpfleger-(m&&w&&d)-j3v28l6lrbykgt0t9th,1f4f939a8fbf526f492c3de20e5207ea,Lexicon,No,,,,,Germany
"Lebenshelfer für Senioren - Quereinstieg als Alltagsbegleiter, Altenpfleger (m,w,d)",Home-based Personal Care Workers,5322,532,53,Home-based Personal Care Workers,Thüringen,Bad Lobenstein,SeniorenLebenshilfe,,2021-03-29,Full-time,,"Lebenshelfer/in für unsere Senioren Was bietet Ihnen die SeniorenLebenshilfe? Als Lebenshelfer für Senioren sind Sie freiberuflich/auf selbstständiger Basis tätig und dennoch Teil eines deutschlandweiten Teams. Sie profitieren so zum einen von unserer jahrelangen Erfahrung in Bereichen wie Kundengewinnung, Marketing und Existenzgründung. Zum anderen geben wir Ihnen Raum, sich in diesem sozialen Beruf zu entfalten und Ihre Tatkraft und Kreativität in Ihr Arbeitsleben als Seniorenbegleiter einzubringen. Wir möchten mit Ihren Ideen und Erfahrungen unsere gemeinsame Entwicklung voranbringen. Weitere Vorteile für Sie bei der SeniorenLebenshilfe: sinnvolle, erfüllende Tätigkeit flexible, familienfreundliche Arbeitszeiten Vollzeit oder ab 25 Stunden keine Schichten und keine Wochenendarbeit Fahrzeit zum Einsatzort von max. 30 Minuten von Ihrem Wohnort aus unbefristetes Vertragsverhältnis Quereinstieg möglich (auch ohne Erfahrungen in einem sozialen Beruf) die Freiheiten einer Selbstständigkeit und die Absicherung eines Angestelltenverhältnisses persönliche, enge und vertrauensvolle Kontakte zu Ihren Senioren (und genügend Zeit dafür!) zahlreiche Weiterbildungen, z. B. fachliche und persönliche Trainings (insbesondere auch für Quereinsteiger) die Möglichkeit für persönliches Wachstum in einem gut organisierten, jungen Familienunternehmen Ihre Aufgaben als Lebenshelfer für Senioren Als Lebenshelfer sind Sie vor allem eine Art Alltagsbetreuer. Die SeniorenLebenshilfe wird vorpflegerisch tätig. Das bedeutet, dass Sie als Lebenshelfer oder Lebenshelferin für Senioren nicht als Pflegekraft (oder als Pflegeassistent/Pflegeassistentin) arbeiten. Dementsprechend benötigen Sie nicht zwingend eine Ausbildung im sozialen Bereich, der Pflegebegleitung oder der Seniorenbetreuung (wie z. B. Altenpfleger/Altenpflegerin oder Hauswirtschafter/Hauswirtschafterin). Stattdessen bietet die SeniorenLebenshilfe Ihnen als Quereinsteiger zahlreiche Schulungen an, um Sie auf Ihre Tätigkeit als Lebenshelfer vorzubereiten. Zu Ihren Aufgaben zählen zum Beispiel: Unterstützung Ihrer Senioren als Alltagsbegleiter/Alltagsbegleiterin Begleitung zum Arzt oder zu anderen Terminen mit Ihrem PKW Einkäufe, Einlösen von Rezepten etc. Hauswirtschafter/in oder Haushaltshilfe für Senioren, z. B. Essen kochen, saubermachen Unterstützung im Kontakt mit Behörden, Krankenschwester/Krankenpfleger etc. Freizeitgestaltung und vertrauensvolle Gespräche Erstberatung bei interessierten Senioren, telefonische Beratung von Neukunden Organisation Ihres Homeoffice und Ihrer Termine eigenverantwortliche Leistungserfassung und Rechnungslegung Unser Versprechen ist eine Rundum-Seniorenbegleitung, die sich nach den Bedürfnissen unserer Kunden richtet. Ihr ideales Profil als Lebenshelfer/Lebenshelferin Vielleicht haben Sie bereits in einem sozialen Beruf gearbeitet, etwa als Krankenschwester/Krankenpfleger, Altenpfleger/Altenpflegerin oder Pflegehelfer/Pflegehelferin. Aber auch wenn Sie keine Erfahrung in einem Pflegeberuf haben, ist ein Quereinstieg für Sie möglich. Vielleicht blicken Sie auf langjährige Berufspraxis zurück und möchten neuen Sinn in Ihr Arbeitsleben bringen. Oder Sie haben sich in den letzten Jahren intensiv Ihrer Familie gewidmet und suchen einen beruflichen Wiedereinstieg? Uns ist vor allem eines wichtig: Dass Ihnen die Arbeit mit Menschen - insbesondere mit Senioren - eine Herzensangelegenheit ist. Außerdem setzen wir Folgendes voraus: eine herzliche, aufmerksame und fürsorgliche Art sehr gute kommunikative Fähigkeiten gutes Allgemeinwissen, gern im sozialen Bereich viel Ruhe und Geduld als Seniorenbetreuer selbstbewusstes und zielstrebiges Arbeiten Bereitschaft, sich selbstständig zu machen Einsatzbereitschaft, Flexibilität und Verantwortungsbewusstsein PKW-Führerschein der Klasse B Grundkenntnisse im Umgang mit PC und Internet Unterstützen Sie Senioren: Werden Sie Lebenshelfer bei der SeniorenLebenshilfe! Unsere LebenshelferINNEN betreuen deutschlandweit Senioren, die Unterstützung im Alltag benötigen. Unsere Vision: Wir ermöglichen Senioren ein würdevolles, selbstbestimmtes Leben im eigenen Zuhause. Unsere Lebenshelfer sind vertraute Ansprechpartner für unsere Senioren: Alltagsbegleiter, Hauswirtschafter und Freizeitgestalter in einer Person - einfach eine umfassende Unterstützung im gesamten sozialen Bereich. Als Lebenshelfer für Senioren sind Sie auf freiberuflicher Basis oder selbstständig tätig. Sie genießen also die Vorteile einer Selbstständigkeit, z. B. flexible Arbeitszeiten und selbstbestimmtes Arbeiten. Gleichzeitig profitieren Sie vom Franchise-Konzept der SeniorenLebenshilfe: Wir helfen Ihnen beim Aufbau Ihrer Selbständigkeit oder Freiberuflichkeit und unterstützen Sie unter anderem bei der Kundengewinnung, der finanziellen Absicherung, aber auch im Bereich Weiterbildung. Ein Einstieg als Lebenshelfer ist auch kurzfristig möglich - bei unbefristeter Vertragslaufzeit. Interessieren Sie sich für eine Tätigkeit als Lebenshelfer oder Lebenshelferin für Senioren - vielleicht auch im Quereinstieg? Dann fordern Sie jetzt unsere Broschüre mit weiteren Informationen an. Welche Lücke schließt die SeniorenLebenshilfe? Für pflegebedürftige Senioren steht mittlerweile ein breites Hilfsangebot zur Verfügung. Viele Menschen sind innerhalb der Pflege tätig: als Familienpfleger/Familienpflegerin, Hauswirtschafter/Hauswirtschafterin, Demenzbetreuer/Demenzbegleiter, als Pflegekraft in verschiedensten sozialen Bereichen. Ergänzende und unterstützende Berufe sind weiterhin z. B. Altenpflegehelfer/Altenpflegehelferin sowie Betreuungsassistent/Betreuungsassistentin und viele mehr. Doch viele Senioren, die keinen Betreuungshelfer oder Pflegebegleiter brauchen (und daher kein Anrecht darauf haben), sind dennoch auf Hilfe im Alltag angewiesen. Manchmal sind keine nahen Angehörigen in der Nähe, um diese Hilfe zu gewährleisten. Genau hier setzt die SeniorenLebenshilfe an. Wir schließen die vorpflegerische Lücke und ermöglichen es unseren Senioren auf diese Weise, länger ein selbstbestimmtes Leben in ihrer gewohnten Umgebung zu führen. Als Lebenshelfer oder Lebenshelferin für Senioren werden Sie Teil dieser Vision, die wir bereits erfolgreich leben. Was passiert, wenn die betreuten Senioren pflegebedürftig werden? Grundsätzlich sind Sie als Lebenshelfer als Alltagsbegleiter/Alltagsbegleiterin für Ihre Senioren tätig. Sie übernehmen also alltägliche, nicht pflegerische Aufgaben innerhalb der Seniorenbetreuung. Daher ist diese Tätigkeit auch für Quereinsteiger geeignet. Wenn Sie über eine Ausbildung innerhalb der Pflege oder Pflegebegleitung verfügen (z. B. Familienpfleger/Familienpflegerin, Krankenpflegehelfer/Krankenpflegehelferin, Pflegebegleiter oder Schwesternhelferin), dann steht es Ihnen natürlich frei, Ihre Senioren auch in dieser Hinsicht zu unterstützen. Außerdem können Sie auch zusätzlich zur häuslichen Pflege als Seniorenbetreuer tätig sein. Es gibt jedoch Situationen, in denen das nicht länger möglich ist. Dann können Sie Ihre Senioren insbesondere unterstützen, indem Sie Kontakte zu den entsprechenden Behörden herstellen. Sie können dann - gemeinsam mit eventuellen Angehörigen - dafür Sorge tragen, dass eine entsprechende Pflegefachkraft oder auch ein Demenzbetreuer/Demenzbegleiter zur Verfügung steht. Zu diesen Themen erhalten Sie natürlich sowohl Schulungen als auch kompetente Begleitung von der SeniorenLebenshilfe. Warum „Lebenshelfer""? Ein Lebenshelfer ist teils Seniorenbegleiter, teils Hauswirtschafter, teils Pflegehelfer und Alltagsbetreuer - aber er ist noch viel mehr. Ein Lebenshelfer für Senioren fungiert als Rundum-Ansprechpartner für alle Belange und packt dort an, wo es notwendig ist. Außerdem wird er zur Schnittstelle zwischen dem Senior und eventuell beteiligten Fachkräften (Krankenschwester/Krankenpfleger) oder Behörden. Häufig werden unsere Senioren und Lebenshelfer Freunde, denn ein Lebenshelfer teilt im Rahmen der Seniorenbegleitung auch die Höhen und Tiefen des Alltags - eben einfach das Leben. Dieses Leben auch im hohen Alter erfüllt und sinnvoll zu gestalten, ist Aufgabe unserer Lebenshelfer. Möchten Sie sich einer sinnvollen, erfüllenden selbstständigen Tätigkeit widmen und mit der SeniorenLebenshilfe zusammenarbeiten? Dann fordern Sie jetzt weitere Informationen an.",,,,healthcare,2026-10-07,https://www.jobs.de/jdp/lebenshelfer-f%C3%BCr-senioren----quereinstieg-als-alltagsbegleiter&&-altenpfleger-(m&&w&&d)-j3v8fd6b7hmglgt3b1r,8461f8f68639eb6c48b13fdb679da30a,Lexicon,No,,,,,Germany
"Lebenshelfer für Senioren - Quereinstieg als Alltagsbegleiter, Altenpfleger (m,w,d)",Home-based Personal Care Workers,5322,532,53,Home-based Personal Care Workers,Hessen,Geisenheim,SeniorenLebenshilfe,,2021-03-29,Full-time,,"Lebenshelfer/in für unsere Senioren Was bietet Ihnen die SeniorenLebenshilfe? Als Lebenshelfer für Senioren sind Sie freiberuflich/auf selbstständiger Basis tätig und dennoch Teil eines deutschlandweiten Teams. Sie profitieren so zum einen von unserer jahrelangen Erfahrung in Bereichen wie Kundengewinnung, Marketing und Existenzgründung. Zum anderen geben wir Ihnen Raum, sich in diesem sozialen Beruf zu entfalten und Ihre Tatkraft und Kreativität in Ihr Arbeitsleben als Seniorenbegleiter einzubringen. Wir möchten mit Ihren Ideen und Erfahrungen unsere gemeinsame Entwicklung voranbringen. Weitere Vorteile für Sie bei der SeniorenLebenshilfe: sinnvolle, erfüllende Tätigkeit flexible, familienfreundliche Arbeitszeiten Vollzeit oder ab 25 Stunden keine Schichten und keine Wochenendarbeit Fahrzeit zum Einsatzort von max. 30 Minuten von Ihrem Wohnort aus unbefristetes Vertragsverhältnis Quereinstieg möglich (auch ohne Erfahrungen in einem sozialen Beruf) die Freiheiten einer Selbstständigkeit und die Absicherung eines Angestelltenverhältnisses persönliche, enge und vertrauensvolle Kontakte zu Ihren Senioren (und genügend Zeit dafür!) zahlreiche Weiterbildungen, z. B. fachliche und persönliche Trainings (insbesondere auch für Quereinsteiger) die Möglichkeit für persönliches Wachstum in einem gut organisierten, jungen Familienunternehmen Ihre Aufgaben als Lebenshelfer für Senioren Als Lebenshelfer sind Sie vor allem eine Art Alltagsbetreuer. Die SeniorenLebenshilfe wird vorpflegerisch tätig. Das bedeutet, dass Sie als Lebenshelfer oder Lebenshelferin für Senioren nicht als Pflegekraft (oder als Pflegeassistent/Pflegeassistentin) arbeiten. Dementsprechend benötigen Sie nicht zwingend eine Ausbildung im sozialen Bereich, der Pflegebegleitung oder der Seniorenbetreuung (wie z. B. Altenpfleger/Altenpflegerin oder Hauswirtschafter/Hauswirtschafterin). Stattdessen bietet die SeniorenLebenshilfe Ihnen als Quereinsteiger zahlreiche Schulungen an, um Sie auf Ihre Tätigkeit als Lebenshelfer vorzubereiten. Zu Ihren Aufgaben zählen zum Beispiel: Unterstützung Ihrer Senioren als Alltagsbegleiter/Alltagsbegleiterin Begleitung zum Arzt oder zu anderen Terminen mit Ihrem PKW Einkäufe, Einlösen von Rezepten etc. Hauswirtschafter/in oder Haushaltshilfe für Senioren, z. B. Essen kochen, saubermachen Unterstützung im Kontakt mit Behörden, Krankenschwester/Krankenpfleger etc. Freizeitgestaltung und vertrauensvolle Gespräche Erstberatung bei interessierten Senioren, telefonische Beratung von Neukunden Organisation Ihres Homeoffice und Ihrer Termine eigenverantwortliche Leistungserfassung und Rechnungslegung Unser Versprechen ist eine Rundum-Seniorenbegleitung, die sich nach den Bedürfnissen unserer Kunden richtet. Ihr ideales Profil als Lebenshelfer/Lebenshelferin Vielleicht haben Sie bereits in einem sozialen Beruf gearbeitet, etwa als Krankenschwester/Krankenpfleger, Altenpfleger/Altenpflegerin oder Pflegehelfer/Pflegehelferin. Aber auch wenn Sie keine Erfahrung in einem Pflegeberuf haben, ist ein Quereinstieg für Sie möglich. Vielleicht blicken Sie auf langjährige Berufspraxis zurück und möchten neuen Sinn in Ihr Arbeitsleben bringen. Oder Sie haben sich in den letzten Jahren intensiv Ihrer Familie gewidmet und suchen einen beruflichen Wiedereinstieg? Uns ist vor allem eines wichtig: Dass Ihnen die Arbeit mit Menschen - insbesondere mit Senioren - eine Herzensangelegenheit ist. Außerdem setzen wir Folgendes voraus: eine herzliche, aufmerksame und fürsorgliche Art sehr gute kommunikative Fähigkeiten gutes Allgemeinwissen, gern im sozialen Bereich viel Ruhe und Geduld als Seniorenbetreuer selbstbewusstes und zielstrebiges Arbeiten Bereitschaft, sich selbstständig zu machen Einsatzbereitschaft, Flexibilität und Verantwortungsbewusstsein PKW-Führerschein der Klasse B Grundkenntnisse im Umgang mit PC und Internet Unterstützen Sie Senioren: Werden Sie Lebenshelfer bei der SeniorenLebenshilfe! Unsere LebenshelferINNEN betreuen deutschlandweit Senioren, die Unterstützung im Alltag benötigen. Unsere Vision: Wir ermöglichen Senioren ein würdevolles, selbstbestimmtes Leben im eigenen Zuhause. Unsere Lebenshelfer sind vertraute Ansprechpartner für unsere Senioren: Alltagsbegleiter, Hauswirtschafter und Freizeitgestalter in einer Person - einfach eine umfassende Unterstützung im gesamten sozialen Bereich. Als Lebenshelfer für Senioren sind Sie auf freiberuflicher Basis oder selbstständig tätig. Sie genießen also die Vorteile einer Selbstständigkeit, z. B. flexible Arbeitszeiten und selbstbestimmtes Arbeiten. Gleichzeitig profitieren Sie vom Franchise-Konzept der SeniorenLebenshilfe: Wir helfen Ihnen beim Aufbau Ihrer Selbständigkeit oder Freiberuflichkeit und unterstützen Sie unter anderem bei der Kundengewinnung, der finanziellen Absicherung, aber auch im Bereich Weiterbildung. Ein Einstieg als Lebenshelfer ist auch kurzfristig möglich - bei unbefristeter Vertragslaufzeit. Interessieren Sie sich für eine Tätigkeit als Lebenshelfer oder Lebenshelferin für Senioren - vielleicht auch im Quereinstieg? Dann fordern Sie jetzt unsere Broschüre mit weiteren Informationen an. Welche Lücke schließt die SeniorenLebenshilfe? Für pflegebedürftige Senioren steht mittlerweile ein breites Hilfsangebot zur Verfügung. Viele Menschen sind innerhalb der Pflege tätig: als Familienpfleger/Familienpflegerin, Hauswirtschafter/Hauswirtschafterin, Demenzbetreuer/Demenzbegleiter, als Pflegekraft in verschiedensten sozialen Bereichen. Ergänzende und unterstützende Berufe sind weiterhin z. B. Altenpflegehelfer/Altenpflegehelferin sowie Betreuungsassistent/Betreuungsassistentin und viele mehr. Doch viele Senioren, die keinen Betreuungshelfer oder Pflegebegleiter brauchen (und daher kein Anrecht darauf haben), sind dennoch auf Hilfe im Alltag angewiesen. Manchmal sind keine nahen Angehörigen in der Nähe, um diese Hilfe zu gewährleisten. Genau hier setzt die SeniorenLebenshilfe an. Wir schließen die vorpflegerische Lücke und ermöglichen es unseren Senioren auf diese Weise, länger ein selbstbestimmtes Leben in ihrer gewohnten Umgebung zu führen. Als Lebenshelfer oder Lebenshelferin für Senioren werden Sie Teil dieser Vision, die wir bereits erfolgreich leben. Was passiert, wenn die betreuten Senioren pflegebedürftig werden? Grundsätzlich sind Sie als Lebenshelfer als Alltagsbegleiter/Alltagsbegleiterin für Ihre Senioren tätig. Sie übernehmen also alltägliche, nicht pflegerische Aufgaben innerhalb der Seniorenbetreuung. Daher ist diese Tätigkeit auch für Quereinsteiger geeignet. Wenn Sie über eine Ausbildung innerhalb der Pflege oder Pflegebegleitung verfügen (z. B. Familienpfleger/Familienpflegerin, Krankenpflegehelfer/Krankenpflegehelferin, Pflegebegleiter oder Schwesternhelferin), dann steht es Ihnen natürlich frei, Ihre Senioren auch in dieser Hinsicht zu unterstützen. Außerdem können Sie auch zusätzlich zur häuslichen Pflege als Seniorenbetreuer tätig sein. Es gibt jedoch Situationen, in denen das nicht länger möglich ist. Dann können Sie Ihre Senioren insbesondere unterstützen, indem Sie Kontakte zu den entsprechenden Behörden herstellen. Sie können dann - gemeinsam mit eventuellen Angehörigen - dafür Sorge tragen, dass eine entsprechende Pflegefachkraft oder auch ein Demenzbetreuer/Demenzbegleiter zur Verfügung steht. Zu diesen Themen erhalten Sie natürlich sowohl Schulungen als auch kompetente Begleitung von der SeniorenLebenshilfe. Warum „Lebenshelfer""? Ein Lebenshelfer ist teils Seniorenbegleiter, teils Hauswirtschafter, teils Pflegehelfer und Alltagsbetreuer - aber er ist noch viel mehr. Ein Lebenshelfer für Senioren fungiert als Rundum-Ansprechpartner für alle Belange und packt dort an, wo es notwendig ist. Außerdem wird er zur Schnittstelle zwischen dem Senior und eventuell beteiligten Fachkräften (Krankenschwester/Krankenpfleger) oder Behörden. Häufig werden unsere Senioren und Lebenshelfer Freunde, denn ein Lebenshelfer teilt im Rahmen der Seniorenbegleitung auch die Höhen und Tiefen des Alltags - eben einfach das Leben. Dieses Leben auch im hohen Alter erfüllt und sinnvoll zu gestalten, ist Aufgabe unserer Lebenshelfer. Möchten Sie sich einer sinnvollen, erfüllenden selbstständigen Tätigkeit widmen und mit der SeniorenLebenshilfe zusammenarbeiten? Dann fordern Sie jetzt weitere Informationen an.",,,,healthcare,2026-10-07,https://www.jobs.de/jdp/lebenshelfer-f%C3%BCr-senioren----quereinstieg-als-alltagsbegleiter&&-altenpfleger-(m&&w&&d)-j3t1nx6n9zptbvpybby,cc7cd6bac93bf7a799d506bb283d5976,Lexicon,No,,,,,Germany
"Lebenshelfer für Senioren - Quereinstieg als Alltagsbegleiter, Altenpfleger (m,w,d)",Home-based Personal Care Workers,5322,532,53,Home-based Personal Care Workers,Sachsen,Leipzig,SeniorenLebenshilfe,,2021-03-29,Full-time,,"Lebenshelfer/in für unsere Senioren Was bietet Ihnen die SeniorenLebenshilfe? Als Lebenshelfer für Senioren sind Sie freiberuflich/auf selbstständiger Basis tätig und dennoch Teil eines deutschlandweiten Teams. Sie profitieren so zum einen von unserer jahrelangen Erfahrung in Bereichen wie Kundengewinnung, Marketing und Existenzgründung. Zum anderen geben wir Ihnen Raum, sich in diesem sozialen Beruf zu entfalten und Ihre Tatkraft und Kreativität in Ihr Arbeitsleben als Seniorenbegleiter einzubringen. Wir möchten mit Ihren Ideen und Erfahrungen unsere gemeinsame Entwicklung voranbringen. Weitere Vorteile für Sie bei der SeniorenLebenshilfe: sinnvolle, erfüllende Tätigkeit flexible, familienfreundliche Arbeitszeiten Vollzeit oder ab 25 Stunden keine Schichten und keine Wochenendarbeit Fahrzeit zum Einsatzort von max. 30 Minuten von Ihrem Wohnort aus unbefristetes Vertragsverhältnis Quereinstieg möglich (auch ohne Erfahrungen in einem sozialen Beruf) die Freiheiten einer Selbstständigkeit und die Absicherung eines Angestelltenverhältnisses persönliche, enge und vertrauensvolle Kontakte zu Ihren Senioren (und genügend Zeit dafür!) zahlreiche Weiterbildungen, z. B. fachliche und persönliche Trainings (insbesondere auch für Quereinsteiger) die Möglichkeit für persönliches Wachstum in einem gut organisierten, jungen Familienunternehmen Ihre Aufgaben als Lebenshelfer für Senioren Als Lebenshelfer sind Sie vor allem eine Art Alltagsbetreuer. Die SeniorenLebenshilfe wird vorpflegerisch tätig. Das bedeutet, dass Sie als Lebenshelfer oder Lebenshelferin für Senioren nicht als Pflegekraft (oder als Pflegeassistent/Pflegeassistentin) arbeiten. Dementsprechend benötigen Sie nicht zwingend eine Ausbildung im sozialen Bereich, der Pflegebegleitung oder der Seniorenbetreuung (wie z. B. Altenpfleger/Altenpflegerin oder Hauswirtschafter/Hauswirtschafterin). Stattdessen bietet die SeniorenLebenshilfe Ihnen als Quereinsteiger zahlreiche Schulungen an, um Sie auf Ihre Tätigkeit als Lebenshelfer vorzubereiten. Zu Ihren Aufgaben zählen zum Beispiel: Unterstützung Ihrer Senioren als Alltagsbegleiter/Alltagsbegleiterin Begleitung zum Arzt oder zu anderen Terminen mit Ihrem PKW Einkäufe, Einlösen von Rezepten etc. Hauswirtschafter/in oder Haushaltshilfe für Senioren, z. B. Essen kochen, saubermachen Unterstützung im Kontakt mit Behörden, Krankenschwester/Krankenpfleger etc. Freizeitgestaltung und vertrauensvolle Gespräche Erstberatung bei interessierten Senioren, telefonische Beratung von Neukunden Organisation Ihres Homeoffice und Ihrer Termine eigenverantwortliche Leistungserfassung und Rechnungslegung Unser Versprechen ist eine Rundum-Seniorenbegleitung, die sich nach den Bedürfnissen unserer Kunden richtet. Ihr ideales Profil als Lebenshelfer/Lebenshelferin Vielleicht haben Sie bereits in einem sozialen Beruf gearbeitet, etwa als Krankenschwester/Krankenpfleger, Altenpfleger/Altenpflegerin oder Pflegehelfer/Pflegehelferin. Aber auch wenn Sie keine Erfahrung in einem Pflegeberuf haben, ist ein Quereinstieg für Sie möglich. Vielleicht blicken Sie auf langjährige Berufspraxis zurück und möchten neuen Sinn in Ihr Arbeitsleben bringen. Oder Sie haben sich in den letzten Jahren intensiv Ihrer Familie gewidmet und suchen einen beruflichen Wiedereinstieg? Uns ist vor allem eines wichtig: Dass Ihnen die Arbeit mit Menschen - insbesondere mit Senioren - eine Herzensangelegenheit ist. Außerdem setzen wir Folgendes voraus: eine herzliche, aufmerksame und fürsorgliche Art sehr gute kommunikative Fähigkeiten gutes Allgemeinwissen, gern im sozialen Bereich viel Ruhe und Geduld als Seniorenbetreuer selbstbewusstes und zielstrebiges Arbeiten Bereitschaft, sich selbstständig zu machen Einsatzbereitschaft, Flexibilität und Verantwortungsbewusstsein PKW-Führerschein der Klasse B Grundkenntnisse im Umgang mit PC und Internet Unterstützen Sie Senioren: Werden Sie Lebenshelfer bei der SeniorenLebenshilfe! Unsere LebenshelferINNEN betreuen deutschlandweit Senioren, die Unterstützung im Alltag benötigen. Unsere Vision: Wir ermöglichen Senioren ein würdevolles, selbstbestimmtes Leben im eigenen Zuhause. Unsere Lebenshelfer sind vertraute Ansprechpartner für unsere Senioren: Alltagsbegleiter, Hauswirtschafter und Freizeitgestalter in einer Person - einfach eine umfassende Unterstützung im gesamten sozialen Bereich. Als Lebenshelfer für Senioren sind Sie auf freiberuflicher Basis oder selbstständig tätig. Sie genießen also die Vorteile einer Selbstständigkeit, z. B. flexible Arbeitszeiten und selbstbestimmtes Arbeiten. Gleichzeitig profitieren Sie vom Franchise-Konzept der SeniorenLebenshilfe: Wir helfen Ihnen beim Aufbau Ihrer Selbständigkeit oder Freiberuflichkeit und unterstützen Sie unter anderem bei der Kundengewinnung, der finanziellen Absicherung, aber auch im Bereich Weiterbildung. Ein Einstieg als Lebenshelfer ist auch kurzfristig möglich - bei unbefristeter Vertragslaufzeit. Interessieren Sie sich für eine Tätigkeit als Lebenshelfer oder Lebenshelferin für Senioren - vielleicht auch im Quereinstieg? Dann fordern Sie jetzt unsere Broschüre mit weiteren Informationen an. Welche Lücke schließt die SeniorenLebenshilfe? Für pflegebedürftige Senioren steht mittlerweile ein breites Hilfsangebot zur Verfügung. Viele Menschen sind innerhalb der Pflege tätig: als Familienpfleger/Familienpflegerin, Hauswirtschafter/Hauswirtschafterin, Demenzbetreuer/Demenzbegleiter, als Pflegekraft in verschiedensten sozialen Bereichen. Ergänzende und unterstützende Berufe sind weiterhin z. B. Altenpflegehelfer/Altenpflegehelferin sowie Betreuungsassistent/Betreuungsassistentin und viele mehr. Doch viele Senioren, die keinen Betreuungshelfer oder Pflegebegleiter brauchen (und daher kein Anrecht darauf haben), sind dennoch auf Hilfe im Alltag angewiesen. Manchmal sind keine nahen Angehörigen in der Nähe, um diese Hilfe zu gewährleisten. Genau hier setzt die SeniorenLebenshilfe an. Wir schließen die vorpflegerische Lücke und ermöglichen es unseren Senioren auf diese Weise, länger ein selbstbestimmtes Leben in ihrer gewohnten Umgebung zu führen. Als Lebenshelfer oder Lebenshelferin für Senioren werden Sie Teil dieser Vision, die wir bereits erfolgreich leben. Was passiert, wenn die betreuten Senioren pflegebedürftig werden? Grundsätzlich sind Sie als Lebenshelfer als Alltagsbegleiter/Alltagsbegleiterin für Ihre Senioren tätig. Sie übernehmen also alltägliche, nicht pflegerische Aufgaben innerhalb der Seniorenbetreuung. Daher ist diese Tätigkeit auch für Quereinsteiger geeignet. Wenn Sie über eine Ausbildung innerhalb der Pflege oder Pflegebegleitung verfügen (z. B. Familienpfleger/Familienpflegerin, Krankenpflegehelfer/Krankenpflegehelferin, Pflegebegleiter oder Schwesternhelferin), dann steht es Ihnen natürlich frei, Ihre Senioren auch in dieser Hinsicht zu unterstützen. Außerdem können Sie auch zusätzlich zur häuslichen Pflege als Seniorenbetreuer tätig sein. Es gibt jedoch Situationen, in denen das nicht länger möglich ist. Dann können Sie Ihre Senioren insbesondere unterstützen, indem Sie Kontakte zu den entsprechenden Behörden herstellen. Sie können dann - gemeinsam mit eventuellen Angehörigen - dafür Sorge tragen, dass eine entsprechende Pflegefachkraft oder auch ein Demenzbetreuer/Demenzbegleiter zur Verfügung steht. Zu diesen Themen erhalten Sie natürlich sowohl Schulungen als auch kompetente Begleitung von der SeniorenLebenshilfe. Warum „Lebenshelfer""? Ein Lebenshelfer ist teils Seniorenbegleiter, teils Hauswirtschafter, teils Pflegehelfer und Alltagsbetreuer - aber er ist noch viel mehr. Ein Lebenshelfer für Senioren fungiert als Rundum-Ansprechpartner für alle Belange und packt dort an, wo es notwendig ist. Außerdem wird er zur Schnittstelle zwischen dem Senior und eventuell beteiligten Fachkräften (Krankenschwester/Krankenpfleger) oder Behörden. Häufig werden unsere Senioren und Lebenshelfer Freunde, denn ein Lebenshelfer teilt im Rahmen der Seniorenbegleitung auch die Höhen und Tiefen des Alltags - eben einfach das Leben. Dieses Leben auch im hohen Alter erfüllt und sinnvoll zu gestalten, ist Aufgabe unserer Lebenshelfer. Möchten Sie sich einer sinnvollen, erfüllenden selbstständigen Tätigkeit widmen und mit der SeniorenLebenshilfe zusammenarbeiten? Dann fordern Sie jetzt weitere Informationen an.",,,,healthcare,2026-10-07,https://www.jobs.de/jdp/lebenshelfer-f%C3%BCr-senioren----quereinstieg-als-alltagsbegleiter&&-altenpfleger-(m&&w&&d)-j3r14n6rcz92swtyz5x,0720ed355773a051646082337a6773f3,Lexicon,No,,,,,Germany
examinierte Pflegefachkraft (m/w/d),Nursing Professionals,2221,222,22,Nursing Professionals,Hamburg,Hamburg,PFLEGEN & WOHNEN HAMBURG GmbH,,2021-04-02,Undefined,,"Für unser Haus PFLEGEN & WOHNEN UHLENHORST suchen wir zum nächstmöglichen Zeitpunkt in Vollzeit / Teilzeit WIR BIETEN Wertschätzendes Arbeitsumfeld Zahlreiche Möglichkeiten zur fachlichen und persönlichen Entwicklung Interessante Spezialisierungen Flexibilität in der Arbeitszeitgestaltung attraktive Anstellungsbedingungen nach Tarifvertrag Jahressonderzahlung (13. Gehalt) Betriebliche Altersvorsorge 5 Tage Woche 30 - 38 Tage Urlaub Möblierte Apartments ANSPRECHPARTNER Für Fragen steht Dir Christian Zapatka gerne unter der Telefonnummer (040) 2022- 4301 zur Verfügung. Kennziffer: 260 30.04.2021 DEIN PROFIL Du bist ausgebildeter Altenpfleger oder Gesundheits- und Krankenpfleger (m/w/d) Du hast eine positive Grundeinstellung und Freude am Umgang mit älteren und pflegebedürftigen Menschen Du gehst offen auf Deine Kolleginnen und Kollegen zu und zeigst Dich äußerst mitfühlend gegenüber unseren Bewohnern und deren Angehörigen DEINE AUFGABEN In Deiner Rolle als Pflegefachkraft füllst Du unser Pflegekonzept mit Leben Du arbeitest im normalstationären sowie im Demenzbereich Du sicherst eigenständig mit Deinen pflegefachlichen Kompetenzen eine professionelle und aktivierende Grund- und Behandlungspflege Du beteiligst Dich aktiv an internen Qualitätssicherungsmaßnahmen Neben Deinem Fachwissen bist Du vor allem als Mensch gefragt Wir freuen uns auf Ihre Onlinebewerbung examinierte Pflegefachkraft (m/w/d) Festanstellung Vollzeit PFLEGEN & WOHNEN HAMBURG GmbH Hamburg Gesundheit & soziale Dienste Medizin, Pflege,Altenpflege Festanstellung Vollzeit Berufseinsteiger Arbeiten bei PFLEGEN & WOHNEN HAMBURG heißt Engagement von Menschen für Menschen. Wir betreiben als Marktführer 13 Einrichtungen in Hamburg, in denen wir unsere Bewohner kompetent und zugewandt betreuen! Gesundheit & soziale Dienste Regio-Jobanzeiger",,,,healthcare,2026-10-07,https://www.careerjet.de/jobad/de31037d0294ecef8517070d6e3c1e2419,2807e692dad1fa64282ad0b8aa14030a,Lexicon,No,,,,,Germany
Gesundheits- und Krankenpfleger (m/w/d) für Intensivpflege-WG Hannover,Nursing Professionals,2221,222,22,Nursing Professionals,Lower saxony,30627 Hannover,aeroport GmbH,,2021-04-03,Undefined,,"Wenn Sie sich gerade nach etwas Neuem umschauen, und dies nicht aus rein monetären Gründen, dann lernen Sie doch unsere besondere Wertschätzung kennen! Wir sind ein etabliertes und gesund wachsendes Unternehmen im Bereich der außerklinischen Intensiv- und Beatmungspflege und blicken zurück auf jahrelange Erfahrung, insbesondere wenn es um mit das Wertvollste einer pflegefachlichen Organisation geht - Sie, die Pflegefachperson! Für unser Team der selbstbestimmten Intensivpflege-Wohngemeinschaft in Hannover suchen wir ab sofort, oder nach Vereinbarung Mitwirkende (m/w/d) in Voll- oder Teilzeit, die eine dreijährige Ausbildung in der Kranken- oder Altenpflege abgeschlossen haben, oder kurz vor dem Examen stehen. Neben unserer Wertschätzung und Anerkennung Ihrer Mitwirkung bieten wir Ihnen selbstverständlich noch einiges darüber hinaus, und hoffen sehr, dass es Ihnen zusagt: stetige Fort- und Weiterbildung in unserer eigenen Fachakademie aeroschool Supervision, Mediation eine Fünftagewoche einen gesunden Personalschlüssel eine aktive Gestaltung des Qualitätsmanagements ein attraktives Gesundheitsförderungsprogramm (Vorsorgeuntersuchungen, Weight-watchers Teilname, Yoga Kurse und vieles mehr) einen unbefristeten Mitwirkungsvertrag eine Empfehlungsprämie für Mitwirkende Beteiligung am Unternehmen Vorschlagswesen mit Gratifikationen betriebliche Altersvorsorge vermögenswirksame Leistungen betriebliche Krankenzusatzversicherung.. und an der Entlohnung sollte es kaum scheitern! Wir freuen uns auf Ihre Bewerbung und darauf, Sie persönlich kennenzulernen. aeroport GmbH Ansprechpartner: Simon Bredemeyer Am Südbahnhof 44 30171 Hannover Fon: +49 511 165 90 10 Art der Stelle: Vollzeit, Teilzeit, Festanstellung Arbeitszeiten: 12-Stunden-Schicht",,,,healthcare,2026-10-07,https://de.indeed.com/Zeige-Job?jk=25dd2c9556da26cf,126f21804dc9351f7094b11733d5d24c,Lexicon,No,,,,,Germany
Examinierter Altenpfleger (m/w/d),Nursing Professionals,2221,222,22,Nursing Professionals,North rhine-westphalia,Recklinghausen,Service GmbH Rosengarten,,2021-04-03,Undefined,,"Seit 2002 steht das familiengeführte Unternehmen für kompetente Rundum-Versorgung in freundlicher Umgebung in Recklinghausen. Wir haben es uns zur Aufgabe gemacht die Pflege, soziale Betreuung und Versorgung von Senioren/innen kontinuierlich zu verbessern. Um dies zu erreichen bieten wir das Service Wohnen Rosengarten in Form einer ambulanten Versorgung sowie eine Tagespflege an. Für die Neueröffnung unsere ambulanten Außenpflege im Stadtbereich Recklinghausen suchen wir examinierte Altenpfleger (m/w/d). Ihre Aufgaben: Patientenversorgung nach SGB XI und SGB V Erstellung der Pflegedokumentation und Pflegeplanung. Beratung unserer Pflegekunden sowie deren Angehörige Teilnahme an Dienstbesprechungen . Ihr Profil: Abgeschlossene Ausbildung zum Altenpfleger, Gesundheits- und Krankenpfleger (m/w/d) Gültige Fahrerlaubnis der Klasse B Verantwortungsbewusstsein Empathische Persönlichkeit, mit ausgeprägten Kommunikations- und Organisationsfähigkeiten Engagement und Freundlichkeit im Umgang mit unseren Kunden . Wir bieten: Kombinierter Einsatz in der ambulanten Pflege und im Service Wohnen Ausreichend Zeit für die Pflege und Betreuung unserer Kunden Bewährte Strukturen Systematische Einarbeitung in einem wertschätzenden Umfeld . Weitere Informationen über unsere Einrichtung finden Sie auf unserer Homepage www.seniorenzentrum-rosengarten.de Arbeitsstunden: 15-30 pro Woche Voraussichtliches Einstiegsdatum: 1.5.2021 Art der Stelle: Teilzeit, Befristet, Festanstellung Arbeitszeiten: Frühschicht Spätschicht Homeoffice: Nein",,,,healthcare,2026-10-07,https://de.indeed.com/Zeige-Job?jk=a873950900261b93,e3cd882e4cf10903eeca9c52b5094382,Lexicon,No,,,,,Germany
Altenpfleger (m/w/d),Nursing Professionals,2221,222,22,Nursing Professionals,Niedersachsen,Bremen-Osterholz Schwanewede,Pluss Personalmanagement,,2021-04-03,Undefined,,"Wir bieten Ihnen: individuell wählbare und flexibel gestaltete Arbeitszeiten garantiert planbare Freizeit und sichere Urlaubsplanung kostenlose Fortbildungen sowie Weiterbildungs- und Aufstiegschancen Integration in ein tolles Team mit steter persönlicher Betreuung vor Ort und Einsatzbegleitung unbefristeten Arbeitsplatz mit fairer Vergütung inkl. Zuschlägen und Prämien (inkl. Urlaubs- und Weihnachtsgeld) Mitarbeiterangebote (z. B. adidas, Zalando, Sony, Sky u. v. m.) Betriebliches Gesundheitsmanagement Ihre Aufgabengebiete: umfassende Pflege von hilfsbedürftigen, alten Menschen Mitwirkung bei der Behandlung kranker, alter Menschen Ausführung ärztlicher Verordnungen Betreuung und Beratung alter Menschen und deren Angehörigen Hilfe zur Erhaltung und Aktivierung der eigenständigen Lebensführung Dokumentation und allgemeine organisatorische und administrative Aufgaben Unsere Anforderungen: abgeschlossene Ausbildung als Altenpfleger (m/w/d) Berufserfahrung wünschenswert, aber auch gerne Berufseinsteiger, die auf der Suche nach „Ihrem"" geeigneten Arbeitsplatz sind hohes Maß an Verantwortungsbewusstsein und sozialer Kompetenz aufgeschlossene und einfühlsame Persönlichkeit mit Teamfähigkeit Wer wir sind? Die pluss Personalmanagement GmbH ist seit über 30 Jahren am Markt und beschäftigt in über 40 Standorten mehr als 2.500 Mitarbeiter. Wir sind überzeugt, dass die Arbeitswelt erfüllend sein kann und schaffen daher echte Partnerschaften zwischen Menschen und Unternehmen. Leidenschaft, Offenheit und Zuverlässigkeit definieren unseren Qualitätsanspruch und erzeugen dabei Vertrauen auf allen Seiten des Arbeitsmarktes. Haben Sie noch offene Fragen? Gerne stehen wir Ihnen auch mit unserem WhatsApp-Service zur Verfügung. Sie erreichen uns unter: 0174 45 45 500 Haben wir Sie neugierig gemacht? Dann bewerben Sie sich über den Bewerbungs-Button.Alternativ bewerben Sie sich gerne per E-Mail: oder rufen Sie uns an unter: +49(421)4850150 Wir freuen uns, Sie kennenzulernen! Es wird zur besseren Lesbarkeit im Text nur die männliche Sprachform verwandt. Der Text gilt unter Berücksichtigung des AGG für alle Geschlechter. Pluss Personalmanagement",,,,healthcare,2026-10-07,https://www.careerjet.de/jobad/de032e1bf2fd97bead71f27e8f909e847e,8e19c361eec093514e0b6158c9739590,Lexicon,No,,,,,Germany
Pflegehelfer (m/w/d) für die Behindertenhilfe TZ,Health Care Assistants,5321,532,53,Health Care Assistants,Berlin,Berlin,DRP Team UG,,2021-03-25,Undefined,,EinleitungWir suchen ab sofort für unseren Kunden mehrere Pflegehelfer (m/w/d) für die Behindertenhilfe in Voll- und Teilzeit.Ihre AufgabenBetreuung und Pflege von Menschen mit BehinderungenAnwendung pädagogischer Maßnahmen bei VerhaltensauffälligkeitenUnterstützung bei Hobby- und FreizeitaktivitätenIhr ProfilSie sind gelernte/r Heilerziehungspflegehelfer/in oder Altenpflegehelfer/in oder bringen bereits Erfahrung mitSie haben idealerweise bereits praktische Erfahrungen in der Behindertenarbeit gesammeltUnser Kunde bietet Ihnentarifliche Bezahlung gute Einarbeitunggute Ausstattung mit Arbeits- und HilfsmittelnBonus für kurzfristiges Einspringenhumorvolles und motiviertes Teamvielfältiges Fortbildungsangebotgute Verkehrsanbindung - die Straßenbahn hält vor der TürKontaktinformationenHaben Sie Fragen zu der angebotenen Stelle rufen Sie uns gerne unter der kostenfreien Servicenummer an: 0800/121 7 121.Wir freuen uns auf Ihre Bewerbung.Weitere Stellenangebote finden Sie unter: www.drp-team.de,,,,healthcare,2026-10-07,https://www.monster.de/stellenangebot/32d16d91-a9a9-41c4-84d5-5e00ce2a2584,d17f3975d81ad5c75f1682898091b2e5,Lexicon,No,,,,,Germany
Examinierter Altenpfleger (m/w/d) TOP Gehalt Seniorenresidenz,Nursing Professionals,2221,222,22,Nursing Professionals,Sachsen,Dresden,SCORE Personal,,2021-04-10,Undefined,,"Ein renommiertes und angesehenes Seniorenheim im genannten Großraum sucht für den weiteren Ausbau des bestehenden Teams einen neuen examinierten Altenpfleger (m/w/d) in Vollzeit, Teilzeit oder auf 450€ Basis. Neben TOP Konditionen bietet die Pflegeeinrichtung eine Festanstellung, flexible Schichtsysteme und genießt außerdem in der Region einen sehr guten Ruf. Das Seniorenheim bietet Ihnen:Ein sehr gutes Einstiegsgehalt (je nach Qualifizierung und Vorkenntnissen)Mehr Freizeit durch flexible Arbeitszeiten / SchichtsystemeNach Wunsch Voll- oder TeilzeitbeschäftigungFort- und Weiterbildungsmöglichkeiten zur WBL, PDL oder ähnlichem, inklusive Kostenübernahme durch den ArbeitgeberEinen guten Personalschlüssel (krankheitsbedingte Ausfälle können sehr gut abgedeckt werden)Ihre Aufgaben sind:Sie übernehmen die ganzheitliche Überwachung, Betreuung und fachgerechte Pflege der Bewohner, die Ihnen anvertraut werdenDie Tagesgestaltung der Bewohner so motivierend und abwechslungsreich wie möglich zu gestaltenSie ermöglichen den Bewohnern, ein selbstbestimmtes sorgenfreies Leben zu führen, indem Sie ihnen unterstützend zur Seite stehenAußerdem gestalten Sie den Wohnbereich mit Ihren Ideen aktiv mitDas Pflegeheim wünscht sich von Ihnen:Sie haben einen erfolgreichen Abschluss in der Altenpflege oder Krankenpflege als examinierter Altenpfleger / Altenpflegerin / Krankenschwester / Krankenpfleger oder Gesundheits- und Krankenpfleger (m/w/d)Einen respekt- und würdevollen Umgang und pflegebedürftigen MenschenInteresse, die Pflegequalität des Hauses kontinuierlich weiterzuentwickelnIhre Vorteile bei einer Bewerbung über SCORE:Sie brauchen für Ihre Bewerbung nur einen LebenslaufAuf Wunsch schlagen wir Ihnen weitere TOP Stellenangebote aus Ihrer Region vorSie werden von uns noch am selben Tag zurückgerufenWir haben den direkten Kontakt zu den „Entscheidern"" in den EinrichtungenWir organisieren für Sie das Vorstellungsgespräch und nehmen Ihnen die ganze Bürokratie abKeine Zeitarbeit sondern Festanstellung direkt beim ArbeitgeberFür Sie als Bewerber ist unsere Arbeit absolut kostenfrei",,,,healthcare,2026-10-07,https://www.monster.de/stellenangebot/af236b5b-4745-41c2-9a49-f26527f1d9cd,159884a7a9e2903c287cbd08be438aa2,Lexicon,No,,,,,Germany
Altenpfleger (m/w/d),Nursing Professionals,2221,222,22,Nursing Professionals,Nordrhein-Westfalen,Frechen,Randstad Deutschland GmbH & Co. KG,,2021-03-22,Full-time,,"Randstad Medical sucht Sie!Sie sind examinierter Altenpfleger auf der Suche nach Abwechslung im Pflegebereich mit einer wertschätzenden Arbeitsatmosphäre und sehr guter Bezahlung? Dann sind Sie bei uns genau richtig!Wir suchen für unseren namhaften Kunden, eine Einrichtung der Pflegebranche im Raum Frechen und Köln,tatkräftige und motivierte Pflegefachkräfte.Ihre AufgabenErkennung und Behandlung von KrankheitsbildernVerteilung der Medikamente und Verabreichung von InjektionenErledigung pflegerisch-medizinischer AufgabenPatientenbetreuung und -beratung ebenso wie die AngehörigenberatungAnfertigung der Dokumentation von PflegemaßnahmenVersorgung der Patienten mit Nahrungsmitteln sowie Unterstützung bei der KörperpflegeSicherstellung und Einhaltung der HygienemaßnahmenUnsere AnforderungenEine abgeschlossene Ausbildung als Altenpfleger oder eine vergleichbare Qualifikation Erfahrung im genannten Aufgabengebiet von VorteilBereitschaft zur Arbeit in wechselnden SchichtenMobilität und Führerschein Klasse B wünschenswertSelbstständige und sorgfältige Arbeitsweise, hohe EigeninitiativeVertrauensvoller Umgang mit Patienten und deren AngehörigenSeit über 50 Jahren ist Randstad in Deutschland der seriöse und kompetente Partner sowohl für Berufseinsteiger als auch für erfahrene Fachkräfte. Mehr als 50.000 Mitarbeitern bieten wir einen sicheren Arbeitsplatz, attraktive Entlohnung und den Einstieg bei interessanten Kundenunternehmen. Aber für uns zählt nicht nur Größe: Was uns in den über 550 Niederlassungen in Deutschland antreibt, ist der Erfolg unserer Kunden und Kandidaten. Wir alle bei Randstad stehen für das Versprechen, gemeinsam weiterzukommen. Wir sind immer bestrebt, uns zu verbessern und innovativ zu sein. Wir wollen unsere Kunden, Mitarbeiter und Bewerber mit allem, was wir tun, begeistern - bis ins kleinste Detail! Lassen auch Sie sich von uns begeistern: Mit Deutschlands führendem Personaldienstleister profitieren Sie von vertrauensvollen Kontakten zu Personalentscheidern vor Ort. Überzeugen Sie sich selbst und bewerben Sie sich jetzt direkt online! Bewerbungen schwerbehinderter Menschen sind uns herzlich willkommen. Corona Virus und Bewerbung bei Randstad: Unser Bewerbungsprozess unterstützt unser ""Human Forward""-Versprechen. Das bedeutet aktuell: Persönliche Kontakte vermeiden, da für uns die Gesundheit unserer Kandidaten und Mitarbeiter und unsere gemeinsame gesellschaftliche Verantwortung höchste Priorität haben. Daher ist unser Bewerbungsprozess auch vollständig ohne direkten und persönlichen Kontakt weiterhin möglich. Wir ermöglichen Ihnen Arbeitsbedingungen, die aktuell notwendige Vorsichtsmaßnahmen berücksichtigen. Die Ausstattung mit Schutzmasken, das Einhalten von Sicherheitsabständen, Desinfektionsmaßnahmen und bei Bedarf COVID 19-Tests, sind für uns selbstverständlich. Bitte bewerben Sie sich gerne weiterhin online, wir freuen uns auf Sie.Das dürfen Sie erwartenEine faire Bezahlung ab 24€ pro Stunde sowie tariflich geregelte Zuschläge von bis zu 100%Vollständige Erstattung der FahrtkostenFlexible, individuelle Dienstplangestaltung nach Ihren WünschenIndividuelle Arbeitszeitmodelle in Teilzeit, Vollzeit auf Minijob Basis 450€Verbindliche und sichere UrlaubsplanungTransparente und unkomplizierte Nutzung der Randstad App z.B. für die Zeiterfassung oder DienstplaneinsichtPersönliche Betreuung durch ihren festen AnsprechpartnerMitarbeiter-werben-Mitarbeiter Prämie von 500€ brutto bei jeder EmpfehlungEinen sicheren Arbeitsplatz sowie interessante berufliche PerspektivenSehr gute FortbildungsmöglichkeitenReferenznummer: C00258063Kontakt:Randstad DeutschlandFrau Tessa SchumacherBahnhofsvorplatz 150667 Köln+49 221 921536996bewerbung.nord.west@randstad.de",,,,healthcare,2026-10-07,https://www.monster.de/stellenangebot/15c8a52d-c0bd-47e3-bb7d-5dc8847b689a,5db1b0c4ff305f78bd0064e38819d356,Lexicon,No,,,,,Germany
Gesundheits- und Krankenpfleger / Kinderkrankenpfleger als Führungskraft / Teamleiter* Intensivpflege in Vollzeit / Teilzeit,Nursing Professionals,2221,222,22,Nursing Professionals,saxony-anhalt,halle (saale),Krankenhaus St. Elisabeth und St. Barbara Halle (Saale) GmbH,,2021-04-10,Undefined,,"| Neue Wege mit viel Freiraum Gesucht wird für diese spannende und sicherlich auch herausfordernde Aufgabe jemand, der über den Tellerrand schaut, sich für moderne Arbeitsorganisation interessiert und eine hohe Eigenmotivation hat - Ein Typ, der nach vorne geht und nicht wartet, dass Aufgaben verteilt werden, der keine Scheu vor Veränderungsprozessen hat, gerne neue Dinge anstößt. Bewerben Sie sich jetzt!Das ist für Sie drin. Montag bis Freitag im Tagdienst 30 Tage Urlaub im Jahr zuzüglich Komplexitätszulage sowie zwei Jahressonderzahlungen Zuzahlung bei der betrieblichen Altersvorsorge, vermögenswirksame Leistungen und ein bezuschusstes Job-Ticket kostenlose Gesundheits- und Fitnessangebote wie z. B. Grippeschutzimpfungen am Arbeitsplatz, Betriebsarzt, Besinnungstage, Meditation, Seminare oder die ""Plus Card"" Kita-Platz in der anliegenden Kindertagesstätte Taubenhaus Führungstrainings oder kollegiale Beratungen gemeinsam ""Feiern""Eine Aufgabe für echte Macher. In Ihrer Rolle managen Sie mit dem jeweiligen Oberarzt den Stationsablauf und sorgen für eine angenehme Team- und Arbeitsatmosphäre sowie für die Einhaltung von gesetzlichen und hausinternen Regelungen. Gemeinsam mit Ihrem ca. 50-köpfigen Team stellen Sie eine professionelle Pflegequalität für jeden Patienten sicher packen dabei mit an, sorgen für eine erfolgreiche Einarbeitung neuer Mitarbeiter und Ausbildungsqualität. Sie fördern zusammen mit der Pflegebereichsleitung die Weiterentwicklung der Mitarbeiter, sorgen für ein hohes Professionalisierungsniveau und stellen deren bedarfsgerechte Einsetzbarkeit sicher. Sie koordinieren und leiten stationsbezogene Projekte zur Weiterentwicklung des Leistungsportfolios, insbesondere mit Fokus auf die Pflegequalitätsentwicklung sowie Patienten- und Personalgewinnung. Sie moderieren Entwicklungsformate sowie Teammeetings und präsentieren Ihren Bereich intern sowie extern.Kein Job für jeden. Aber vielleicht für Sie! Berufsabschluss in der Gesundheits- und (Kinder-) Krankenpflege - idealerweise Zusatzqualifikation in der Anästhesie- und Intensivpflege und zur Leitung einer Station Berufserfahrung in der Intensivpflege und in der Mitarbeiterführung Ihre Fähigkeiten : durchsetzungsstark, lösungsorientiert, reflektiert, offen für Feedback, Projekte und neue Wege begeisternde-positive HaltungWer also in der Intensivpflege zu Hause ist, Führungs- und Entwicklungsthemen mit Hingabe und Leidenschaft vorantreibt und viel bewegen will, darüber hinaus Lust auf ein tolles Team und viel Freiraum hat, sollte sich gleich direkt bewerben oder unter 01705498379 zum Hörer greifen oder Daniela Marintschev via Xing kontaktieren. Bei ihr gibt's weitere Infos aus erster Hand.*Das Geschlecht ist uns übrigens egal Hauptsache, Sie brennen für Ihren Job und haben Führungs-Leidenschaft im Blut!",,,,healthcare,2026-10-07,https://neuvoo.de/view/?id=218ff2d3b0b2,9c0b2505a7a8b086a410f6fe3c3743b3,Lexicon,No,,,,,Germany
Examinierter Altenpfleger (m/w/d) Seniorenresidenz TOP Gehalt,Nursing Professionals,2221,222,22,Nursing Professionals,Niedersachsen,Emden,Score Personal,,2021-04-17,Undefined,,"Ein renommiertes und angesehenes Seniorenheim im genannten Großraum sucht für den weiteren Ausbau des bestehenden Teams einen neuen examinierten Altenpfleger (m/w/d) in Vollzeit, Teilzeit oder auf 450€ Basis. Neben TOP Konditionen bietet die Pflegeeinrichtung eine Festanstellung, flexible Schichtsysteme und genießt außerdem in der Region einen sehr guten Ruf. Das Seniorenheim bietet Ihnen: Ein sehr gutes Einstiegsgehalt (je nach Qualifizierung und Vorkenntnissen) Mehr Freizeit durch flexible Arbeitszeiten / Schichtsysteme Nach Wunsch Voll- oder Teilzeitbeschäftigung Fort- und Weiterbildungsmöglichkeiten zur WBL, PDL oder ähnlichem, inklusive Kostenübernahme durch den Arbeitgeber Einen guten Personalschlüssel (krankheitsbedingte Ausfälle können sehr gut abgedeckt werden) Ihre Aufgaben sind: Sie übernehmen die ganzheitliche Überwachung, Betreuung und fachgerechte Pflege der Bewohner, die Ihnen anvertraut werden Die Tagesgestaltung der Bewohner so motivierend und abwechslungsreich wie möglich zu gestalten Sie ermöglichen den Bewohnern, ein selbstbestimmtes sorgenfreies Leben zu führen, indem Sie ihnen unterstützend zur Seite stehen Außerdem gestalten Sie den Wohnbereich mit Ihren Ideen aktiv mit Das Pflegeheim wünscht sich von Ihnen: Sie haben einen erfolgreichen Abschluss in der Altenpflege oder Krankenpflege als examinierter Altenpfleger / Altenpflegerin / Krankenschwester / Krankenpfleger oder Gesundheits- und Krankenpfleger (m/w/d) Einen respekt- und würdevollen Umgang und pflegebedürftigen Menschen Interesse, die Pflegequalität des Hauses kontinuierlich weiterzuentwickeln Ihre Vorteile bei einer Bewerbung über SCORE: Sie brauchen für Ihre Bewerbung nur einen Lebenslauf Auf Wunsch schlagen wir Ihnen weitere TOP Stellenangebote aus Ihrer Region vor Sie werden von uns noch am selben Tag zurückgerufen Wir haben den direkten Kontakt zu den „Entscheidern"" in den Einrichtungen Wir organisieren für Sie das Vorstellungsgespräch und nehmen Ihnen die ganze Bürokratie ab Keine Zeitarbeit sondern Festanstellung direkt beim Arbeitgeber Für Sie als Bewerber ist unsere Arbeit absolut kostenfrei Score Personal",,,,healthcare,2026-10-07,https://www.careerjet.de/jobad/de73d61950ac4a1c13fcf94500f6adcc9f,44a27f9a9906c878d003bcb06d4a42d4,Lexicon,No,,,,,Germany
Altenpfleger (m/w/d),Nursing Professionals,2221,222,22,Nursing Professionals,Rheinland-Pfalz,Rheinland-Pfalz,WINKLER Personalservice GmbH,,2021-04-17,Undefined,€ 4.500 pro Monat,"Du suchst einen Arbeitgeber der dir Freizeit für Freunde und Familie ermöglicht? Du suchst eine faire und gute Bezahlung für deine tägliche Leistung? Du möchtest mehr sein als nur eine/r von vielen? Dann komm zu uns! Bei Winkler Personalservice achten wir darauf, dass Du deine Freizeit gut mit deiner Arbeit vereinbaren kannst. Wir legen Wert auf eine faire und übertarifliche Bezahlung, denn bei uns steht der Mensch im Vordergrund. Unsere kompetenten Ansprechpartner haben immer ein offenes Ohr für dein Anliegen. Deine Vorteile bei uns: Unbefristeter Arbeitsvertrag Attraktives Gehalt von bis zu ca. 4.500€ brutto im Monat (ca. 26 € Stundenlohn) Bis zu 30 Urlaubstage 2 Planbare freie Wochenenden im Monat Bis zu 500€ brutto Bonus im Monat Frei wählbarer Urlaub (keine Urlaubssperren) Individuelle Fort- und Weiterbildungsmöglichkeiten Wechselnde Einsätze und abwechslungsreiche Tätigkeiten Absicherung durch den Tarifvertrag BAP Sie erreichen immer einen kompetenten Ansprechpartner Kein „Einspringen"" wenn Sie es nicht möchten Weihnachts- und Urlaubsgeld Sonderprämie z.B. für „Mitarbeiter werben Mitarbeiter"" Das bringst du mit: Eine abgeschlossene Ausbildung als Gesundheits- und Krankenpfleger (m/w/d), Altenpfleger (m/w/d) oder Krankenschwester/pfleger Spaß an deinem Beruf Teamfähigkeit, Zuverlässigkeit, Engagement und Flexibilität Freude am Umgang mit hilfsbedürftigen Menschen Bundesweite Reisebereitschaft - kein Führerschein erforderlich Deine Aufgaben: Durchführung aller Tätigkeiten der Grund- und Behandlungspflege Ausführung ärztlich verordneter Maßnahmen Betreuung und Unterstützung von Patienten bei der täglichen Aufgabenbewältigung Einsätze in Pflegeeinrichtungen und Krankenhäusern Bei Fragen stehen dir Herr Dreiser oder Frau Amrhein telefonisch unter 06021 - 62 69 105 oder per WhatsApp unter 0151 434 54-465 jederzeit zur Verfügung. Neugierig geworden? Dann freuen wir uns über die Zusendung deiner vollständigen Bewerbungsunterlagen. GermanPersonnel",,,,healthcare,2026-10-07,https://www.careerjet.de/jobad/de387c2d7b9f99337a19ba60bade6d6087,05dbfff171b6e0d9c1c446ea4d2b0e7d,Lexicon,No,,,,,Germany
Pflegehelfer für Corona-Tests (m/w/d),Health Care Assistants,5321,532,53,Health Care Assistants,Niedersachsen,Osnabrück,Promedis24,,2021-04-17,Undefined,,"Pflegehelfer für Corona-Tests (m/w/d) Herzmenschen mit Köpfchen arbeiten bei Promedis24 Promedis24 steht mit rund 1000 Mitarbeiter/-innen in Deutschland und der Schweiz für innovative, spezialisierte und erfolgreiche Personaldienstleistungen im Gesundheits- und Sozialwesen. Als Wunscherfüller, Bedürfnis-Checker, Potenzial-Entdecker und Ressourcen-Radar kreieren wir tagtäglich moderne Jobkonzepte - Festangestellt in der Personaldienstleistung oder im Rahmen der Personalvermittlung. Kundeneinrichtungen schätzen unsere Kollegen dank Vitamin M für Motivation, fachlicher Expertise und Verbindlichkeit seit Jahrzehnten als den Personalschlüssel zum Glück. Werden auch Sie ein Teil der wunderbaren Welt von Promedis24 und genießen unsere vertrauensvolle, offene und herzliche Unternehmenskultur. WE CARE FOR YOU Jobkonzepte mit Berufsglück-Garantie! Stäbchen-Jongleur, Überblickbehalter, Touri-Tester, Anpacker und Corona-Chaos-im-Griff-Haber aufgepasst - Promedis24 gestaltet einzigartige Jobs für jeden Geschmack. Bewerben Sie sich noch heute und finden bei Promedis24 in Osnabrück Ihren neuen Lieblingsjob als Pflegehelfer für Corona-Tests (m/w/d) Ihre Aufgaben als Medizinstudent für Corona-Tests (m/w/d) bei Promedis24 in Osnabrück: Sie menscheln gerne und empfangen Reiserückkehrer oder Menschen aus verschiedenen Berufsbereichen für das Corona-Testing Sie registrieren die Patienten und nehmen relevante persönliche Daten auf Sie führen Mund-/Rachen-Abstriche durch und dokumentieren im Anschluss die Ergebnisse Sie erstellen entsprechende Laborscheine und leiten diese an das Labor weiter Was Sie als Pflegehelfer für Corona-Tests (m/w/d) bei Promedis24 in Osnabrück mitbringen sollten: Sie haben bereits erste praktische Erfahrung in einem Beruf im Gesundheitswesen sammeln können Ihre offene und empathische Art lässt Sie sich schnell an neue Situationen anpassen und in neue Teams einfinden eine entsprechende Einarbeitung erhalten Sie von den Experten vor Ort Sie sind mobil und bringen nach Rücksprache eine gewisse Reisebereitschaft mit Ihnen ist die Verantwortung, die Sie tragen, stets bewusst und selbstständiges Arbeiten ist für Sie Ehrensache Sie lieben die Arbeit mit Menschen eine Arbeit ohne können Sie sich nicht vorstellen Geduld und Ausdauer lassen Sie jederzeit glänzen. Sie behalten stets einen kühlen Kopf und den Überblick Flexibilität ist Ihr zweiter Vorname Schichtdienst? Für Sie kein Problem. Großartig ist es, wenn Sie min. zwei Schichten (Frühdienst, Spätdienst, Nachtdienst) anbieten können Ein polizeiliches Führungszeugnis und gute Deutschkenntnisse. Englisch ist von Vorteil aber kein Muss Unser Angebot für Sie als Pflegehelfer für Corona-Tests (m/w/d) bei Promedis24 in Osnabrück: Dank unserer einzigartigen Jobkonzepte bestimmen Sie ganz einfach selbst, was für Sie einen echten Traumjob ausmacht. Sie haben die Wahl! Wie wäre es z.B. mit arbeiten, wo andere aus dem Urlaub kommen einem Arbeitsvertrag nach einem DGB- Tarifvertrag, der eine volle soziale Absicherung garantiert verbindlicher Dienst- und Urlaubsplanung Zuschüssen zu den Fahrtkosten oder Poolfahrzeugnutzung zu den Einsatzorten einem attraktiven Mitarbeiter-Rabatt im Urban Sports Club einem Team, welches jederzeit ein offenes Ohr für Sie hat einem tollen Arbeitgeber, der auch nach Corona gemeinsam mit Ihnen Ihr persönliches Berufsglück gestaltet Entdecken Sie den Promedis24-Jobbaukasten und bewerben sich noch heute als Pflegehelfer für Corona-Tests (m/w/d) bei Promedis24 in Osnabrück. Wir lieben mutige Chancennutzer! Compana",,,,healthcare,2026-10-07,https://www.careerjet.de/jobad/de4c4f4ffbb4aa98b0d6c126f5bae9ec7a,0256884a2285acce02672e2138511b39,Lexicon,No,,,,,Germany
Gesundheits- und Krankenpfleger (m/w/d) in Vollzeit,Nursing Professionals,2221,222,22,Nursing Professionals,Nordrhein-Westfalen,Iserlohn,pluss Personalmanagement GmbH Care People,,2021-04-10,Full-time,,"Wir suchen Sie ab sofort als Gesundheits- und Krankenpfleger (m/w/d) in Vollzeit Wir bieten Ihnen: einen unbefristeten Arbeitsplatz mit allen gesetzlichen und tariflichen Sozialleistungen (inkl. Urlaubs- und Weihnachtsgeld) Bezahlung auf Basis des iGZ-Tarifvertrag; ggf. übertarifliche Bezahlung stets persönliche Betreuung vor Ort und Einsatzbegleitung sichere Urlaubsplanung nach individueller Rücksprache Mitarbeiterangebote (z. B. adidas, Zalando, Sony, Sky u. v. m.) Betriebliches Gesundheitsmanagement Ihre Aufgabengebiete: Ermittlung des Pflegebedarfs und eigenverantwortliche, umfassende Pflege von kranken und pflegebedürftigen Menschen Durchführung von ärztlich veranlassten Maßnahmen Assistenz bei Untersuchungen und Behandlungen Dokumentation der Pflege Beratung, Anleitung und Unterstützung von kranken und pflegebedürftigen Menschen und deren Bezugspersonen Unsere Anforderungen an Sie als Gesundheits- und Krankenpfleger : abgeschlossene Ausbildung als Gesundheits- und Krankenpfleger (m/w/d) oder ähnliche Qualifikation Berufserfahrung wünschenswert, aber auch gerne Berufseinsteiger, die auf der Suche nach „Ihrem"" geeigneten Arbeitsplatz sind hohes Maß an Verantwortungsbewusstsein und sozialer Kompetenz aufgeschlossene und einfühlsame Persönlichkeit mit Teamfähigkeit pluss Personalmanagement ist Ihr Ansprechpartner für Jobs in der Medizin- und Pflegebranche! Ob in der Kranken- oder Altenpflege - Sie leisten verantwortungsvolle Arbeit. Umso mehr liegt es uns am Herzen, für Sie den optimalen Arbeitgeber und Einsatzbereich zu finden, damit Sie Ihre beruflichen Ziele verwirklichen können. Unsere Experten aus dem Bereich Care People bieten Ihnen vielfältige Karrierechancen! Ebenso ist uns eine wohnortnahe Beschäftigung für Sie wichtig. Sie suchen nicht direkt in Iserlohn? Auch über benachbarte Orte, wie beispielsweise Hemer, Menden (Sauerland) oder Balve, können wir gerne sprechen.",,,,healthcare,2026-10-07,https://www.jobs.de/jdp/gesundheits---und-krankenpfleger-(m-w-d)-in-vollzeit-j3t24y6w4fmfspdrrs9,4f882c6f7dcf4fd7f0bb23545108f78d,Lexicon,No,,,,,Germany
Altenpfleger (m/w/d) in Vollzeit,Nursing Professionals,2221,222,22,Nursing Professionals,Baden-Württemberg,Eberbach,Akzent Personaldienstleistungen,,2021-04-24,Undefined,,"ausgeschrieben am 22.04.2021 von Wir suchen Sie ab sofort als Altenpfleger (m/w/d) in Vollzeit Wir bieten Ihnen: Einen unbefristeten Arbeitsvertrag in Vollzeit Überdurchschnittliche Vergütung zzgl. Zuschläge Zusatzleistungen wie z.B. Dienstwagen oder Fahrtkostenerstattung Urlaubs- und Weihnachtsgeld Enge Abstimmung bezüglich des Einsatzortes z.B. wohnortnahe Arbeitseinsätze Wunschplan bzw. individuell wählbare und flexibel gestaltete Arbeitszeiten Individuelle Fort- und Weiterbildungsangebote im eigenen Kompetenzzentrum sowie bei kooperierenden Bildungsträgern Attraktive Mitarbeiterrabatte (Zalando, SKY, Sony und über 150 weitere Partner) Ihre Aufgabengebiete: umfassende Pflege von hilfsbedürftigen, alten Menschen Mitwirkung bei der Behandlung kranker, alter Menschen Ausführung ärztlicher Verordnungen Betreuung und Beratung alter Menschen und deren Angehörigen Hilfe zur Erhaltung und Aktivierung der eigenständigen Lebensführung Dokumentation und allgemeine organisatorische und administrative Aufgaben Unsere Anforderungen an Sie als Altenpfleger (m/w/d): abgeschlossene Ausbildung als Altenpfleger (m/w/d) Berufserfahrung wünschenswert, aber auch gerne Berufseinsteiger, die auf der Suche nach „Ihrem"" geeigneten Arbeitsplatz sind hohes Maß an Verantwortungsbewusstsein und sozialer Kompetenz aufgeschlossene und einfühlsame Persönlichkeit mit Teamfähigkeit Sie sind auf der Suche nach einem geeigneten Partner in Ihrer Berufswelt? Wir, das Team von pluss Personalmanagement, unterstützt Sie gerne und langfristig! Unsere Unternehmensphilosophie verfolgt den Anspruch von Vielfältigkeit und schafft die Grundlage für Partnerschaften zwischen Menschen und Unternehmen. Unser Ziel? Eine erfüllende Arbeitswelt für unsere Mitarbeiter zu schaffen. Eine wohnortnahe Beschäftigung ist uns ebenso wichtig. Sie suchen nicht direkt in Eberbach? Auch über benachbarte Orte, wie beispielsweise Hirschhorn, Waldbrunn, Schönbrun, Wald-Michelbach oder Heiligkreuzsteinach, können wir gerne sprechen. Haben Sie noch offene Fragen? Gerne stehen wir Ihnen auch mit unserem WhatsApp-Service zur Verfügung. Sie erreichen uns unter: 0174 45 45 500 Haben wir Sie neugierig gemacht? Dann bewerben Sie sich über den Bewerbungs-Button. Alternativ bewerben Sie sich gerne per E-Mail: bewerbung-mannheimcp@pluss.de oder rufen Sie uns an unter: +49(621)1788780 Wir freuen uns, Sie kennenzulernen! Es wird zur besseren Lesbarkeit im Text nur die männliche Sprachform verwandt. Der Text gilt unter Berücksichtigung des AGG für alle Geschlechter. Arbeitsort(e) 69412 Eberbach (Deutschland) Beschäftigungsbeginn 01.06.2021 Arbeitszeit Vollzeit Stelle befristet Keine Angabe Art der Stelle Arbeitsplatz erforderliche Kenntnisse Keine Angabe Schulbildung kein Schulabschluss Führerschein Keine Angabe Weitere Berufe Keine Angabe Bewerbung möglich per telefonisch schriftlich E-Mail Internet Benötigte Unterlagen Anschreiben, Lebenslauf, Zeugnisse Bewerbungen an pluss Personalmanagement GmbH Niederlassung Mannheim Care People z. Hd. Frau Alina Dikhtyar Willy-Brandt-Platz 6 68161 Mannheim Telefon/Fax/Mobil Telefon +49(621)1788780 Fax +49(621)17887869 Akzent Personaldienstleistungen",,,,healthcare,2026-10-07,https://www.careerjet.de/jobad/de297619ce6fbd9a57506d251b1c101ef3,611b0b2cc2bed98b2e0e80e628812082,Lexicon,No,,,,,Germany
Examinierte Pflegefachkraft (m/w/d) zur Dauernachtwache,Nursing Professionals,2221,222,22,Nursing Professionals,Thüringen,Gotha,Alloheim,,2021-04-24,Undefined,,"Seniorenzentrum Turmhotel - Gotha • Gotha • Vollzeit, Vollzeit • Festanstellung • 40 h/Woche Merken Sichern Sie sich Ihre Lieblingsinhalte in Ihrem Postfach! Mit der Merken-Funktion können Sie sich Bereiche und Jobs ganz einfach per E-Mail zusenden lassen. So haben Sie jederzeit wieder Zugriff auf die für Sie relevanten Inhalte. Nicht mehr anzeigen Bewerben Mobil bewerben Was macht uns besonders? Alloheim bietet hochwertige Leistungen in der Pflege für verschiedene Altersgruppen sowie im Betreuten Wohnen für Senioren. Der übergreifende inhaltliche Anspruch „Wir dienen Ihrer Lebensqualität"" gilt im Hinblick auf unsere Bewohner, aber auch für den Umgang mit Mitarbeitern, Lieferanten, Kooperationspartnern und für unsere Beziehungen zum direkten Umfeld unserer Seniorenresidenzen. Wir verfügen über eine herausragende Pflegekompetenz, die neben der stationären und mobilen Pflege für Senioren auch Angebote in der Spezialpflege umfasst. Als starke, dynamisch wachsende Gruppe mit aktuell 223 stationären Pflegeeinrichtungen, 77 Standorten mit Betreutem Wohnen und 25 Ambulanten Pflegediensten gehört Alloheim zu den größten privaten Anbietern in Deutschland. Das Unternehmen beschäftigt derzeit rund 20.000 Mitarbeiter. Auch aufgrund unserer Größe haben Mitarbeiter die Chance, ihre Karriere bestmöglich zu gestalten. Durch zahlreiche Fort- und Weiterbildungsangebote ergeben sich Aufstiegschancen am gleichen Standort oder durch Standortwechsel. Arbeitgeberfinanzierte Aufstiegschancen Betriebliche Altersvorsorge und Zusatzversicherungen Entlastendes Qualitätsmanagement Flexibilität in Voll- und Teilzeit Fort- und Weiterbildungen Vielfältige Möglichkeiten zur beruflichen und fachlichen Weiterbildung und Entwicklung innerhalb der Unternehmensgruppe. Karrierechancen Individuelle Karriereplanung & -beratung Top-Gehalt und attraktive Zusatzvergütung Am Luftschiffhafen 2, 99867 Gotha ab sofort Ihre Aufgaben Die individuelle Grund- und Behandlungspflege nach den Wünschen unserer Bewohner ist für Sie eine Herzensangelegenheit. Sie legen viel Wert auf die individuelle Betreuung und richten die aktivierende Tagesgestaltung nach den Bedürfnissen der Bewohner aus. Die fachgerechte Dokumentation des gesamten Pflegeprozesses und die Beurteilung der eingeleiteten Pflegemaßnahmen sind für Sie selbstverständlich. Im Arbeitsalltag unterstützen Sie Ihr Team und stellen gemeinschaftlich die Pflegequalität sowie die Einhaltung von Standards sicher. Als Experte auf Ihrem Gebiet stehen Sie unseren Bewohnern und deren Angehörigen für eventuelle Rückfragen souverän mit Rat und Tat zur Seite. Ihr Profil Sie haben eine abgeschlossene Berufsausbildung als Altenpfleger, Gesundheits- und Krankenpfleger oder Pflegefachmann / Pflegefachfrau Als motivierter Teamplayer überzeugen Sie mit Ihrem Einfühlungsvermögen und Ihrer Sozialkompetenz Sie zeichnen sich durch eine eigenständige und lösungsorientierte Arbeitsweise aus und zaubern unseren Bewohnern ein Lächeln aufs Gesicht Aus Gründen der besseren Lesbarkeit wird nur die männliche Form verwendet. Die Angaben beziehen sich stets auf alle Geschlechter. Unser Team Team Alloheim Mit Leidenschaft schreiben wir im Bereich Pflege das Miteinander groß. Dabei haben wir immer ein offenes Ohr für Dich! Wir nehmen uns Zeit und stärken Dir jederzeit den Rücken. Flexibilität bei den Arbeitszeiten und Dienstplan-Besprechungen gehören genauso zu unserer Zusammenarbeit wie regelmäßige Fort-und Weiterbildungen. Uns ist es wichtig, dass Du dich bei uns sowohl menschlich als auch inhaltlich weiterentwickelst. Denn Deine Zufriedenheit wirkt sich positiv auf das Team und damit auch auf die Bewohner aus. An jedem Standort wollen wir gemeinsam mit allen Beteiligten einen Ort des Vertrauens, der Kooperation und Zufriedenheit aktiv gestalten. in 2 Minuten zu deiner fertigen Bewerbung Alloheim",,,,healthcare,2026-10-07,https://www.careerjet.de/jobad/de47408eac9354ee782655328b60d4308b,bd42936abe7e7c11fdc76171036f666d,Lexicon,No,,,,,Germany
Gesundheits- und Krankenpfleger (m/w/d) ambulante Pflege,Nursing Professionals,2221,222,22,Nursing Professionals,,Sietow,pluss Personalmanagement GmbH Care People,,2021-04-25,Full-time,,"Wir suchen Sie ab sofort als Gesundheits- und Krankenpfleger (m/w/d) ambulante Pflege Wir Bieten Ihnen abgestimmte Arbeitszeitenauf familiäre und private Bedürfnisse (Kindererziehung, Pflege naher Angehörige, etc.) garantiert planbare Freizeit und sichere Urlaubsplanung nach individueller Rücksprache kostenlose Fortbildungen sowie Weiterbildungs- und Aufstiegschancen Integration in ein tolles Team mit steter persönlicher Betreuung vor Ort und Einsatzbegleitung unbefristeten Arbeitsplatz mit fairer Vergütung inkl. 100% Feiertagszuschlag, 50% Sonntagszuschlag, 25% Nachtzuschlag und Prämien (inkl. Urlaubs- und Weihnachtsgeld) Mitarbeiterangebote (z. B. adidas, Zalando, Sony, Sky u. v. m.) Betriebliches Gesundheitsmanagement Ihre Aufgabengebiete Ermittlung des Pflegebedarfs und eigenverantwortliche, umfassende Pflege von kranken und pflegebedürftigen Menschen Durchführung von ärztlich veranlassten Maßnahmen Assistenz bei Untersuchungen und Behandlungen Dokumentation der Pflege Beratung, Anleitung und Unterstützung von kranken und pflegebedürftigen Menschen und deren Bezugspersonen Unsere Anforderungen An Sie Als Gesundheits- Und Krankenpfleger (m/w/d) abgeschlossene Ausbildung als Gesundheits- und Krankenpfleger (m/w/d) oder ähnliche Qualifikation Berufserfahrung wünschenswert, aber auch gerne Berufseinsteiger, die auf der Suche nach „Ihrem' geeigneten Arbeitsplatz sind hohes Maß an Verantwortungsbewusstsein und sozialer Kompetenz aufgeschlossene und einfühlsame Persönlichkeit mit Teamfähigkeit Sie sind auf der Suche nach einem geeigneten Partner in Ihrer Berufswelt? Wir, das Team von pluss Personalmanagement, unterstützt Sie gerne und langfristig! Unsere Unternehmensphilosophie verfolgt den Anspruch von Vielfältigkeit und schafft die Grundlage für Partnerschaften zwischen Menschen und Unternehmen. Unser Ziel? Eine erfüllende Arbeitswelt für unsere Mitarbeiter zu schaffen. Eine wohnortnahe Beschäftigung ist uns ebenso wichtig. Sie suchen nicht direkt in Eckernförde? Auch über benachbarte Orte, wie beispielsweise Kappeln, Damp oder Rieseby, können wir gerne sprechen.",,,,healthcare,2026-10-07,https://de.linkedin.com/jobs/view/gesundheits-und-krankenpfleger-m-w-d-ambulante-pflege-at-pluss-personalmanagement-gmbh-care-people-2520065910,d4a279509283ded23064c9da7c21ae22,Lexicon,No,,,,,Germany
Altenpfleger (m/w/d),Nursing Professionals,2221,222,22,Nursing Professionals,Hesse,Schwalmstadt,pluss Personalmanagement GmbH Care People,,2021-04-25,Full-time,,"Wir suchen Sie ab sofort als Altenpfleger (m/w/d) Wir Bieten Ihnen unbefristeten Arbeitsplatz mit fairer Vergütung + übertariflicher Zulage, inkl. Zuschlägen und Prämien Urlaubs- und Weihnachtsgeld Jobticket oder Fahrtkpostenbeteiligung sowie ggf. Firmenfahrzeug zur Sicherstellung der Mobilität Mitarbeiterangebote (z. B. adidas, Zalando, Sony, Sky u. v. m.) Flexible Dienstplangestaltung zur optimalen Vereinbarung zwischen Beruf und Familie Integration in ein tolles Team & persönlicher Betreuung kostenlose Fort - & Weiterbildungen im eigenen Kompetenzzentrum auf Wunsch Übernahmemöglichkeit bei unserem Kunden Betriebliches Gesundheitsmanagement Ihre Aufgabengebiete umfassende Pflege von hilfsbedürftigen, alten Menschen Mitwirkung bei der Behandlung kranker, alter Menschen Ausführung ärztlicher Verordnungen Betreuung und Beratung alter Menschen und deren Angehörigen Hilfe zur Erhaltung und Aktivierung der eigenständigen Lebensführung Dokumentation und allgemeine organisatorische und administrative Aufgaben Unsere Anforderungen An Sie Als Altenpfleger (m/w/d) abgeschlossene Ausbildung als Altenpfleger (m/w/d) oder ähnliche Qualifikation Berufserfahrung wünschenswert, aber auch gerne Berufseinsteiger, die auf der Suche nach „Ihrem' geeigneten Arbeitsplatz sind hohes Maß an Verantwortungsbewusstsein und sozialer Kompetenz aufgeschlossene und einfühlsame Persönlichkeit mit Teamfähigkeit pluss Personalmanagement ist seit 30 Jahren Ihr Ansprechpartner für Jobs in der Pflegebranche! Ob in der Kranken- oder Altenpflege: Sie leisten verantwortungsvolle Arbeit. Umso mehr liegt es uns am Herzen, für Sie den optimalen Arbeitsplatz zu finden, damit Sie sich beruflich verwirklichen können. Unsere Experten aus dem Bereich Care People sind mit Leidenschaft für Sie da. Unser Ziel: eine erfüllende Arbeitswelt für unsere Mitarbeiter. Eine wohnortnahe Beschäftigung ist uns ebenso wichtig. Sie suchen nicht direkt in Schwalmstadt? Auch über benachbarte Orte, wie beispielsweise Schwarzenborn, Alsfeld, Grebenau, Kirchain oder Rauschenberg, können wir gerne sprechen.",,,,healthcare,2026-10-07,https://de.linkedin.com/jobs/view/altenpfleger-m-w-d-at-pluss-personalmanagement-gmbh-care-people-2520070539,e4655e70b18934eaa3336d62d2288e13,Lexicon,No,,,,,Germany
Krankenpfleger (m/w/d),Nursing Professionals,2221,222,22,Nursing Professionals,,Castrop-Rauxel,pluss Personalmanagement GmbH Care People,,2021-04-25,Full-time,,"Wir suchen Sie ab sofort als Krankenpfleger (m/w/d) Wir Bieten Ihnen abgestimmte Arbeitszeiten auf familiäre und private Bedürfnisse (Kindererziehung, Pflege naher Angehörige, etc.) garantiert planbare Freizeit und sichere Urlaubsplanung nach individueller Rücksprache kostenlose Fortbildungen sowie Weiterbildungs- und Aufstiegschancen Integration in ein tolles Team mit steter persönlicher Betreuung vor Ort und Einsatzbegleitung unbefristeten Arbeitsplatz mit fairer Vergütung inkl. Zuschlägen und Prämien (inkl. Urlaubs- und Weihnachtsgeld) Mitarbeiterangebote (z. B. adidas, Zalando, Sony, Sky u. v. m.) Betriebliches Gesundheitsmanagement Ihre Aufgabengebiete Ermittlung des Pflegebedarfs und eigenverantwortliche, umfassende Pflege von kranken und pflegebedürftigen Menschen Durchführung von ärztlich veranlassten Maßnahmen Assistenz bei Untersuchungen und Behandlungen Dokumentation der Pflege Beratung, Anleitung und Unterstützung von kranken und pflegebedürftigen Menschen und deren Bezugspersonen Unsere Anforderungen An Sie Als Krankenpfleger abgeschlossene Ausbildung als Krankenpfleger (m/w/d) oder ähnliche Qualifikation Berufserfahrung wünschenswert, aber auch gerne Berufseinsteiger, die auf der Suche nach „Ihrem' geeigneten Arbeitsplatz sind hohes Maß an Verantwortungsbewusstsein und sozialer Kompetenz aufgeschlossene und einfühlsame Persönlichkeit mit Teamfähigkeit pluss Personalmanagement ist Ihr Ansprechpartner für Jobs in der Medizin- und Pflegebranche! Ob in der Kranken- oder Altenpflege - Sie leisten verantwortungsvolle Arbeit. Umso mehr liegt es uns am Herzen, für Sie den optimalen Arbeitgeber und Einsatzbereich zu finden, damit Sie Ihre beruflichen Ziele verwirklichen können. Unsere Experten aus dem Bereich Care People bieten Ihnen vielfältige Karrierechancen! Sie suchen nicht direkt in Castrop-Rauxel eine Anstellung? Sprechen Sie uns auch auf Jobs, beispielsweise in Datteln, Olfen, Lüdinghausen, Nordkirchen, Selm oder Waltrop, an!",,,,healthcare,2026-10-07,https://de.linkedin.com/jobs/view/krankenpfleger-m-w-d-at-pluss-personalmanagement-gmbh-care-people-2520071635,dcbd8ff11abb59f55e096ba6072a5228,Lexicon,No,,,,,Germany
Altenpfleger (m/w/d) stationäre Pflege,Nursing Professionals,2221,222,22,Nursing Professionals,,Salzgitter Heerte,pluss Personalmanagement GmbH Care People,,2021-04-25,Full-time,,"Wir suchen Sie ab sofort als Altenpfleger (m/w/d) Wir Bieten Ihnen abgestimmte Arbeitszeiten auf familiäre und private Bedürfnisse (Kindererziehung, Pflege naher Angehörige, etc.) garantiert planbare Freizeit und sichere Urlaubsplanung nach individueller Rücksprache Jahressonderzahlungen (Urlaubs- und Weihnachtsgeld) gem. iGZ-Tarifvertrag unbefristeten Arbeitsvertrag im Rahmen der Arbeitnehmerüberlassung kostenlose Fort- und Weiterbildungsmöglichkeiten im eigenen Kompetenzzentrum facettenreiche Einsatzmöglichkeiten im gemeinsam definierten Einsatzgebiet Integration in ein tolles Team mit steter persönlicher Betreuung vor Ort attaktive Mitarbeiterrabatte bei über 150 Partnern (z. B. adidas, Zalando, Sony, Sky, etc.) Betriebliches Gesundheitsmanagement Ihre Aufgabengebiete umfassende Pflege von hilfsbedürftigen, alten Menschen Mitwirkung bei der Behandlung kranker, alter Menschen Ausführung ärztlicher Verordnungen Betreuung und Beratung alter Menschen und deren Angehörigen Hilfe zur Erhaltung und Aktivierung der eigenständigen Lebensführung Dokumentation und allgemeine organisatorische und administrative Aufgaben Unsere Anforderungen An Sie Als Altenpfleger (m/w/d) abgeschlossene Ausbildung als Altenpfleger (m/w/d) oder ähnliche Qualifikation Berufserfahrung wünschenswert, aber auch gerne Berufseinsteiger, die auf der Suche nach „Ihrem' geeigneten Arbeitsplatz sind hohes Maß an Verantwortungsbewusstsein und sozialer Kompetenz aufgeschlossene und einfühlsame Persönlichkeit mit Teamfähigkeit pluss Personalmanagement ist Ihr Ansprechpartner für Jobs in der Medizin- und Pflegebranche! Ob in der Kranken- oder Altenpflege - Sie leisten verantwortungsvolle Arbeit. Umso mehr liegt es uns am Herzen, für Sie den optimalen Arbeitgeber und Einsatzbereich zu finden, damit Sie Ihre beruflichen Ziele verwirklichen können. Unsere Experten aus dem Bereich Care People bieten Ihnen vielfältige Karrierechancen!",,,,healthcare,2026-10-07,https://de.linkedin.com/jobs/view/altenpfleger-m-w-d-station%C3%A4re-pflege-at-pluss-personalmanagement-gmbh-care-people-2520067737,5b8cfe1ee97c04e082f084e9f7df66cf,Lexicon,No,,,,,Germany
Pflegefachkraft,Nursing Professionals,2221,222,22,Nursing Professionals,,Grebenstein,Yachthafen Residenz Hohe Düne,,2021-04-25,Full-time,,"Für unsere Residenz Ambiente in Kassel suchen wir in Vollzeit oder Teilzeit eine Pflegefachkraft Wir sind Altenpflege - mit großem Herz und breiter Brust. Senioren ein gutes, selbstbestimmtes Leben zu ermöglichen, das ist unsere Mission, unser Antrieb und unser ganzer Stolz. Gemeinsam Mit Ihnen Möchten Wir die Hände, Augen und Ohren der Ärzte sein die Ressourcen der Bewohner fördern und deren Pflege nach den individuellen Bedürfnissen gestalten die Bewohner und deren Angehörige fachlich und menschlich beraten unsere Pflegekräfte anleiten und fördern kreative Pflege- und Betreuungskonzepte umsetzen den Bewohnern mit viel Nähe und guter Laune eine Freude machen Wir Wünschen Uns Von Ihnen eine große Leidenschaft mit und für Menschen zu arbeiten eine abgeschlossene Ausbildung in der Altenpflege, Gesundheits- und Krankenpflege oder Gesundheits- und Kinderkrankenpflege idealerweise erste Berufserfahrung, sehr gerne unterstützen wir auch Berufseinsteiger und Wiedereinsteiger Das Bieten Wir Ihnen internes Vorschlagswesen Vergünstigungen in allen Victor's Residenz-Hotels Betriebliches Gesundheitsmanage-ment Mitarbeiterevents Zuschuss zur betrieblichen Altersvorsorge exklusive Rabatte in über 600 Online-Shops ... all das und noch viel mehr. Residenzleiter Herr Thomas Utz Sagt „Unser Haus zeichnet sich durch eine große kulturelle Vielfalt aus. Wir beschäftigen Mitarbeiter aus mehr als 30 Nationen und die Atmosphäre im Haus ist richtig gut. Viele Mitarbeiter sind schon seit Jahren bei uns, ich denke, das spricht für sich. Wir stehen für Weltoffenheit, Respekt und Toleranz, getreu dem Motto unseres Stadtteils ‚Offen für Vielfalt'. Wir leben Multikulti, und zwar richtig gut, und heißen auch Sie herzlich willkommen bei uns!"" In Der Gruppe Stark Wir sind Teil der Victor's Group mit bundesweit über 120 Senioreneinrichtungen, zwei Pflegeschulen und einer eigenen Akademie sowie 14 Hotels und einer Ferienhausanlage in Portugal. Als familiengeführtes Unternehmen zeichnen wir uns durch über 40 Jahre Branchenerfahrung und Freude an neuen Herausforderungen aus. Diese Stellenanzeige richtet sich an m/w/d. Residenz Ambiente Kassel Franzgraben 51 34125 Kassel Telefon +49 561 9873 bewerbung@residenz-ambiente.de www.residenz-ambiente.de",,,,healthcare,2026-10-07,https://de.linkedin.com/jobs/view/pflegefachkraft-at-yachthafen-residenz-hohe-d%C3%BCne-2520072195,d9f8c567ea6b7533d9d88441e190e1b8,Lexicon,No,,,,,Germany
Altenpfleger (m/w/d) stationäre Pflege,Nursing Professionals,2221,222,22,Nursing Professionals,Rhineland-palatinate,Speyer,pluss Personalmanagement GmbH Care People,,2021-04-25,Full-time,,"Wir suchen Sie ab sofort als Altenpfleger (m/w/d) stationäre Pflege Wir Bieten Ihnen Einen unbefristeten Arbeitsvertrag in Teilzeit oder Vollzeit Überdurchschnittliche Vergütung zzgl. Zuschläge Zusatzleistungen wie z.B. Dienstwagen oder Fahrtkostenerstattung Urlaubs- und Weihnachtsgeld Enge Abstimmung bezüglich des Einsatzortes z.B. wohnortnahe Arbeitseinsätze Wunschplan bzw. individuell wählbare und flexibel gestaltete Arbeitszeiten Individuelle Fort- und Weiterbildungsangebote im eigenen Kompetenzzentrum sowie bei kooperierenden Bildungsträgern Attraktive Mitarbeiterrabatte (Zalando, SKY, Sony und über 150 weitere Partner) Ihre Aufgabengebiete umfassende Pflege von hilfsbedürftigen, alten Menschen Mitwirkung bei der Behandlung kranker, alter Menschen Ausführung ärztlicher Verordnungen Betreuung und Beratung alter Menschen und deren Angehörigen Hilfe zur Erhaltung und Aktivierung der eigenständigen Lebensführung Dokumentation und allgemeine organisatorische und administrative Aufgaben Unsere Anforderungen An Sie Als Altenpfleger (m/w/d) abgeschlossene Ausbildung als Altenpfleger (m/w/d) Berufserfahrung wünschenswert, aber auch gerne Berufseinsteiger, die auf der Suche nach „Ihrem' geeigneten Arbeitsplatz sind hohes Maß an Verantwortungsbewusstsein und sozialer Kompetenz aufgeschlossene und einfühlsame Persönlichkeit mit Teamfähigkeit Sie wünschen sich einen vertrauenswürdigen und langfristigen Arbeitgeber? Dann sind Sie bei pluss Personalmanagement genau richtig. Unser Unternehmen bietet seit über 30 Jahren die Möglichkeit sich beruflich frei zu entfalten und Leidenschaften nachkommen zu können. Wir suchen Persönlichkeiten, die Teil einer vertrauensvollen Partnerschaft zwischen Menschen und Unternehmen sein wollen. Lassen Sie uns Ihre beruflichen Wünsche und Bedürfnisse für Sie verwirklichen! Sie suchen nicht direkt in Speyer eine Anstellung? Sprechen Sie uns auch auf Jobs, beispielsweise in Hockenheim, Neustadt, Haßloch, Römerberg, Philippsburg oder Reilingen, an!",,,,healthcare,2026-10-07,https://de.linkedin.com/jobs/view/altenpfleger-m-w-d-station%C3%A4re-pflege-at-pluss-personalmanagement-gmbh-care-people-2520069454,ddb32a3657bedc54ee36ba7f98a9b182,Lexicon,No,,,,,Germany
Altenpfleger (m/w/d) zur Soforteinstellung,Nursing Professionals,2221,222,22,Nursing Professionals,Sachsen-Anhalt,Querfurt,Hofmann Personal,,2021-04-25,Undefined,,"Altenpfleger (m/w/d) zur Soforteinstellung Sie suchen einen Job als Altenpfleger im Raum Querfurt? Dann sind Sie auf dieser Stellenanzeige richtig, denn wir bieten Ihnen hervorragende berufliche Perspektiven und Konditionen in der Pflegebranche. Ihre Aufgaben: Ganztagsbetretung der Bewohner Medikamenten Dosierung Unterstützen der Stammbelegschaft Küchenarbeiten Ihre Qualifikation: Abgeschlossene Ausbildung als Altenpfleger Erfahrung in der Pflege Führerschein wünschenswert Ihr Vorteil: Wir sind eine internationale Unternehmensgruppe mit über 20.000 Mitarbeitern in Deutschland, Österreich, England, der Tschechischen Republik und den USA. Anstellung in einem unbefristeten Arbeitsverhältnis Schneller und unkomplizierter Einstieg Qualifikationsübergreifende Einstiegsmöglichkeiten Übertarifliche Bezahlung Lohnsteigerung durch tarifliche Branchenzuschläge Weitere Zusatzleistungen und optionale Zulagen Urlaubs- und Weihnachtsgeld Kostenlose, persönliche Schutzausrüstung Langfristige und wohnortnahe Arbeitsplätze Chance auf Übernahme durch unsere Kunden Arbeitsplatzbezogene Weiterbildungsmöglichkeiten Profitieren Sie von unserem überregionalen Hofmann-Netzwerk! Individuelle Begleitung und Beratung im Bewerbungsprozess und im Kundeneinsatz Arbeitsmedizinische und sicherheitstechnische Betreuung Bei uns finden Sie persönliche Entwicklungsmöglichkeiten durch Weiterbildung und verschiedene Einsätze bei renommierten Unternehmen aus Industrie, Handel und Dienstleistung. Bauen Sie bei und mit uns Ihr Knowhow weiter aus - wir begleiten Sie mit einer individuellen Beratung! Ihr Kontakt zu Hofmann: Zögern Sie nicht und bewerben Sie sich noch heute. Gerne beantworten wir Ihre Fragen telefonisch unter der 034771-7399-0 bzw. per E-Mail unter folgender Adresse: jobs-Querfurt@hofmann.info Wir freuen uns, bald von Ihnen zu hören! Compana",,,,healthcare,2026-10-07,https://www.careerjet.de/jobad/de72de8f634579617162c35ef5239ab023,327dcf636ddd9bd7f7764903220e01f6,Lexicon,No,,,,,Germany
Krankenpfleger (m/w/d) Frühdienst,Nursing Professionals,2221,222,22,Nursing Professionals,Berlin,Berlin,PERMACON GmbH Berlin,,2021-04-28,Undefined,,"PERMACON - Arbeitgeber mit Herz! Die PERMACON GmbH ist ein Personaldienstleistungsunternehmen, welches seit 25 Jahren an sechs Standorten bundesweit vertreten ist. Besonderer Schwerpunkt ist die Vermittlung und Überlassung von Fach- und Führungskräften im qualifizierten kaufmännischen, technischen und medizinischen Bereich. Suchen Sie eine neue Herausforderung als Krankenpfleger (m/w/d) im Frühdienst? Dann sind wir genau der richtige Arbeitgeber für Sie! Für unsere Kunden, renommierte Krankenhäuser und Klinken in Berlin, suchen wir einen Krankenpfleger (m/w/d) im Frühdienst in Vollzeit oder Teilzeit im Rahmen der langfristigen Arbeitnehmerüberlassung. Ihre Aufgaben als Krankenpflegerin Durchführung der Grund- und Behandlungspflege Dokumentation der Arbeit sowie Medikation nach ärztlicher Anweisung Ansprechpartner für Patienten und Angehörige Souveräner Umgang in Notfallsituationen Kooperative Zusammenarbeit mit Kollegen und Ärzten Ihr Profil Erfolgreich abgeschlossene Ausbildung zum Gesundheits- und Krankenpfleger (m/w/d), Krankenpfleger (m/w/d), Pflegefachkraft (m/w/d), Krankenschwester (m/w/d) oder eine vergleichbare Qualifikation Erste Berufserfahrung als Gesundheits- und Krankenpfleger (m/w/d) oder in der Krankenpflege (Klinik, ambulante Pflege oder Seniorenpflege) Verantwortungsbewusstsein, Engagement, Flexibilität und Belastbarkeit Ihre Vorteile bei PERMACON Zahlung von übertariflichen Zuschlägen (Sonn- und Feiertage sowie Nachtdienste) auf den Gesamtlohn Individuelle Arbeitszeitmodelle (Vollzeit, Teilzeit oder Midijob) Unbefristeter Arbeitsvertrag Zusatzleistungen wie Urlaubsgeld und Weihnachtsgeld, vermögenswirksame Leistungen, Verpflegungsmehraufwand oder eine Fahrkarte für den öffentlichen Personenverkehr (Berlin/Brandenburg) Rücksichtnahme auf Fahrwege (Wunschhäuser) und Work-Life-Balance (Wunschschichten) sowie Wunschfachbereiche Urlaubsplanung nach Ihren Wünschen Kostenfreie medizinische Vorsorgeuntersuchungen inkl. Impfungen Regelmäßige tätigkeitsbezogene Fort- und Weiterbildungen (z. B. Hygiene, Wundmanagement und Erste Hilfe) Mitarbeitervergünstigungen und Rabatte durch Corporate Benefits Prämienzahlung bei Werbung neuer Mitarbeiter Regelmäßige Mitarbeiterevents und Politik der offenen Tür Kostenübernahme für Arbeitskleidung Ihr Kontakt Gerrit Ninja Maronde Abteilungsleitung MED T: +49 30 22 66 79 35 Gerrit.Maronde@Permacon.de PERMACON GmbH Georgenstraße 22 10117 Berlin",,,,healthcare,2026-10-07,https://de.indeed.com/rc/clk?jk=05ed0c81ce095f7c&from=vj&pos=bottom&mvj=0&sjdu=YAMd6UJyGWgvrHoJpyMluoDDplm6SwWjHcxyoDIphKnj3gWKYviE2b-y8SxnBTUpkN0wkll9wDHc3mnStM4Hmg&astse=eee09c58ead9fa4f&assa=6493,e5ad30e303f688b2a044891ac270584d,Lexicon,No,,,,,Germany
Fachgesundheits- und Kinderkrankenpfleger (m/w/d) OP-Pflege,Nursing Professionals,2221,222,22,Nursing Professionals,Schleswig-Holstein,Schleswig-Holstein,Akzent Personaldienstleistungen,,2021-04-28,Undefined,,"ausgeschrieben am 26.04.2021 von Herzlich willkommen bei pluss Care People, den Spezialisten im Personalmanagement für Medizin & Pflege. Wir überlassen Sie Ihren Wünschen entsprechend in Einrichtungen der Altenpflege und in Institutionen der Krankenpflege. Werden Sie ein Teil von uns! Für unseren regionalen Partner suchen wir Sie als Fachgesundheits- und Kinderkrankenpfleger (m/w/d) für OP-Pflege Wir bieten Ihnen: individuell wählbare und flexibel gestaltete Arbeitszeiten garantiert planbare Freizeit und sichere Urlaubsplanung kostenlose Fortbildungen sowie Weiterbildungs- und Aufstiegschancen Integration in ein tolles Team mit steter persönlicher Betreuung vor Ort und Einsatzbegleitung unbefristeten Arbeitsplatz mit fairer Vergütung inkl. Zuschlägen und Prämien (inkl. Urlaubs- und Weihnachtsgeld) Mitarbeiterangebote (z. B. adidas, Zalando, Sony, Sky u. v. m.) Betriebliches Gesundheitsmanagement auszahlen, oder „abbummeln"" von Überstunden, falls diese freiwillig anfallen Fortbildungen und Schulungen mit zugelassenen Dozenten. (Bei uns sammeln Sie somit Punkte für die Pflegekammer!) wohnortnahe Einsätze! Schulungsraum für beste Bildungsmöglichkeiten Eventraum für Teamabende, Veranstaltungen und Co. Ihre Aufgabengebiete: Pflege, Versorgung und Betreuung von jungen und jüngsten Patienten vor, während und nach Operationen Vorbereitung und Assistenz bei der Durchführung von Operationen Sicherstellung der Verfügbarkeit aller im OP benötigten Instrumente, Materialien und Geräte Anleitung und Unterstützung der Eltern oder pflegenden Angehörigen Dokumentation Unsere Anforderungen: abgeschlossene Fachweiterbildung zur Fachgesundheits- und Kinderkrankenpfleger (m/w/d) für OP-Pflege oder gleichwertig qualifizierende Fachweiterbildung Erfahrungen im Operationsdienst sind wünschenswert hohes Maß an Verantwortungsbewusstsein und sozialer Kompetenz aufgeschlossene und einfühlsame Persönlichkeit mit Teamfähigkeit Wer wir sind? Die pluss Personalmanagement GmbH ist seit über 30 Jahren am Markt und beschäftigt in über 40 Standorten mehr als 2.500 Mitarbeiter. Wir sind überzeugt, dass die Arbeitswelt erfüllend sein kann und schaffen daher echte Partnerschaften zwischen Menschen und Unternehmen. Leidenschaft, Offenheit und Zuverlässigkeit definieren unseren Qualitätsanspruch und erzeugen dabei Vertrauen auf allen Seiten des Arbeitsmarktes. Unser Verständnis von Personaldienstleistung ist, dass wir unserem Personal Dienste leisten. Es ist uns eine Herzensangelegenheit Sie beruflich zu begleiten und stets mit dem aktuellsten Pflegewissen über Bildungsmaßnahmen auf dem aktuellen Stand zu bringen. Dies bietet in dieser Form kein anderer Personaldienstleister in unserer Region außer pluss. Bildung, der Mehrwert und erhebliche Unterschied! Haben Sie noch offene Fragen? Gerne stehen wir Ihnen auch mit unserem WhatsApp-Service zur Verfügung. Sie erreichen uns unter: 0174 45 45 500 Haben wir Sie neugierig gemacht? Dann bewerben Sie sich vorzugsweise über unsere „Onlinebewerbung"" auf https://www.pluss.de/kontakt/onlinebewerbung/ (Dauer: unter 1 Minute). Alternativ bewerben Sie sich gerne per E-Mail: bewerbung-luebeckcp@pluss.de oder rufen Sie uns an unter: +49(451)61309414 Übrigens: Bewerber 50+ sind bei uns herzlich willkommen! Wir freuen uns, Sie kennenzulernen! Es wird zur besseren Lesbarkeit im Text nur eine Sprachform verwandt. Der Text gilt unter Berücksichtigung des AGG für alle Geschlechter. Arbeitsort(e) 23909 Ratzeburg (Deutschland) 23552 Lübeck (Deutschland) 23774 Heiligenhafen (Deutschland) Beschäftigungsbeginn 15.05.2021 Arbeitszeit Vollzeit Stelle befristet Keine Angabe Art der Stelle Arbeitsplatz erforderliche Kenntnisse Krankenpflege (Grundkenntnisse) Schulbildung kein Schulabschluss Führerschein Keine Angabe Weitere Berufe Keine Angabe Bewerbung möglich per telefonisch schriftlich E-Mail Internet Benötigte Unterlagen Anschreiben, Lebenslauf, Zeugnisse Bewerbungen an pluss Personalmanagement Lübeck GmbH z. Hd. Herr Michael Hermelink Breite Straße 47 - 49 23552 Lübeck Telefon/Fax/Mobil Telefon +49(451)61309410 Fax +49(451)61309469 Akzent Personaldienstleistungen",,,,healthcare,2026-10-07,https://www.careerjet.de/jobad/deef4019be9edf697c0a902e321758f9ce,5769875d8d6f7755790e68abe0d08808,Lexicon,No,,,,,Germany
Gesundheits- und Krankenpfleger (m/w/d) für Anästhesie,Nursing Professionals,2221,222,22,Nursing Professionals,Nordrhein-Westfalen,Nordrhein-Westfalen,Akzent Personaldienstleistungen,,2021-04-28,Undefined,,"ausgeschrieben am 26.04.2021 von Wir suchen Sie ab sofort als Gesundheits- und Krankenpfleger (m/w/d) für Anästhesie Wir bieten Ihnen: individuell wählbare und flexibel gestaltete Arbeitszeiten garantiert planbare Freizeit und sichere Urlaubsplanung kostenlose Fortbildungen sowie Weiterbildungs- und Aufstiegschancen Integration in ein tolles Team mit steter persönlicher Betreuung vor Ort und Einsatzbegleitung unbefristeten Arbeitsplatz mit fairer Vergütung inkl. Zuschlägen und Prämien (inkl. Urlaubs- und Weihnachtsgeld) Mitarbeiterangebote (z. B. adidas, Zalando, Sony, Sky u. v. m.) Betriebliches Gesundheitsmanagement Ihre Aufgabengebiete: eigenverantwortliche Pflege und Betreuung von schwerkranken und schwerverletzten Patienten auf den Aufwach- und intensivmedizinischen Stationen Vorbereiten des Patienten auf die Anästhesie und den Aufwachraum Assistieren beim Einleiten, der Aufrechterhaltung und der Ausleitung der Anästhesie Durchführung von ärztlich veranlassten Maßnahmen Medikamente und Injektionen verabreichen Assistenz bei Untersuchungen und Behandlungen Dokumentation der Pflege Unsere Anforderungen: abgeschlossene Fachweiterbildung zur Fachkrankenpfleger (m/w/d) für Intensivpflege und Anästhesie einschlägige Berufserfahrung im Bereich Intensivpflege wünschenswert hohes Maß an Verantwortungsbewusstsein und sozialer Kompetenz aufgeschlossene und einfühlsame Persönlichkeit mit Teamfähigkeit Wer wir sind? Die pluss Personalmanagement GmbH ist seit über 30 Jahren am Markt und beschäftigt in über 40 Standorten mehr als 2.500 Mitarbeiter. Wir sind überzeugt, dass die Arbeitswelt erfüllend sein kann und schaffen daher echte Partnerschaften zwischen Menschen und Unternehmen. Leidenschaft, Offenheit und Zuverlässigkeit definieren unseren Qualitätsanspruch und erzeugen dabei Vertrauen auf allen Seiten des Arbeitsmarktes. Haben Sie noch offene Fragen? Gerne stehen wir Ihnen auch mit unserem WhatsApp-Service zur Verfügung. Sie erreichen uns unter: 0174 45 45 500 Haben wir Sie neugierig gemacht? Dann bewerben Sie sich vorzugsweise über den Bewerbungsbutton. Alternativ bewerben Sie sich gerne per E-Mail: bewerbung-muenstercp@pluss.de oder rufen Sie uns an unter: +49 251 674428 - 10 . Wir freuen uns, Sie kennenzulernen! Es wird zur besseren Lesbarkeit im Text nur eine Sprachform verwandt. Der Text gilt unter Berücksichtigung des AGG für alle Geschlechter. Arbeitsort(e) 46395 Bocholt (Deutschland) 46325 Borken (Deutschland) 48143 Münster (Deutschland) 48231 Warendorf (Deutschland) 48268 Greven (Deutschland) 48653 Coesfeld (Deutschland) 59227 Ahlen (Deutschland) 48683 Ahaus (Deutschland) 48301 Nottuln (Deutschland) 48341 Altenberge (Deutschland) Beschäftigungsbeginn 15.05.2021 Arbeitszeit Vollzeit Stelle befristet Keine Angabe Art der Stelle Arbeitsplatz erforderliche Kenntnisse Altenarbeit, Seniorenarbeit (Grundkenntnisse) Altenpflege (Grundkenntnisse) Pflegehilfe (Alten-, Kranken-, Behindertenpflege) (Grundkenntnisse) Schulbildung nicht relevant Führerschein Keine Angabe Weitere Berufe Altenpflegehelfer/in Bewerbung möglich per telefonisch schriftlich E-Mail Internet Benötigte Unterlagen Anschreiben, Lebenslauf, Zeugnisse Bewerbungen an pluss Personalmanagement GmbH Niederlassung Münster z. Hd. Herr Karsten Dittmer Eulerstraße 7 48155 Münster Telefon/Fax/Mobil Telefon +49(251)6744280 Mobil +49(1525)2190734 Akzent Personaldienstleistungen",,,,healthcare,2026-10-07,https://www.careerjet.de/jobad/de3e8e2555005b86c9b2e25c21ce6d3bb4,6b91d7ace82ca2a0b8dff5d2643a9f72,Lexicon,No,,,,,Germany
Pflegefachkraft (m/w/d),Nursing Professionals,2221,222,22,Nursing Professionals,Niedersachsen,Osnabrück,Pluss Personalmanagement,,2021-04-28,Undefined,,"Deine Aufgabengebiete: Ermittlung des Pflegebedarfs und eigenverantwortliche, umfassende Pflege von kranken und pflegebedürftigen Menschen Durchführung von ärztlich veranlassten Maßnahmen Assistenz bei Untersuchungen und Behandlungen Dokumentation und Pflege Beratung, Anleitung und Unterstützung von kranken und pflegebedürftigen Menschen und deren Bezugspersonen Unsere Anforderungen: abgeschlossene Ausbildung als Gesundheits- und Krankenpfleger (m/w/d), Altenpfleger (m/w/d) oder ähnliche Qualifikation Berufserfahrung wünschenswert, aber nicht zwingend notwendig Bereitschaft zur Schichtarbeit hohes Maß an Verantwortungsbewusstsein und sozialer Kompetenz aufgeschlossene und einfühlsame Persönlichkeit mit Teamfähigkeit Wer wir sind? Die pluss Personalmanagement GmbH ist seit über 35 Jahren am Markt und beschäftigt in über 40 Standorten mehr als 2.500 Mitarbeiter. Wir sind überzeugt, dass die Arbeitswelt erfüllend sein kann und schaffen daher echte Partnerschaften zwischen Menschen und Unternehmen. Leidenschaft, Offenheit und Zuverlässigkeit definieren unseren Qualitätsanspruch und erzeugen dabei Vertrauen auf allen Seiten des Arbeitsmarktes. Hast du noch offene Fragen? Gerne stehen wir dir auch mit unserem WhatsApp-Service unter 01525 / 216 91 58 zur Verfügung. Du hast noch keine Vorstellung, wie der Alltag bei pluss aussehen kann? Dann stöbere dich gerne vorab durch unseren Facebook-Account bewerbung-osnabrueckcp.bfygf@pluss-jobs.de. Konnten wir dich überzeugen? Dann bewirb dich vorzugsweise über den Bewerbungs-Button. Alternativ bewirb dich gerne per E-Mail an oder rufe uns an unter 0541 / 91 19 90 402. Wir freuen uns, dich kennenzulernen! Es wird zur besseren Lesbarkeit im Text nur die männliche Sprachform verwandt. Der Text gilt unter Berücksichtigung des AGG für alle Geschlechter. Pluss Personalmanagement",,,,healthcare,2026-10-07,https://www.careerjet.de/jobad/deef30473438a53f568df932a44033efc8,7af7d38255a3f5909f59feaad443b13e,Lexicon,No,,,,,Germany
Krankenschwester/-pfleger (m/w/d) jetzt bewerben,Nursing Professionals,2221,222,22,Nursing Professionals,Baden-Württemberg,Heidelberg,Akzent Personaldienstleistungen,,2021-04-28,Undefined,,"ausgeschrieben am 27.04.2021 von Tolle Möglichkeiten mit überdurchschnittlichen Grundgehalt als Krankenschwester/-pfleger, Gesundheits- und Krankenpfleger (m/w/d) in Heidelberg Unser Angebot an dich: ein unbefristetes Arbeitsverhältnis mit gelebter Work-Life-Balance: wähle dein Abeitszeitmodell Zuschläge von bis zu 75 %: Wochenend-, Nacht-, Feiertags- und Überstundenzuschläge Job-Ticket, Fahrtkostenerstattung oder einen Dienstwagen Sonderprämien für z.B. „Mitarbeiter werben Mitarbeiter"" Diese Voraussetzungen bringst du mit: eine abgeschlossene 3-jährige Ausbildung in der Krankenpflege als Gesundheits- und Krankenpfleger, Krankenschwester/-pfleger (m/w/d) ein hohes Maß an Verantwortungsbewusstsein und sozialer Kompetenz Leidenschaft zum Beruf sowie die Bereitschaft in verschiedenen Funktionsbereichen zu arbeiten Das beinhalten deine Tätigkeiten: die Durchführung der Grund- und Behandlungspflege und alle verantwortlichen Arbeiten als Fachkraft die Begleitung ärztlicher Visiten sowie deren Ausarbeitung Krankenbeobachtung und fachgerechte Dokumentation Werde Teil unseres Teams Sende uns deine Kurzbewerbung mit Lebenslauf & Urkunde an bewerbung.mannheim@kcs-medical.de Zur persönlichen Kontaktaufnahme erreichst du uns unter 0621 - 121 88 152 Dein KCS Medical Team Arbeitsort(e) 69118 Heidelberg (Deutschland) Beschäftigungsbeginn 01.05.2021 Arbeitszeit Vollzeit Stelle befristet Keine Angabe Art der Stelle Arbeitsplatz erforderliche Kenntnisse Keine Angabe Schulbildung nicht relevant Führerschein Keine Angabe Weitere Berufe Gesundheits- und Kinderkrankenpfleger/in Bewerbung möglich per telefonisch schriftlich E-Mail Internet zam24.de Benötigte Unterlagen Urkunde, Zeugnis, Lebenslauf Bewerbungen an KCS Medical GmbH z. Hd. Frau Katja Grimm R 3,16 68161 Mannheim Telefon/Fax/Mobil Telefon +49(621)12188152 Fax +49(621)12188159 Akzent Personaldienstleistungen",,,,healthcare,2026-10-07,https://www.careerjet.de/jobad/de6c15921bd616d9ed5b8886c1e7b5f945,79b57876d98b0428da49e33e4c41dfbe,Lexicon,No,,,,,Germany
Altenpfleger (m/w/d) ab 3.500€ Brutto + attraktive Konditionen,Nursing Professionals,2221,222,22,Nursing Professionals,Hessen,Frankfurt am Main,KBS Group,,2021-04-28,Undefined,€ 3.500 pro Monat,"Die Niederlassung in Frankfurt am Main ist für Sie die richtige Niederlassung, wenn Sie im Bereich der stationären und ambulanten Alten- und Krankenpflege nach neuen Wegen auf dem Arbeitsmarkt suchen. Wir setzen auf langfristige, vertrauensvolle Beziehungen zu unseren Mitarbeitern und Kunden. Werden Sie noch heute Teil der KBS Frankfurt am Main. Wir suchen: Altenpfleger (m/w/d) ab 3.500€ Brutto + attraktive Konditionen! Nicht stagnieren, sondern zufrieden in die Zukunft gehen! Gehen Sie den Weg mit uns gemeinsam! Wir ändern zusammen nicht die Pflege in ihren Grundfesten, aber bieten einen guten Weg mit mehr Flexibilität bei der Dienstplangestaltung und mehr Mitspracherecht. Was wir bieten: Bezahlung ab 3.500€ brutto Dienstwagen + Tankkarte (auch zur privaten Nutzung) Mitsprache bei der Dienstplangestaltung Urlaubs- und Weihnachtsgeld tarifvertraglich Mitarbeiterevents Ihre Aufgaben: Grundpflege und Behandlungspflege der Bewohner und Patienten Planung und Dokumentation der Pflegemaßnahmen fachgerechte Umsetzung der ärztlich veranlassten Maßnahmen Ansprechpartner sein für Patienten und Angehörige Was wir erwarten: mehrjährige Berufserfahrung im Pflegebereich Zuverlässigkeit Freude am Umgang mit alten Menschen angenehmes und freundliches Auftreten Wir haben Ihr Interesse geweckt? Dann kontaktieren Sie uns direkt: KBS Group GmbH Große Bockenheimer Straße 6 60313 Frankfurt am Main Tel.: 069 210878790 bewerbung-frankfurt@kbs-group.de Bitte berücksichtigen Sie, dass wir postalisch zugesendete Bewerbungen nicht zurücksenden, die Abholung aber selbstverständlich möglich ist und keine Fahrtkosten für das Gespräch erstattet werden. Stellendetails: Einsatzort: 61250 Hessen Deutschland Branche: Personaldienstleistung/Zeitarbeit Beruf: Altenpfleger / Altenpflegerin Tätigkeitsbereich: Sozialwesen/Pflege Vertragsart: Festanstellung (Zeitarbeit) Befristung: unbefristet Kontakt: KBS Group GmbH KBS Group",,,,healthcare,2026-10-07,https://www.careerjet.de/jobad/de13c04191437927acd3155dd99a3e160c,ed292c0e905de7509ce02c530e749fa4,Lexicon,No,,,,,Germany
Altenpfleger (m/w/d) Wir suchen dich,Nursing Professionals,2221,222,22,Nursing Professionals,Hessen,Kronberg im Taunus,Akzent Personaldienstleistungen,,2021-04-28,Undefined,"€ 25,00 pro Stunde","ausgeschrieben am 26.04.2021 von Neuer Job - viel mehr Zufriedenheit!!! Wir suchen DICH: examinierte Altenpfleger (m/w/d) bis zu 25€ Stundenlohn Unser Angebot für DICH: ein unbefristetes Arbeitsverhältnis für eine Zusammenarbeit mit Perspektive sowie flexiblen Arbeitszeiten ein übertarifliches Monatsgehalt mit voller sozialer Absicherung bis zu 75% steuerfreie Zuschläge abwechslungsreiche und spannende Einsatzorte sowie Sonderprämien, z.B. ""Mitarbeiter werben Mitarbeiter"" und vieles mehr ... Das wünschen wir uns von dir: abgeschlossene Ausbildung als examinierte Altenpfleger (m/w/d) oder Gesundheits- und Krankenpfleger (m/w/d) fachgerechte und professionelle Versorgung der Bewohner und Patienten stehen für dich an erster Stelle Wohnort im Rhein-Main-Gebiet Deine Aufgaben: die Durchführung der Grund- und Behandlungspflege das Arbeiten im 2- bis 3-Schicht-System Einsätze in Altenheimen und Krankenhäusern Neugierig geworden? Dann freuen wir uns auf eine gemeinsame Zukunft mit dir. Rufe uns einfach unter 069-989 723 73-0 an oder sende uns direkt deine Bewerbung an bewerbung.frankfurt@kcs-medical.de Wir freuen uns auf DICH! Dein KCS Medical Team. Arbeitsort(e) 61476 Kronberg (Deutschland) Beschäftigungsbeginn Sofort Arbeitszeit Vollzeit Stelle befristet Keine Angabe Art der Stelle Arbeitsplatz erforderliche Kenntnisse Keine Angabe Schulbildung nicht relevant Führerschein Keine Angabe Weitere Berufe Altenpfleger/in Bewerbung möglich per telefonisch schriftlich E-Mail Internet zam24.de Benötigte Unterlagen Lebenslauf, Zeugnisse, Zertifikate Bewerbungen an KCS Medical GmbH z. Hd. Frau Denise Pfeiffer Günthersburgallee 60 60316 Frankfurt Telefon/Fax/Mobil Telefon +49(69)989723730 Fax +49(69)989723739 Akzent Personaldienstleistungen",,,,healthcare,2026-10-07,https://www.careerjet.de/jobad/de603fd7238708f650aa44e6e9bc9756ae,969bcc2b090a09f87e4119f69b37d295,Lexicon,No,,,,,Germany
Krankenpfleger (m/w/d) Bonus 6.000 EUR,Nursing Professionals,2221,222,22,Nursing Professionals,Sachsen-Anhalt,Sachsen-Anhalt,German Career Company,,2021-04-28,Undefined,€ 6.000 pro Monat,"wir freuen uns auf Sie als: exam. Krankenpfleger (m/w/d) in Halle Bonus 6.000 EUR Wir machen den Unterschied Durch unsere jahrelange Erfahrung und vielfältigen Kontakte zu Kliniken kennen wir uns bestens aus mit den Pflege- und Medizinberufen. Wir haben großen Respekt vor dem Beruf des Gesundheits- und Krankenpflegers, der hochwertigen medizinischen Ausbildung und schätzen die umfassende pflegerische Kompetenz. Gesundheits- und Krankenpflege bedeutet für uns, Verantwortung für die Patienten zu übernehmen und durch die persönliche Hingabe und Nähe einen wichtigen Beitrag zum Wohlergehen und zur Gesundung des Patienten zu leisten. Ihr Engagement honorieren wir mit vorzüglichen Konditionen und freuen uns, Ihnen einen zusätzlichen Treuebonus von 6.000 EUR anzubieten. Ihre Perspektive beste Vergütung mit Urlaubs- und Weihnachtsgeld zusätzlicher Treuebonus von 6.000 EUR Arbeitszeitmodell nach Ihren Bedürfnissen auf Wunsch auch kurzfristige Arbeitsaufnahme ein wertvoller Arbeitsplatz bei der GermanCareerCompany, dem Pflegespezialisten Die Fahrten von Ihrem Wohnort zur Klinik planen und organisieren wir sorgfältig für Sie, erstellen Ihren persönlichen Reiseplan mit den öffentlichen Verkehrsmittel und übernehmen sämtliche Fahrtkosten - wenn erforderlich kann Ihnen auch ein Firmenfahrzeug zur Verfügung gestellt werden. Zusätzlich erhalten Sie steuerfreie Spesen. Sie haben die Wahl Gestalten Sie zusammen mit uns Ihren Arbeitsplatz, nutzen Sie unsere Erfahrung und unsere Kompetenz - Ihr berufliches Erfolgsmodell. Gerne steht Ihnen Frau Darlene Jaeschke für Fragen zur Stelle vorab zur Verfügung; rufen Sie einfach kurz an: 0711/252914 86. Tipp: über eine Online-Bewerbung oder eine Zusendung Ihrer Bewerbung per E-Mail kommen Sie am schnellsten mit uns in Kontakt: darlene.jaeschke@gcc-company.de GermanCareerCompany Die richtige Einstellung Wir bringen zusammen, wer zusammen gehört: Als klassischer Personaldienstleister vermitteln und überlassen wir profilgenau Mitarbeiter (m/w/d) in den Bereichen Gesundheitswesen und Pflege. Wir sind ein hochspezialisiertes Unternehmen mit Hauptsitz in Stuttgart, das auf einen großen Erfahrungsschatz des gesamten Teams im Personalmanagement baut. Der persönliche Kontakt ist uns wichtig. Daher verstehen wir beide Seiten, ob Kunde oder Bewerber, als unsere Partner, für die wir uns aktiv engagieren. GermanPersonnel",,,,healthcare,2026-10-07,https://www.careerjet.de/jobad/de208b6fbb701cb7398a0aded9870c4b14,40649a8a213f648775ec18665104d87f,Lexicon,No,,,,,Germany
Gesundheits- und Krankenpfleger (m/w/d) ab 3900€ Brutto+Dienstwagen,Nursing Professionals,2221,222,22,Nursing Professionals,Hessen,Frankfurt am Main,KBS Group,,2021-04-28,Undefined,€ 3.900 pro Monat,"Bei der KBS Group GmbH sind Sie richtig, wenn Sie auf dem Arbeitsmarkt neue Wege zum richtigen Job suchen. Wir stehen für individuelle und passgenaue Arbeitsmodelle für Berufseinsteiger und Berufserfahrene. Wir setzen auf langfristige, vertrauensvolle Beziehungen zu unseren Mitarbeitern und Kunden. Wir suchen: Gesundheits- und Krankenpfleger (m/w/d) ab 3900€ Brutto+Dienstwagen Sie möchten sich Herausforderungen stellen und neue Erfahrungen sammeln? Dann sind Sie bei der KBS Group genau richtig. Neben tollen Einsätzen und einem überdurchschnittlichem Gehalt erhalten Sie bei uns die Abwechslung, die Sie suchen! Wir bieten: - Gehalt ab 3900€ Brutto - Dienstwagen + Tankkarte (auch zur privaten Nutzung) - Mitsprache bei der Dienstplangestaltung - Urlaubs- und Weihnachtsgeld tarifvertraglich - Mitarbeiterevents Ihre Aufgaben: - Versorgung von Patienten im Rahmen der Grund- und Behandlungspflege - Planung und Dokumentation der Pflegemaßnahmen - fachgerechte Umsetzung der ärztlich veranlassten Maßnahmen - vertrauensvoller Ansprechpartner für Patienten, Angehörige und Mitarbeiter Ihr Profil: - abgeschlossene Ausbildung als Gesundheits- und Krankenpfleger (m/w/d) - Verantwortungsvoller Umgang mit Bewohnern und Patienten Wir haben Ihr Interesse geweckt? Dann kontaktieren Sie uns direkt: KBS Group GmbH Große Bockenheimer Straße 6 60313 Frankfurt am Main Tel.: 069 210878790 bewerbung-frankfurt@kbs-group.de Bitte berücksichtigen Sie, dass wir schriftliche Bewerbungen nicht zurücksenden, die Abholung aber selbstverständlich möglich ist und keine Fahrtkosten für das Gespräch erstattet werden. Stellendetails: Einsatzort: 60313 Hessen Deutschland Branche: Personaldienstleistung/Zeitarbeit Beruf: Gesundheits- und Krankenpfleger / Gesundheits- und Krankenpflegerin Tätigkeitsbereich: Sozialwesen/Pflege Vertragsart: Festanstellung (Zeitarbeit) Befristung: unbefristet Kontakt: KBS Group GmbH KBS Group",,,,healthcare,2026-10-07,https://www.careerjet.de/jobad/de6db182ba4604cdf3ada5bba393638167,11362e611d869363985a036f602b85a6,Lexicon,No,,,,,Germany
Altenpfleger (m/w/d) ab 3.500€ Brutto + super Konditionen,Nursing Professionals,2221,222,22,Nursing Professionals,Hessen,Frankfurt am Main,KBS Group,,2021-04-28,Undefined,€ 3.500 pro Monat,"Die Niederlassung in Frankfurt am Main ist für Sie die richtige Niederlassung, wenn Sie im Bereich der stationären und ambulanten Alten- und Krankenpflege nach neuen Wegen auf dem Arbeitsmarkt suchen. Wir setzen auf langfristige, vertrauensvolle Beziehungen zu unseren Mitarbeitern und Kunden. Werden Sie noch heute Teil der KBS Frankfurt am Main. Wir suchen: Altenpfleger (m/w/d) ab 3.500€ Brutto + super Konditionen! Keine Lust mehr auf Schichtpläne die Sie nicht beeinflußen können? Dann werden Sie Teil der KBS Group und profitieren von der Möglichkeit Ihre Dienstpläne selbst zu gestalten. Bei uns stehen Sie im Vordergrund, denn Respekt, Wertschätzung und Anerkennung sind unser Fundament für eine erfolgreiche Zusammenarbeit. Was wir bieten: Bezahlung ab 3.500€ brutto Dienstwagen + Tankkarte (auch zur privaten Nutzung) Mitsprache bei der Dienstplangestaltung Urlaubs- und Weihnachtsgeld tarifvertraglich Mitarbeiterevents Ihre Aufgaben: Grundpflege und Behandlungspflege der Bewohner und Patienten Planung und Dokumentation der Pflegemaßnahmen fachgerechte Umsetzung der ärztlich veranlassten Maßnahmen Ansprechpartner sein für Patienten und Angehörige Was wir erwarten: mehrjährige Berufserfahrung im Pflegebereich Zuverlässigkeit Freude am Umgang mit alten Menschen angenehmes und freundliches Auftreten Wir haben Ihr Interesse geweckt? Dann kontaktieren Sie uns direkt: KBS Group GmbH Große Bockenheimer Straße 6 60313 Frankfurt am Main Tel.: 069 210878790 bewerbung-frankfurt@kbs-group.de Bitte berücksichtigen Sie, dass wir postalisch zugesendete Bewerbungen nicht zurücksenden, die Abholung aber selbstverständlich möglich ist und keine Fahrtkosten für das Gespräch erstattet werden. Stellendetails: Einsatzort: 35619 Hessen Deutschland Branche: Personaldienstleistung/Zeitarbeit Beruf: Altenpfleger / Altenpflegerin Tätigkeitsbereich: Sozialwesen/Pflege Vertragsart: Festanstellung (Zeitarbeit) Befristung: unbefristet Kontakt: KBS Group GmbH KBS Group",,,,healthcare,2026-10-07,https://www.careerjet.de/jobad/def009a7ca5f517ef06ef8587b2ba6dfd0,f0274a8d8abf0e9fc81d00907f426dd1,Lexicon,No,,,,,Germany
Gesundheits- und Krankenpfleger (m/w/d),Nursing Professionals,2221,222,22,Nursing Professionals,Hesse,34497 Korbach,Hessenklinik Stadtkrankenhaus Korbach gGmbH,,2021-04-28,Undefined,,"Wir suchen zur Verstärkung unserer Pflegeteams zum nächstmöglichen Zeitpunkt GESUNDHEITS- UND KRANKENPFLEGER (M/W/D) Haus der Grund- und Regelversorgung, in dem das Pflegesystem der „Bereichspflege"" praktiziert wird. In der Hessenklinik werden Patienten in den Fachrichtungen Unfallorthopädie, Gynäkologie und Geburtshilfe, Kardiologie, Gastroenterologie, Viszeralchirurgie und Geriatrie versorgt, zudem gibt es Belegabteilungen für HNO und Urologie. In Voll- oder Teilzeit sind Sie dort im 3-Schicht-System tätig. Ihr Profil: Abgeschlossene Ausbildung als Gesundheits- und Krankenpfleger/-in, gerne mit Berufserfahrung Bereitschaft zur Arbeit in Wechselschicht und an Wochenenden Interesse an Fort- und Weiterbildung sowie pflegerischen Qualitätsstandards Gute Kenntnisse in der Pflege- und PKMS-Dokumentation Gutes Kommunikationsgeschick, hohe Flexibilität, selbständiges und strukturiertes Arbeiten im Team Wir bieten: Stellenanteil von 25 bis 100% einer entsprechenden Vollzeitbeschäftigung Einbindung in ein gut strukturiertes und zukunftsorientiertes Team Eine interessante und abwechslungsreiche Tätigkeit Regelmäßige Fort- und Weiterbildungsmöglichkeiten Gerne auch die Möglichkeit zur Probearbeit Alles Weitere sowie die Details Ihrer zukünftigen Tätigkeit möchten wir gerne in einem persönlichen Gespräch mit Ihnen erörtern. Sie sind interessiert? Dann freuen wir uns auf Ihre aussagekräftige Bewerbung mit den üblichen Unterlagen. Richten Sie Ihre Bewerbung bitte an die Pflegedienstleitung (Gerlinde Stremme) per E-Mail an g.stremme@krankenhaus-korbach.de oder per Post an: Hessenklinik Stadtkrankenhaus Korbach gGmbH, Pflegedienstleitung, Frau Gerlinde Stremme, Enser Straße 19, 34497 Korbach",,,,healthcare,2026-10-07,https://de.indeed.com/Zeige-Job?jk=b74e63ed2804b022,d61ca8fd568e3c8260fbf292feda89a2,Lexicon,No,,,,,Germany
Sozialarbeiter*in / Pflegefachkraft / Heilerziehungspfleger*in / Ergotherapeut*in oder vergleichbare Qualifikation (m/w/d),Nursing Professionals,2221,222,22,Nursing Professionals,7,Bergisch Gladbach,Die Kette e.V.,,2021-04-29,Full-time,,"Die Kette e.V. ist ein Dienstleistungsunternehmen, das seit ber 30 Jahren fr die sozialpsychiatrische Versorgung im Rheinisch-Bergischen Kreis ttig ist und neben Kontakt- und Beratungsangeboten, ambulantem und stationrem Wohnen, beruflicher Bildung und Rehabilitation sowie tagesstrukturierenden Manahmen vielfltige Hilfen fr psychisch kranke Menschen anbietet. Fr unser Ambulant Betreutes Wohnen suchen wir zum nchstmglichen Zeitpunkt fr den Raum Bergisch Gladbach, Rsrath, Overath Sozialarbeiter*in / Pflegefachkraft / Heilerziehungspfleger*in / Ergotherapeut*in oder vergleichbare Qualifikation (m/w/d) - Voraussetzung ist eine einjhrige Berufserfahrung mit der Zielgruppe - in Teil- oder Vollzeit Zu dem Personenkreis im Ambulant Betreuten Wohnen zhlen Menschen mit einer psychischen Behinderung und oder Abhngigkeitserkrankung. Ihre Aufgaben: Alltagsbegleitung und Frderung unserer Nutzer*innen Anleitung und Untersttzung bei mter- und Behrdenangelegenheiten Bedarfsermittlung und Koordinierung der hieraus resultierenden Hilfen Ihr Profil: Sie haben ein abgeschlossenes Studium in der Sozialen Arbeit oder eine vergleichbare Qualifikation sowie Erfahrung in der Arbeit mit unserer Zielgruppe Sie besitzen Fhigkeiten in der Arbeitsorganisation und planerisches Denken Sie arbeiten gerne im Team und besitzen die Bereitschaft zum Arbeiten in Netzwerken Ein Fhrerschein der Klasse B und ein eigener PKW sind erforderlich Wir bieten einen Arbeitsplatz mit einer leistungsgerechten Vergtung; regelmigem Austausch, Supervision und Fortbildung; flexiblen Arbeitszeiten; einem guten Arbeitsklima; Diensthandy; interner Vernetzung und Qualittsmanagement; betrieblichem Gesundheitsmanagement; Deeskalationstraining; 30 Tagen Urlaub pro Jahr. Bewerber mit einer Behinderung werden entsprechend unserer betrieblichen Integrationsvereinbarung bei gleicher Qualifikation bevorzugt eingestellt. Wenn Sie an einer Mitarbeit interessiert sind, freuen wir uns auf Ihre schriftliche Bewerbung. Online Bewerbungen bitte ausschlielich im PDF-Format. 01.03.2021 Die Kette e.V. | Paffrather Str. 70 | 51465 Bergisch Gladbach 0 22 02 / 25 61 0 | karriere@die-kette.de",,,,healthcare,2026-10-07,"https://www.glassdoor.de/job-listing/sozialarbeiter-in-pflegefachkraft-heilerziehungspfleger-in-ergotherapeut-in-oder-vergleichbare-qualifikation-mwd-die-kette-ev-JV_IC2719584_KO0,112_KE113,125.htm?jl=4021198907",3f398a4f012ee5add0e9e40fc5d7e7bc,Lexicon,No,,,,,Germany
Krankenpfleger (m/w/d) Bonus 6.000 EUR,Nursing Professionals,2221,222,22,Nursing Professionals,Mecklenburg-Vorpommern,Mecklenburg-Vorpommern,German Career Company,,2021-04-28,Undefined,€ 6.000 pro Monat,"wir freuen uns auf Sie als: exam. Krankenpfleger (m/w/d) in Schwerin Bonus 6.000 EUR Wir machen den Unterschied Durch unsere jahrelange Erfahrung und vielfältigen Kontakte zu Kliniken kennen wir uns bestens aus mit den Pflege- und Medizinberufen. Wir haben großen Respekt vor dem Beruf des Gesundheits- und Krankenpflegers, der hochwertigen medizinischen Ausbildung und schätzen die umfassende pflegerische Kompetenz. Gesundheits- und Krankenpflege bedeutet für uns, Verantwortung für die Patienten zu übernehmen und durch die persönliche Hingabe und Nähe einen wichtigen Beitrag zum Wohlergehen und zur Gesundung des Patienten zu leisten. Ihr Engagement honorieren wir mit vorzüglichen Konditionen und freuen uns, Ihnen einen zusätzlichen Treuebonus von 6.000 EUR anzubieten. Ihre Perspektive beste Vergütung mit Urlaubs- und Weihnachtsgeld zusätzlicher Treuebonus von 6.000 EUR Arbeitszeitmodell nach Ihren Bedürfnissen auf Wunsch auch kurzfristige Arbeitsaufnahme ein wertvoller Arbeitsplatz bei der GermanCareerCompany, dem Pflegespezialisten Die Fahrten von Ihrem Wohnort zur Klinik planen und organisieren wir sorgfältig für Sie, erstellen Ihren persönlichen Reiseplan mit den öffentlichen Verkehrsmittel und übernehmen sämtliche Fahrtkosten - wenn erforderlich kann Ihnen auch ein Firmenfahrzeug zur Verfügung gestellt werden. Zusätzlich erhalten Sie steuerfreie Spesen. Sie haben die Wahl Gestalten Sie zusammen mit uns Ihren Arbeitsplatz, nutzen Sie unsere Erfahrung und unsere Kompetenz - Ihr berufliches Erfolgsmodell. Gerne steht Ihnen Frau Darlene Jaeschke für Fragen zur Stelle vorab zur Verfügung; rufen Sie einfach kurz an: 0711/252914 86. Tipp: über eine Online-Bewerbung oder eine Zusendung Ihrer Bewerbung per E-Mail kommen Sie am schnellsten mit uns in Kontakt: darlene.jaeschke@gcc-company.de GermanCareerCompany Die richtige Einstellung Wir bringen zusammen, wer zusammen gehört: Als klassischer Personaldienstleister vermitteln und überlassen wir profilgenau Mitarbeiter (m/w/d) in den Bereichen Gesundheitswesen und Pflege. Wir sind ein hochspezialisiertes Unternehmen mit Hauptsitz in Stuttgart, das auf einen großen Erfahrungsschatz des gesamten Teams im Personalmanagement baut. Der persönliche Kontakt ist uns wichtig. Daher verstehen wir beide Seiten, ob Kunde oder Bewerber, als unsere Partner, für die wir uns aktiv engagieren. GermanPersonnel",,,,healthcare,2026-10-07,https://www.careerjet.de/jobad/de9b3454b09479b9ee89d2c2c6340896f7,186012a7528961653707bc5812f5b883,Lexicon,No,,,,,Germany
Gesundheits- und Krankenpfleger (m/w/d),Nursing Professionals,2221,222,22,Nursing Professionals,Bavaria,91522 Ansbach,freemedics GmbH,,2021-04-29,Undefined,,"Gesundheits- und Krankenpfleger (m/w/d) für die psychiatrische Kinderpflege gesucht! Unser Kunde, eine Bezirksklinik in Ansbach ist derzeit auf der Suche nach Ihrer Unterstützung als Gesundheits- und Krankenpfleger (m/w/d) für den Bereich psychiatrische Kinderpflege. Sie haben Interesse? Dann bewerben Sie sich noch heute, wir beißen nicht! Ihre Vorteile: Ein unbefristeter Arbeitsvertrag Flexible Arbeitszeitmodelle Gesundheitsprämie Jobeinstiegsprämie Wechselschichtprämien Attraktive Vergütung Urlaubs- und Weihnachtsgeld Fahrtkostenübernahme Überstundenvergütung oder Freizeitausgleich 30 Tage Erholungsurlaub Kostenloses Obst und Getränke Steuerfreie Zuschläge Geförderte Altersvorsorge Schnelle und transparente Bewerbungsprozesse Es fehlt noch etwas? Immer raus damit! Ihre Qualifikation: Ausbildung zum Gesundheits- und Krankenpfleger (m/w/d) Alternativ: Gesundheits- und Kinderkrankenpfleger (m/w/d), Kinderkrankenschwester (m/w/d), Krankenschwester (m/w/d), Heilerziehungspfleger (m/w/d), Erzieher (m/w/d) Idealerweise bereits erste Berufserfahrung in Ihrem Ausbildungsberuf Interesse für den psychiatrischen Bereich Aufwändige Bewerbungsprozesse.. ..sind bei uns bereits von Vorgestern! Bewerben Sie sich durch einen Klick auf ""jetzt bewerben"", eine Mail an tobias.hepp@free-medics.de, oder durch einen Anruf unter der 0172-5787 128. Gerne können wir nähere Details direkt telefonisch besprechen. Sie können Ihren Ansprechpartner, Herrn Tobias Hepp dabei auch gerne per WhatApp kontaktieren. Unser Versprechen: Bewerbungsprozess unter einer Woche",,,,healthcare,2026-10-07,https://de.indeed.com/Zeige-Job?jk=c4505b5135deea6c,b607ce280f873a1b41f8547f5ae2eff1,Lexicon,No,,,,,Germany
Psychologist - Counsellor,Unclassified,,,,Unclassified,,Home Office,SolaVieve Technologies GmbH,,2021-04-22,Full-time,,"TELEMEDICINE REMOTE WORKING - HEALTH & WELLNESS About SolaVieve Technologies GmbH SolaVieve is a progressive technology and operations company focused on building communities worldwide around healthy and smart living. We have spent the past 40+ years honing the core elements of our business model, which were executed through our extensive involvement in one of the world's most successful health & wellness companies, Canyon Ranch. Enhanced through our technological innovation, our high return social impact model has a long track record of outperforming the market and accelerating during recessionary periods due to being a product of need, as well as want. Our strategic partners are the United Nations Global Sustainability Index Institute (UNGSII) and the World Health Innovation Summit (WHIS). Together, we are working on achieving the United Nations Sustainable Development Goals (SDGs) in cooperation with the WHO, UNICEF, UNOPS, UNSDSN, and other SDG-related Excellence Partners. Position Summary We are searching for inspiring and well-rounded Psychologists to join our digital health platform, which is designed to offer integrated, whole - person solutions. Using telehealth technologies, our Psychologists will consult with clients to determine their needs, capabilities, and challenges, while administering assessments and devising treatment plans to improve their mental state and overall well being. Tasks Client Services (80%) Conducting one-on-one, group, and multi-practitioner therapy-oriented consultations Conducting a wide variety of interventions and behavioral change methodologies depending on the client need - from solution focused brief therapy to hypnotherapy to cognitive behavioral therapy Conducting screenings and telehealth-oriented diagnostic tests, such as biofeedback, to reveal health issues Advancing and restoring patients to good health by administering or suggesting personalized and appropriate interventions Informing clients about the functions of each treatment Monitoring and evaluating the implications of treatments Performing clinical documentation Developing and performing webinars and/or online workshops Arranging follow-up consultations with clients and/or referrals, as necessary Participating in inter-professional team meetings, incorporating the client's needs into the overall care plan Coordinating with third-party practitioners, as necessary Collaboration (20%) Collaborating with other SolaVieve practitioners across the health spectrum to develop new services and products, share knowledge, and continuously improve the client experience Conducting case conferences, when necessary, on clients to achieve whole-person servicing Triaging and coordinating a client's care by consulting with SolaVieve and third-party health professionals, while exchanging continuity of care records Other Duties and Responsibilities Adhering to SolaVieve's high standards for client service Maintaining all licensures, certifications, and insurance requirements Attending departmental staff meetings and other approved trainings and administrative meetings Participating in professional development/educational activities/programs to ensure excellence in the provision of Mental Health care Conduct in-person consultations, when possible Performs other job-related duties as directed Requirements Education Master's, Ph.D. or Psy.D. in clinical psychology, counseling, or social work. Certifications/Licenses: Must be a licensed clinical or counseling psychologist, licensed mental health counselor, or licensed clinical social worker, with the ability of working across country borders. Biofeedback certification or other certification/training in the Mental Health field is highly desirable Experience Minimum 3-5 years experience as a therapist, counselor, or social worker, preferably within a multidisciplinary setting At least 2 years working with clients in the continuum of health and vitality Experience with Solution Focused Brief Therapy (SFBT) techniques (preferred) Hands on experience with consulting people for addressing the root causes of life dissatisfaction, inconvenience, and deficient quality of life with healthy lifestyle modifications Knowledge, Skills & Abilities Possesses outstanding clinical judgment Ability to collaborate with professionals across the health spectrum Possesses excellent oral and written communication skills (proficient in English) Ability to explain complex health-related phenomena in a simple and practical manner Ability to use technology to administer consultations Possesses excellent organisational skills and the ability to work towards and meet deadlines Possesses the knowledge of research procedures, methods, techniques, statistical principles, measurement theories and data collection instruments Possesses the ability to research, curate, and synthesize large amounts of data, with sufficient technology skills to facilitate the process Personal Characteristics Empathy, kindness, understanding, caring, and compassion Personal adherence to healthy lifestyle habits is preferred Excellent counseling/clinical skills and compliance with confidentiality requirements Passionate about health and serving others Passionate about achieving wellbeing and prevention through lifestyle practices Ability to work effectively with a diverse population of clients and health care staff Demonstrate the highest level of confidentiality and integrity Additional Requirements Equipment: You have the personal equipment used for telemedicine sessions which meets SolaVieve standards Connectivity: Your internet connectivity is sufficiently maintained and meets SolaVieve standards Benefits Increasing your social impact worldwide Becoming a global influencer on lifestyle and preventive practices Maximizing your earning potential Deepening your knowledge and experience through cross-functional collaboration Access to progressive thought leaders and institutions worldwide Engaging in meaningful and purpose-driven work with the ability to address a diverse set of sustainability issues around the world Ability to embody healthy living and optimize your personal wellbeing Location As a progressive digital company, you will have the ability of working remotely anywhere in the world with flexible working hours, while being a part of our global team based in Heidelberg, Germany. Apply now! Despite everything that's going on, we're in a position of strength, continuing to grow and increasing our investments. There has never been a better time to apply!",,,,healthcare,2026-10-07,https://de.indeed.com/Zeige-Job?jk=40301d3ea3f86364,f4532ceaa5f8cfc96ef0ff51c9338e50,Unclassified,No,,,,,Germany
